Save Bit,FC State,Time,Pre-converted Accel X,Pre-converted Accel Y,Pre-converted Accel Z,Pre-converted Gyro X,Pre-converted Gyro Y,Pre-converted Gyro Z,Pre-converted Magnetometer X,Pre-converted Magnetometer Y,Pre-converted Magnetometer Z,Barometric Pressure,Barometric Temperature,Unit Quaternion W,Unit Quaternion X,Unit Quaternion Y,Unit Quaternion Z,Roll Body Rate,Velocity,Velo X,Velo Y,Velo Z,Barometric Altitude,GPS Altitude (ft),GPS Speed (KmH),GPS UTC Time,GPS Longitude (deg),GPS Latitude (deg),GPS North/South,GPS East/West,GPS GLL Status,GPS RMC Status,Canard Feedback
1.0,3.0,0.0,0.0366,-0.0583,14.6354,0.0292,-0.0092,0.0109,0.0258,-0.0333,0.0314,101325.0,30.0,0.3827,0.0,0.0,0.9239,0.0016,26.8246,18.9663,-18.9663,0.3464,0.0,0.0,96.5687,120000.000,-113.1389,33.8221,b'N',b'W',b'\x00',b'A',0.0
1.0,3.0,0.05,-0.1248,0.0504,14.9423,0.0014,-0.0266,-0.0201,0.0153,0.0202,-0.0034,101324.7919,29.9999,0.3827,0.0,0.0,0.9239,0.0024,26.8269,18.9663,-18.9663,0.4899,0.0568,0.0568,96.5767,120000.050,-113.1389,33.8221,b'N',b'W',b'\x00',b'A',0.0
1.0,3.0,0.1,0.0901,-0.0123,15.3991,0.0161,0.0395,-0.0284,-0.0139,-0.0018,-0.0265,101324.4114,29.9997,0.3827,0.0,0.0,0.9239,-0.0056,26.8322,18.9663,-18.9663,0.7269,0.1607,0.1607,96.5961,120000.100,-113.1389,33.8221,b'N',b'W',b'\x00',b'A',0.0
1.0,3.0,0.15,0.1129,-0.0781,15.7924,-0.033,-0.0121,-0.0038,0.0008,0.0158,0.0133,101323.9187,29.9994,0.3827,0.0,0.0,0.9239,-0.0014,26.8374,18.9663,-18.9663,0.8958,0.2953,0.2953,96.6145,120000.150,-113.1389,33.8221,b'N',b'W',b'\x00',b'A',0.0
1.0,3.0,0.2,-0.2341,-0.0809,16.622,0.0294,-0.0114,0.0082,-0.006,0.0138,0.0156,101323.3353,29.9991,0.3827,0.0,0.0,0.9239,0.0216,26.8424,18.9663,-18.9663,1.0366,0.4546,0.4546,96.6327,120000.200,-113.1389,33.8221,b'N',b'W',b'\x00',b'A',0.0
1.0,3.0,0.25,-0.1563,-0.0855,17.0918,0.0157,-0.0013,-0.0328,-0.0226,-0.0155,0.0314,101322.6735,29.9987,0.3827,0.0,0.0,0.9239,0.0212,26.8475,18.9663,-18.9663,1.16,0.6354,0.6354,96.6509,120000.250,-113.1389,33.8221,b'N',b'W',b'\x00',b'A',0.0
1.0,3.0,0.3,0.0153,-0.1055,17.3829,-0.0008,0.0013,0.0141,0.0036,-0.0183,0.0256,101321.9417,29.9983,0.3827,0.0,0.0,0.9239,-0.0105,26.8525,18.9663,-18.9663,1.2714,0.8352,0.8352,96.6691,120000.300,-113.1389,33.8221,b'N',b'W',b'\x00',b'A',0.0
1.0,3.0,0.35,-0.0379,0.2738,18.2783,0.0129,-0.0077,0.0153,-0.0083,0.0131,0.0389,101321.1462,29.9979,0.3827,0.0,0.0,0.9239,-0.0091,26.8576,18.9663,-18.9663,1.3737,1.0525,1.0525,96.6872,120000.350,-113.1388,33.8221,b'N',b'W',b'\x00',b'A',0.0
1.0,3.0,0.4,-0.002,0.0357,18.8685,-0.0153,-0.0003,0.0009,-0.0191,-0.0061,0.0124,101320.2916,29.9975,0.3827,0.0,0.0,0.9239,-0.0106,26.8626,18.9663,-18.9663,1.4688,1.2859,1.2859,96.7053,120000.400,-113.1388,33.822,b'N',b'W',b'\x00',b'A',0.0
1.0,3.0,0.45,-0.1024,0.1064,19.9084,-0.0116,-0.0008,-0.0174,-0.0296,0.0187,0.0046,101319.3818,29.997,0.3827,0.0,0.0,0.9239,0.0106,26.8676,18.9663,-18.9663,1.5581,1.5344,1.5344,96.7234,120000.450,-113.1388,33.822,b'N',b'W',b'\x00',b'A',0.0
1.0,3.0,0.5,0.1055,-0.0587,20.1066,-0.0093,0.0035,-0.0196,-0.0313,-0.0036,-0.0277,101318.4199,29.9964,0.3827,0.0,0.0,0.9239,-0.004,26.8726,18.9663,-18.9663,1.6425,1.7971,1.7971,96.7415,120000.500,-113.1388,33.822,b'N',b'W',b'\x00',b'A',0.0
1.0,3.0,0.55,0.0933,-0.0223,20.8552,-0.0371,-0.0471,0.0205,-0.0074,0.0205,0.0062,101317.4087,29.9959,0.3827,0.0,0.0,0.9239,0.0024,26.8777,18.9663,-18.9663,1.7227,2.0733,2.0733,96.7596,120000.550,-113.1388,33.822,b'N',b'W',b'\x00',b'A',0.0
1.0,3.0,0.6,0.0079,-0.0856,21.9645,0.0172,0.0376,-0.0302,-0.0017,0.0085,-0.0111,101316.3505,29.9953,0.3827,0.0,0.0,0.9239,0.02,26.8827,18.9663,-18.9663,1.7994,2.3623,2.3623,96.7777,120000.600,-113.1388,33.822,b'N',b'W',b'\x00',b'A',0.0
1.0,3.0,0.65,0.1353,-0.3182,22.7423,0.0238,-0.0029,0.0213,-0.0175,0.0058,0.0042,101315.2472,29.9947,0.3827,0.0,0.0,0.9239,-0.0001,26.8877,18.9663,-18.9663,1.8729,2.6636,2.6636,96.7958,120000.650,-113.1388,33.822,b'N',b'W',b'\x00',b'A',0.0
1.0,3.0,0.7,0.0561,-0.1654,23.1792,-0.014,0.0116,-0.0033,0.013,-0.0075,0.0011,101314.1007,29.9941,0.3827,0.0,0.0,0.9239,0.0071,26.8927,18.9663,-18.9663,1.9436,2.9768,2.9768,96.8138,120000.700,-113.1388,33.822,b'N',b'W',b'\x00',b'A',0.0
1.0,3.0,0.75,-0.1031,-0.2173,23.9564,0.007,-0.0276,-0.0019,-0.0013,0.0046,0.0094,101312.9125,29.9935,0.3827,0.0,0.0,0.9239,0.0052,26.8977,18.9663,-18.9663,2.0118,3.3013,3.3013,96.8319,120000.750,-113.1388,33.822,b'N',b'W',b'\x00',b'A',0.0
1.0,3.0,0.8,0.0443,-0.27,24.9084,-0.0053,-0.0094,-0.0342,0.0115,0.0239,-0.0019,101311.6841,29.9928,0.3827,0.0,0.0,0.9239,-0.0059,26.9028,18.9663,-18.9663,2.0778,3.6368,3.6368,96.8499,120000.800,-113.1388,33.822,b'N',b'W',b'\x00',b'A',0.0
1.0,3.0,0.85,-0.1151,-0.1434,25.2324,0.0066,-0.0134,-0.0029,-0.0037,-0.0011,0.0187,101310.4167,29.9921,0.3827,0.0,0.0,0.9239,0.0106,26.9078,18.9663,-18.9663,2.1417,3.983,3.983,96.868,120000.850,-113.1387,33.822,b'N',b'W',b'\x00',b'A',0.0
1.0,3.0,0.9,0.1054,0.159,26.0646,-0.0126,0.0294,0.0123,-0.0157,0.0106,-0.0545,101309.1115,29.9914,0.3827,0.0,0.0,0.9239,-0.0085,26.9128,18.9663,-18.9663,2.2038,4.3395,4.3395,96.886,120000.900,-113.1387,33.822,b'N',b'W',b'\x00',b'A',0.0
1.0,3.0,0.95,-0.006,-0.0053,27.0567,-0.0177,-0.0117,-0.0267,0.0023,0.0009,0.0038,101307.7696,29.9907,0.3827,0.0,0.0,0.9239,0.0134,26.9178,18.9663,-18.9663,2.2641,4.706,4.706,96.904,120000.950,-113.1387,33.8219,b'N',b'W',b'\x00',b'A',0.0
1.0,4.0,1.0,-0.0222,0.1549,28.0747,0.021,0.0152,0.01,-0.0253,0.0025,0.024,101306.392,29.9899,0.3827,0.0,0.0,0.9239,-0.0059,26.9228,18.9663,-18.9663,2.3229,5.0823,5.0823,96.9221,120001.000,-113.1387,33.8219,b'N',b'W',b'\x00',b'A',0.0
1.0,4.0,1.05,-0.0817,0.0493,28.5043,-0.0013,-0.013,0.0018,0.0108,0.0345,0.0374,101304.9796,29.9892,0.3827,0.0,0.0,0.9239,-0.0048,26.9278,18.9663,-18.9663,2.3801,5.4681,5.4681,96.9401,120001.050,-113.1387,33.8219,b'N',b'W',b'\x00',b'A',0.0
1.0,4.0,1.1,0.1467,0.0939,29.2918,0.0404,-0.0091,-0.0129,-0.0187,0.024,0.0146,101303.5332,29.9884,0.3827,0.0,0.0,0.9239,-0.0109,26.9328,18.9663,-18.9663,2.4361,5.8632,5.8632,96.9581,120001.100,-113.1387,33.8219,b'N',b'W',b'\x00',b'A',0.0
1.0,4.0,1.15,-0.0185,-0.1081,30.1289,0.0009,-0.0049,0.0171,0.0184,0.0016,0.0337,101302.0536,29.9876,0.3827,0.0,0.0,0.9239,-0.0092,26.9378,18.9663,-18.9663,2.4907,6.2673,6.2673,96.9761,120001.150,-113.1387,33.8219,b'N',b'W',b'\x00',b'A',0.0
1.0,4.0,1.2,-0.0514,0.0629,30.9279,-0.0185,0.0257,-0.044,-0.0068,0.0043,0.0034,101300.5416,29.9868,0.3827,0.0,0.0,0.9239,-0.0043,26.9428,18.9663,-18.9663,2.5442,6.6803,6.6803,96.9941,120001.200,-113.1387,33.8219,b'N',b'W',b'\x00',b'A',0.0
1.0,4.0,1.25,-0.0423,0.0874,31.1447,0.0245,-0.0378,0.0069,0.0213,-0.014,0.0001,101298.9978,29.9859,0.3827,0.0,0.0,0.9239,-0.0243,26.9478,18.9663,-18.9663,2.5965,7.102,7.102,97.012,120001.250,-113.1387,33.8219,b'N',b'W',b'\x00',b'A',0.0
1.0,4.0,1.3,0.0639,-0.0692,31.8103,0.0126,-0.0263,0.0324,-0.0225,-0.0035,0.0106,101297.423,29.9851,0.3827,0.0,0.0,0.9239,-0.0023,26.9528,18.9663,-18.9663,2.6478,7.5322,7.5322,97.03,120001.300,-113.1386,33.8219,b'N',b'W',b'\x00',b'A',0.0
1.0,4.0,1.35,0.0439,0.0671,32.626,0.0145,-0.0389,0.0288,-0.0136,0.0062,-0.0001,101295.8176,29.9842,0.3827,0.0,0.0,0.9239,-0.0051,26.9578,18.9663,-18.9663,2.6981,7.9708,7.9708,97.048,120001.350,-113.1386,33.8219,b'N',b'W',b'\x00',b'A',0.0
1.0,4.0,1.4,0.0495,0.0679,32.6186,0.0238,-0.0218,0.0078,0.0076,0.017,-0.0156,101294.1824,29.9833,0.3827,0.0,0.0,0.9239,0.0079,26.9628,18.9663,-18.9663,2.7475,8.4174,8.4174,97.0659,120001.400,-113.1386,33.8219,b'N',b'W',b'\x00',b'A',0.0
1.0,4.0,1.45,0.0517,-0.0659,33.4461,-0.0131,-0.0162,-0.006,0.0234,0.015,-0.0103,101292.5178,29.9824,0.3827,0.0,0.0,0.9239,0.0042,26.9677,18.9663,-18.9663,2.796,8.8722,8.8722,97.0838,120001.450,-113.1386,33.8219,b'N',b'W',b'\x00',b'A',0.0
1.0,4.0,1.5,0.257,-0.1347,33.5319,-0.0025,-0.0323,-0.0127,0.0333,-0.0222,-0.0222,101290.8244,29.9815,0.3827,0.0,0.0,0.9239,-0.0071,26.9727,18.9663,-18.9663,2.8436,9.3348,9.3348,97.1018,120001.500,-113.1386,33.8219,b'N',b'W',b'\x00',b'A',0.0
1.0,4.0,1.55,-0.0488,-0.1421,34.0374,-0.0034,-0.0147,-0.0061,0.0008,0.0195,0.0106,101289.1026,29.9806,0.3827,0.0,0.0,0.9239,-0.0046,26.9777,18.9663,-18.9663,2.8905,9.8051,9.8051,97.1197,120001.550,-113.1386,33.8218,b'N',b'W',b'\x00',b'A',0.0
1.0,4.0,1.6,-0.0615,0.0104,34.2652,-0.0258,-0.0403,0.0109,0.0368,-0.0018,0.0002,101287.353,29.9796,0.3827,0.0,0.0,0.9239,-0.0023,26.9827,18.9663,-18.9663,2.9366,10.2831,10.2831,97.1376,120001.600,-113.1386,33.8218,b'N',b'W',b'\x00',b'A',0.0
1.0,4.0,1.65,-0.0977,0.0392,34.3776,-0.0053,-0.0204,-0.0161,-0.0058,-0.0197,-0.0072,101285.576,29.9787,0.3827,0.0,0.0,0.9239,0.0149,26.9876,18.9663,-18.9663,2.9819,10.7686,10.7686,97.1555,120001.650,-113.1386,33.8218,b'N',b'W',b'\x00',b'A',0.0
1.0,4.0,1.7,0.0739,-0.0951,34.532,0.0267,0.024,0.0151,0.022,0.0267,-0.0113,101283.772,29.9777,0.3827,0.0,0.0,0.9239,-0.0082,26.9926,18.9663,-18.9663,3.0265,11.2614,11.2614,97.1734,120001.700,-113.1386,33.8218,b'N',b'W',b'\x00',b'A',0.0
1.0,4.0,1.75,0.1355,0.0032,34.8162,0.0047,0.0081,0.0427,-0.0188,0.0293,0.0101,101281.9413,29.9767,0.3827,0.0,0.0,0.9239,-0.0072,26.9976,18.9663,-18.9663,3.0705,11.7615,11.7615,97.1913,120001.750,-113.1386,33.8218,b'N',b'W',b'\x00',b'A',0.0
1.0,4.0,1.8,-0.0137,0.0685,34.956,-0.0269,0.0037,-0.0012,0.0084,0.0053,0.0156,101280.0846,29.9757,0.3827,0.0,0.0,0.9239,-0.0113,27.0025,18.9663,-18.9663,3.1139,12.2688,12.2688,97.2092,120001.800,-113.1385,33.8218,b'N',b'W',b'\x00',b'A',0.0
1.0,4.0,1.85,-0.1008,0.0742,34.7553,-0.0311,-0.0201,-0.0269,-0.0468,0.0142,-0.0226,101278.202,29.9747,0.3827,0.0,0.0,0.9239,-0.0148,27.0075,18.9663,-18.9663,3.1566,12.7831,12.7831,97.227,120001.850,-113.1385,33.8218,b'N',b'W',b'\x00',b'A',0.0
1.0,4.0,1.9,-0.0989,0.1862,34.6899,0.0333,-0.0307,-0.0269,-0.0224,0.0153,-0.0258,101276.2939,29.9736,0.3827,0.0,0.0,0.9239,0.0031,27.0125,18.9663,-18.9663,3.1987,13.3044,13.3044,97.2449,120001.900,-113.1385,33.8218,b'N',b'W',b'\x00',b'A',0.0
1.0,4.0,1.95,0.0781,0.1532,34.607,-0.0018,-0.0228,0.0155,0.0093,0.0279,0.0191,101274.3608,29.9726,0.3827,0.0,0.0,0.9239,0.002,27.0174,18.9663,-18.9663,3.2403,13.8326,13.8326,97.2627,120001.950,-113.1385,33.8218,b'N',b'W',b'\x00',b'A',0.0
1.0,4.0,2.0,0.0892,-0.1202,34.1559,-0.0129,-0.0009,-0.0012,-0.0262,0.0146,-0.0275,101272.4029,29.9715,0.3827,0.0,0.0,0.9239,0.0128,27.0224,18.9663,-18.9663,3.2813,14.3675,14.3675,97.2805,120002.000,-113.1385,33.8218,b'N',b'W',b'\x00',b'A',0.0
1.0,4.0,2.05,0.0652,0.202,34.133,-0.0055,0.0174,0.0175,0.0085,-0.0266,0.0109,101270.4205,29.9705,0.3827,0.0,0.0,0.9239,0.0104,27.0273,18.9663,-18.9663,3.3218,14.9091,14.9091,97.2983,120002.050,-113.1385,33.8218,b'N',b'W',b'\x00',b'A',0.0
1.0,4.0,2.1,-0.0799,-0.0637,33.8075,-0.0295,0.018,-0.0107,0.0181,0.0402,0.0323,101268.4141,29.9694,0.3827,0.0,0.0,0.9239,0.024,27.0323,18.9663,-18.9663,3.3618,15.4573,15.4573,97.3161,120002.100,-113.1385,33.8218,b'N',b'W',b'\x00',b'A',0.0
1.0,4.0,2.15,0.0279,0.1254,33.6825,0.0285,0.0126,0.0166,-0.01,0.0213,0.0324,101266.3838,29.9683,0.3827,0.0,0.0,0.9239,-0.0007,27.0372,18.9663,-18.9663,3.4013,16.0121,16.0121,97.3339,120002.150,-113.1385,33.8217,b'N',b'W',b'\x00',b'A',0.0
1.0,4.0,2.2,0.014,0.0082,32.7905,-0.0079,-0.0148,-0.0032,-0.0194,-0.0102,0.0148,101264.3299,29.9672,0.3827,0.0,0.0,0.9239,-0.0026,27.0421,18.9663,-18.9663,3.4403,16.5733,16.5733,97.3517,120002.200,-113.1385,33.8217,b'N',b'W',b'\x00',b'A',0.0
1.0,4.0,2.25,0.0262,-0.0495,32.284,0.0273,0.0005,-0.0147,-0.0095,-0.0206,0.0142,101262.2528,29.966,0.3827,0.0,0.0,0.9239,-0.013,27.0471,18.9663,-18.9663,3.4789,17.1408,17.1408,97.3694,120002.250,-113.1385,33.8217,b'N',b'W',b'\x00',b'A',0.0
1.0,4.0,2.3,0.1046,-0.2169,31.9282,0.001,-0.0064,-0.008,-0.0193,0.0101,0.045,101260.1528,29.9649,0.3827,0.0,0.0,0.9239,0.007,27.052,18.9663,-18.9663,3.517,17.7146,17.7146,97.3872,120002.300,-113.1384,33.8217,b'N',b'W',b'\x00',b'A',0.0
1.0,4.0,2.35,0.0268,-0.0206,31.3541,0.0286,-0.004,-0.0239,-0.002,-0.0056,-0.0467,101258.03,29.9638,0.3827,0.0,0.0,0.9239,0.0012,27.0569,18.9663,-18.9663,3.5547,18.2947,18.2947,97.4049,120002.350,-113.1384,33.8217,b'N',b'W',b'\x00',b'A',0.0
1.0,4.0,2.4,0.0815,-0.1871,30.5316,0.0051,0.0407,0.0398,0.002,0.0066,-0.0093,101255.8847,29.9626,0.3827,0.0,0.0,0.9239,0.0065,27.0618,18.9663,-18.9663,3.592,18.8809,18.8809,97.4227,120002.400,-113.1384,33.8217,b'N',b'W',b'\x00',b'A',0.0
1.0,4.0,2.45,0.0081,0.1161,29.8984,0.0171,-0.0352,-0.0019,-0.0061,0.0149,0.017,101253.7172,29.9614,0.3827,0.0,0.0,0.9239,-0.0114,27.0668,18.9663,-18.9663,3.6289,19.4732,19.4732,97.4404,120002.450,-113.1384,33.8217,b'N',b'W',b'\x00',b'A',0.0
1.0,4.0,2.5,0.0347,0.182,29.3578,0.0144,-0.0047,0.0129,0.0335,-0.0113,-0.0067,101251.5278,29.9602,0.3827,0.0,0.0,0.9239,0.0035,27.0717,18.9663,-18.9663,3.6654,20.0715,20.0715,97.4581,120002.500,-113.1384,33.8217,b'N',b'W',b'\x00',b'A',0.0
1.0,4.0,2.55,0.0758,-0.0956,28.4455,0.0125,0.0242,-0.0107,-0.0144,-0.0223,0.0248,101249.3165,29.959,0.3827,0.0,0.0,0.9239,0.0021,27.0766,18.9663,-18.9663,3.7015,20.6757,20.6757,97.4757,120002.550,-113.1384,33.8217,b'N',b'W',b'\x00',b'A',0.0
1.0,4.0,2.6,-0.1749,0.0362,27.7806,0.007,-0.0293,-0.021,0.0278,0.0077,-0.0008,101247.0838,29.9578,0.3827,0.0,0.0,0.9239,0.0014,27.0815,18.9663,-18.9663,3.7372,21.2859,21.2859,97.4934,120002.600,-113.1384,33.8217,b'N',b'W',b'\x00',b'A',0.0
1.0,4.0,2.65,-0.0384,-0.087,27.1123,-0.0047,-0.0129,-0.0047,-0.0208,-0.0107,0.0026,101244.8298,29.9566,0.3827,0.0,0.0,0.9239,-0.0068,27.0864,18.9663,-18.9663,3.7726,21.9018,21.9018,97.5111,120002.650,-113.1384,33.8217,b'N',b'W',b'\x00',b'A',0.0
1.0,4.0,2.7,-0.0564,-0.0754,26.4932,0.0383,-0.0106,0.022,0.0015,0.0029,-0.0055,101242.5547,29.9554,0.3827,0.0,0.0,0.9239,0.0119,27.0913,18.9663,-18.9663,3.8076,22.5236,22.5236,97.5287,120002.700,-113.1384,33.8217,b'N',b'W',b'\x00',b'A',0.0
1.0,4.0,2.75,-0.0767,0.0929,25.4908,-0.0181,-0.0045,-0.0104,0.0237,-0.0269,-0.0105,101240.2587,29.9541,0.3827,0.0,0.0,0.9239,0.0205,27.0962,18.9663,-18.9663,3.8423,23.151,23.151,97.5463,120002.750,-113.1384,33.8216,b'N',b'W',b'\x00',b'A',0.0
1.0,4.0,2.8,-0.033,-0.0046,24.5396,0.0001,-0.0319,-0.0174,0.0226,-0.005,-0.0109,101237.9421,29.9529,0.3827,0.0,0.0,0.9239,-0.0111,27.1011,18.9663,-18.9663,3.8766,23.7842,23.7842,97.5639,120002.800,-113.1383,33.8216,b'N',b'W',b'\x00',b'A',0.0
1.0,4.0,2.85,0.1794,0.2088,23.7637,0.0003,0.0119,0.0031,-0.0084,0.0143,0.0054,101235.6049,29.9516,0.3827,0.0,0.0,0.9239,0.0072,27.106,18.9663,-18.9663,3.9106,24.4229,24.4229,97.5815,120002.850,-113.1383,33.8216,b'N',b'W',b'\x00',b'A',0.0
1.0,4.0,2.9,-0.1039,-0.0579,23.1021,0.008,0.0133,0.01,0.0111,0.0121,-0.0155,101233.2475,29.9503,0.3827,0.0,0.0,0.9239,-0.0288,27.1109,18.9663,-18.9663,3.9443,25.0672,25.0672,97.5991,120002.900,-113.1383,33.8216,b'N',b'W',b'\x00',b'A',0.0
1.0,4.0,2.95,0.1162,0.1199,22.3418,-0.0086,0.0102,0.0329,0.0084,-0.0158,0.0191,101230.87,29.949,0.3827,0.0,0.0,0.9239,0.0067,27.1157,18.9663,-18.9663,3.9777,25.717,25.717,97.6167,120002.950,-113.1383,33.8216,b'N',b'W',b'\x00',b'A',0.0
1.0,4.0,3.0,-0.2019,0.0117,21.7748,0.0063,-0.0174,0.0071,-0.0108,-0.0234,0.0131,101228.4726,29.9478,0.3827,0.0,0.0,0.9239,-0.0187,27.1206,18.9663,-18.9663,4.0108,26.3722,26.3722,97.6342,120003.000,-113.1383,33.8216,b'N',b'W',b'\x00',b'A',0.0
1.0,4.0,3.05,-0.0402,0.0955,20.8931,-0.0034,0.0017,0.0129,0.0123,0.0003,0.022,101226.0555,29.9464,0.3827,0.0,0.0,0.9239,-0.0052,27.1255,18.9663,-18.9663,4.0436,27.0328,27.0328,97.6517,120003.050,-113.1383,33.8216,b'N',b'W',b'\x00',b'A',0.0
1.0,4.0,3.1,0.0195,-0.0537,20.2566,-0.0316,-0.018,0.0144,0.0372,0.0112,-0.0226,101223.6188,29.9451,0.3827,0.0,0.0,0.9239,-0.0131,27.1303,18.9663,-18.9663,4.0761,27.6988,27.6988,97.6693,120003.100,-113.1383,33.8216,b'N',b'W',b'\x00',b'A',0.0
1.0,4.0,3.15,0.0703,-0.0059,19.5559,0.0002,-0.0067,-0.0231,0.0094,0.0081,-0.034,101221.1628,29.9438,0.3827,0.0,0.0,0.9239,-0.0022,27.1352,18.9663,-18.9663,4.1083,28.3701,28.3701,97.6868,120003.150,-113.1383,33.8216,b'N',b'W',b'\x00',b'A',0.0
1.0,4.0,3.2,0.0853,-0.0139,18.9376,-0.022,0.0431,-0.0193,0.0113,-0.0102,-0.0001,101218.6875,29.9425,0.3827,0.0,0.0,0.9239,0.0084,27.1401,18.9663,-18.9663,4.1403,29.0467,29.0467,97.7042,120003.200,-113.1383,33.8216,b'N',b'W',b'\x00',b'A',0.0
1.0,4.0,3.25,0.0952,-0.1003,18.5571,-0.0347,0.0019,-0.0217,0.0134,0.006,0.058,101216.1932,29.9411,0.3827,0.0,0.0,0.9239,-0.0186,27.1449,18.9663,-18.9663,4.172,29.7285,29.7285,97.7217,120003.250,-113.1382,33.8216,b'N',b'W',b'\x00',b'A',0.0
1.0,4.0,3.3,-0.0418,0.0794,17.838,0.0027,-0.0238,-0.0266,-0.0292,0.03,0.0253,101213.68,29.9397,0.3827,0.0,0.0,0.9239,-0.0036,27.1498,18.9663,-18.9663,4.2034,30.4155,30.4155,97.7391,120003.300,-113.1382,33.8215,b'N',b'W',b'\x00',b'A',0.0
1.0,4.0,3.35,-0.0555,0.078,17.1474,0.0098,0.0036,0.0159,0.0092,0.0041,-0.0111,101211.1481,29.9384,0.3827,0.0,0.0,0.9239,-0.0051,27.1546,18.9663,-18.9663,4.2346,31.1076,31.1076,97.7566,120003.350,-113.1382,33.8215,b'N',b'W',b'\x00',b'A',0.0
1.0,4.0,3.4,0.103,0.0712,16.5092,0.0105,-0.027,0.0058,-0.0203,-0.0327,0.0085,101208.5976,29.937,0.3827,0.0,0.0,0.9239,0.0158,27.1594,18.9663,-18.9663,4.2655,31.8048,31.8048,97.774,120003.400,-113.1382,33.8215,b'N',b'W',b'\x00',b'A',0.0
1.0,4.0,3.45,-0.023,0.1844,15.9746,0.0113,-0.024,0.0016,-0.0118,0.0041,0.0146,101206.0287,29.9356,0.3827,0.0,0.0,0.9239,0.0043,27.1643,18.9663,-18.9663,4.2961,32.507,32.507,97.7914,120003.450,-113.1382,33.8215,b'N',b'W',b'\x00',b'A',0.0
1.0,4.0,3.5,-0.1531,0.1739,15.5782,-0.0387,-0.0208,-0.0519,0.0432,0.0409,-0.0274,101203.4415,29.9342,0.3827,0.0,0.0,0.9239,-0.0118,27.1691,18.9663,-18.9663,4.3265,33.2142,33.2142,97.8088,120003.500,-113.1382,33.8215,b'N',b'W',b'\x00',b'A',0.0
1.0,4.0,3.55,-0.136,-0.045,15.1346,-0.0272,-0.0089,0.0411,-0.0051,-0.0257,0.0274,101200.8362,29.9328,0.3827,0.0,0.0,0.9239,-0.0047,27.1739,18.9663,-18.9663,4.3567,33.9265,33.9265,97.8261,120003.550,-113.1382,33.8215,b'N',b'W',b'\x00',b'A',0.0
1.0,4.0,3.6,-0.1103,0.0448,14.4571,0.0395,0.0187,-0.0179,-0.0148,0.0006,-0.0033,101198.2129,29.9314,0.3827,0.0,0.0,0.9239,0.0156,27.1787,18.9663,-18.9663,4.3867,34.6436,34.6436,97.8435,120003.600,-113.1382,33.8215,b'N',b'W',b'\x00',b'A',0.0
1.0,4.0,3.65,0.0597,-0.0748,14.1731,-0.0209,0.0116,0.041,0.0231,-0.0045,-0.0018,101195.5718,29.9299,0.3827,0.0,0.0,0.9239,0.0071,27.1836,18.9663,-18.9663,4.4164,35.3657,35.3657,97.8608,120003.650,-113.1382,33.8215,b'N',b'W',b'\x00',b'A',0.0
1.0,4.0,3.7,0.0171,0.0028,13.4651,0.0122,0.0105,-0.029,-0.019,0.0019,0.0005,101192.913,29.9285,0.3827,0.0,0.0,0.9239,-0.0092,27.1884,18.9663,-18.9663,4.4459,36.0926,36.0926,97.8781,120003.700,-113.1382,33.8215,b'N',b'W',b'\x00',b'A',0.0
1.0,4.0,3.75,0.0829,-0.072,13.4308,-0.0137,-0.022,-0.0162,-0.0089,0.0039,0.0229,101190.2365,29.927,0.3827,0.0,0.0,0.9239,-0.0027,27.1932,18.9663,-18.9663,4.4751,36.8243,36.8243,97.8954,120003.750,-113.1381,33.8215,b'N',b'W',b'\x00',b'A',0.0
1.0,4.0,3.8,-0.0513,0.1944,13.169,0.0016,-0.0108,-0.0441,0.025,0.0228,-0.0151,101187.5427,29.9256,0.3827,0.0,0.0,0.9239,-0.0024,27.198,18.9663,-18.9663,4.5042,37.5608,37.5608,97.9127,120003.800,-113.1381,33.8215,b'N',b'W',b'\x00',b'A',0.0
1.0,4.0,3.85,0.019,0.0436,12.6939,-0.0127,0.0054,0.0072,0.0009,0.0017,-0.0341,101184.8315,29.9241,0.3827,0.0,0.0,0.9239,-0.0054,27.2028,18.9663,-18.9663,4.533,38.302,38.302,97.9299,120003.850,-113.1381,33.8215,b'N',b'W',b'\x00',b'A',0.0
1.0,4.0,3.9,0.0751,-0.0262,12.7141,0.0112,-0.0126,-0.022,-0.0312,0.0255,0.0065,101182.1032,29.9226,0.3827,0.0,0.0,0.9239,-0.0171,27.2075,18.9663,-18.9663,4.5617,39.048,39.048,97.9471,120003.900,-113.1381,33.8214,b'N',b'W',b'\x00',b'A',0.0
1.0,4.0,3.95,-0.0371,0.1432,12.0387,0.0027,-0.0056,-0.0215,0.0109,-0.0024,-0.0409,101179.3578,29.9212,0.3827,0.0,0.0,0.9239,-0.0068,27.2123,18.9663,-18.9663,4.5901,39.7987,39.7987,97.9643,120003.950,-113.1381,33.8214,b'N',b'W',b'\x00',b'A',0.0
1.0,4.0,4.0,0.0548,-0.2605,9.8393,-0.009,0.0088,-0.0275,-0.0079,-0.007,-0.006,101176.5954,29.9197,0.3827,0.0,0.0,0.9239,0.0139,27.2171,18.9663,-18.9663,4.6183,40.5539,40.5539,97.9815,120004.000,-113.1381,33.8214,b'N',b'W',b'\x00',b'A',0.0
1.0,4.0,4.05,-0.0794,-0.2417,9.8013,-0.021,-0.007,0.0155,0.0308,-0.0134,0.0237,101173.8163,29.9181,0.3827,0.0,0.0,0.9239,-0.0038,27.2219,18.9663,-18.9663,4.6464,41.3138,41.3138,97.9987,120004.050,-113.1381,33.8214,b'N',b'W',b'\x00',b'A',0.0
1.0,4.0,4.1,-0.0436,0.0955,9.7916,0.0054,0.0045,0.0142,-0.0121,-0.0363,0.0116,101171.0205,29.9166,0.3827,0.0,0.0,0.9239,-0.001,27.2266,18.9663,-18.9663,4.6742,42.0783,42.0783,98.0159,120004.100,-113.1381,33.8214,b'N',b'W',b'\x00',b'A',0.0
1.0,4.0,4.15,-0.0458,0.0073,9.7895,-0.0243,0.0319,0.0362,0.021,0.0055,0.0208,101168.208,29.9151,0.3827,0.0,0.0,0.9239,0.0014,27.2314,18.9663,-18.9663,4.7018,42.8474,42.8474,98.033,120004.150,-113.1381,33.8214,b'N',b'W',b'\x00',b'A',0.0
1.0,4.0,4.2,-0.1435,0.0301,9.8227,0.0085,-0.0034,-0.0137,0.0355,0.0411,0.0124,101165.3792,29.9136,0.3827,0.0,0.0,0.9239,0.0222,27.2361,18.9663,-18.9663,4.7293,43.6209,43.6209,98.0501,120004.200,-113.1381,33.8214,b'N',b'W',b'\x00',b'A',0.0
1.0,4.0,4.25,0.0584,-0.1592,9.9338,0.0525,0.0236,0.0044,-0.017,0.0092,0.0482,101162.534,29.912,0.3827,0.0,0.0,0.9239,0.0001,27.2409,18.9663,-18.9663,4.7565,44.399,44.399,98.0672,120004.250,-113.138,33.8214,b'N',b'W',b'\x00',b'A',0.0
1.0,4.0,4.3,-0.0563,-0.0028,10.0133,0.027,0.0112,-0.0258,-0.0039,0.0137,-0.0118,101159.6725,29.9105,0.3827,0.0,0.0,0.9239,0.0109,27.2456,18.9663,-18.9663,4.7836,45.1815,45.1815,98.0842,120004.300,-113.138,33.8214,b'N',b'W',b'\x00',b'A',0.0
1.0,4.0,4.35,0.0015,0.2404,9.8063,0.0144,-0.0293,-0.0067,0.0078,-0.0083,0.008,101156.7949,29.9089,0.3827,0.0,0.0,0.9239,-0.006,27.2504,18.9663,-18.9663,4.8105,45.9684,45.9684,98.1013,120004.350,-113.138,33.8214,b'N',b'W',b'\x00',b'A',0.0
1.0,4.0,4.4,0.0577,0.0989,9.9289,-0.0017,-0.022,-0.0104,-0.0171,-0.0049,-0.0088,101153.9013,29.9074,0.3827,0.0,0.0,0.9239,-0.0026,27.2551,18.9663,-18.9663,4.8372,46.7597,46.7597,98.1183,120004.400,-113.138,33.8214,b'N',b'W',b'\x00',b'A',0.0
1.0,4.0,4.45,0.0536,0.0204,9.7014,-0.0388,-0.0167,0.0093,0.0054,0.0197,0.0191,101150.9918,29.9058,0.3827,0.0,0.0,0.9239,0.0001,27.2598,18.9663,-18.9663,4.8638,47.5554,47.5554,98.1353,120004.450,-113.138,33.8214,b'N',b'W',b'\x00',b'A',0.0
1.0,4.0,4.5,0.0798,-0.0527,9.9215,-0.0264,-0.0171,0.0203,-0.0045,0.0402,-0.0012,101148.0666,29.9042,0.3827,0.0,0.0,0.9239,-0.0077,27.2645,18.9663,-18.9663,4.8901,48.3554,48.3554,98.1523,120004.500,-113.138,33.8213,b'N',b'W',b'\x00',b'A',0.0
1.0,4.0,4.55,-0.0118,-0.0473,9.6924,0.0257,-0.0018,0.0198,-0.0049,0.0298,0.0344,101145.1256,29.9026,0.3827,0.0,0.0,0.9239,-0.002,27.2692,18.9663,-18.9663,4.9163,49.1598,49.1598,98.1693,120004.550,-113.138,33.8213,b'N',b'W',b'\x00',b'A',0.0
1.0,4.0,4.6,-0.0508,-0.2555,9.9702,-0.0158,0.0123,-0.0169,0.001,0.0161,-0.0106,101142.169,29.901,0.3827,0.0,0.0,0.9239,0.0089,27.2739,18.9663,-18.9663,4.9424,49.9684,49.9684,98.1862,120004.600,-113.138,33.8213,b'N',b'W',b'\x00',b'A',0.0
1.0,4.0,4.65,-0.0096,0.0309,10.1382,-0.014,0.0251,0.02,0.0014,0.0007,0.0281,101139.1969,29.8994,0.3827,0.0,0.0,0.9239,-0.008,27.2786,18.9663,-18.9663,4.9682,50.7813,50.7813,98.2031,120004.650,-113.138,33.8213,b'N',b'W',b'\x00',b'A',0.0
1.0,4.0,4.7,-0.2025,0.1015,9.7883,-0.0033,0.0062,-0.0009,0.0033,0.0042,0.0119,101136.2094,29.8978,0.3827,0.0,0.0,0.9239,0.0,27.2833,18.9663,-18.9663,4.9939,51.5984,51.5984,98.22,120004.700,-113.138,33.8213,b'N',b'W',b'\x00',b'A',0.0
1.0,4.0,4.75,-0.1737,-0.1891,9.4778,-0.0212,-0.0089,-0.0065,-0.012,-0.0151,-0.0006,101133.2067,29.8961,0.3827,0.0,0.0,0.9239,0.0071,27.288,18.9663,-18.9663,5.0195,52.4197,52.4197,98.2369,120004.750,-113.1379,33.8213,b'N',b'W',b'\x00',b'A',0.0
1.0,4.0,4.8,-0.1587,-0.0794,9.7244,-0.0245,-0.0416,-0.0142,-0.0111,-0.029,0.0108,101130.1887,29.8945,0.3827,0.0,0.0,0.9239,-0.0082,27.2927,18.9663,-18.9663,5.0449,53.2452,53.2452,98.2537,120004.800,-113.1379,33.8213,b'N',b'W',b'\x00',b'A',0.0
1.0,4.0,4.85,-0.1197,-0.1389,9.9914,-0.001,0.0014,-0.0112,-0.0024,-0.0225,0.0052,101127.1556,29.8929,0.3827,0.0,0.0,0.9239,0.011,27.2974,18.9663,-18.9663,5.0701,54.0749,54.0749,98.2706,120004.850,-113.1379,33.8213,b'N',b'W',b'\x00',b'A',0.0
1.0,4.0,4.9,0.048,-0.1158,9.8896,-0.0178,0.0005,0.0348,-0.0009,0.001,0.0071,101124.1076,29.8912,0.3827,0.0,0.0,0.9239,0.0007,27.302,18.9663,-18.9663,5.0952,54.9086,54.9086,98.2874,120004.900,-113.1379,33.8213,b'N',b'W',b'\x00',b'A',0.0
1.0,4.0,4.95,-0.1087,0.0064,9.844,-0.0148,0.0037,0.0061,-0.0088,-0.0058,-0.0041,101121.0446,29.8896,0.3827,0.0,0.0,0.9239,-0.0017,27.3067,18.9663,-18.9663,5.1201,55.7465,55.7465,98.3041,120004.950,-113.1379,33.8213,b'N',b'W',b'\x00',b'A',0.0
1.0,4.0,5.0,-0.0454,-0.2501,9.958,-0.0156,0.0421,0.0035,0.0065,-0.0294,-0.014,101117.9668,29.8879,0.3827,0.0,0.0,0.9239,-0.0201,27.3114,18.9663,-18.9663,5.1448,56.5884,56.5884,98.3209,120005.000,-113.1379,33.8213,b'N',b'W',b'\x00',b'A',0.0
1.0,4.0,5.05,0.1559,0.0737,9.8793,0.0104,0.0248,-0.0052,-0.0363,-0.0007,-0.0067,101114.8743,29.8862,0.3827,0.0,0.0,0.9239,-0.0037,27.316,18.9663,-18.9663,5.1695,57.4344,57.4344,98.3376,120005.050,-113.1379,33.8212,b'N',b'W',b'\x00',b'A',0.0
1.0,4.0,5.1,-0.0428,0.0905,9.9893,-0.0046,0.0157,0.0489,-0.0146,-0.0064,-0.0337,101111.7671,29.8845,0.3827,0.0,0.0,0.9239,0.0037,27.3207,18.9663,-18.9663,5.1939,58.2845,58.2845,98.3543,120005.100,-113.1379,33.8212,b'N',b'W',b'\x00',b'A',0.0
1.0,4.0,5.15,0.0885,-0.0301,9.9446,-0.0036,-0.0192,0.0261,-0.0056,-0.0235,0.0168,101108.6454,29.8828,0.3827,0.0,0.0,0.9239,0.0175,27.3253,18.9663,-18.9663,5.2182,59.1385,59.1385,98.371,120005.150,-113.1379,33.8212,b'N',b'W',b'\x00',b'A',0.0
1.0,4.0,5.2,-0.112,-0.2977,10.0349,0.0119,-0.0103,-0.0144,-0.0171,-0.0074,-0.0247,101105.5092,29.8811,0.3827,0.0,0.0,0.9239,0.0057,27.3299,18.9663,-18.9663,5.2424,59.9965,59.9965,98.3877,120005.200,-113.1378,33.8212,b'N',b'W',b'\x00',b'A',0.0
1.0,4.0,5.25,-0.0247,-0.1196,9.8605,-0.0028,-0.0019,-0.0055,0.0326,-0.0064,-0.0044,101102.3586,29.8794,0.3827,0.0,0.0,0.9239,0.0113,27.3345,18.9663,-18.9663,5.2665,60.8584,60.8584,98.4043,120005.250,-113.1378,33.8212,b'N',b'W',b'\x00',b'A',0.0
1.0,4.0,5.3,-0.114,0.1479,9.9424,-0.0056,-0.0155,-0.0043,0.0004,-0.0123,0.013,101099.1937,29.8777,0.3827,0.0,0.0,0.9239,-0.0121,27.3391,18.9663,-18.9663,5.2904,61.7243,61.7243,98.4209,120005.300,-113.1378,33.8212,b'N',b'W',b'\x00',b'A',0.0
1.0,4.0,5.35,-0.0407,-0.3334,9.7606,0.0094,0.01,0.0029,0.0035,0.0185,0.0168,101096.0147,29.876,0.3827,0.0,0.0,0.9239,-0.0013,27.3438,18.9663,-18.9663,5.3141,62.5941,62.5941,98.4375,120005.350,-113.1378,33.8212,b'N',b'W',b'\x00',b'A',0.0
1.0,4.0,5.4,0.1008,-0.0417,9.7164,0.0134,0.0071,-0.014,-0.0097,-0.0381,-0.0355,101092.8215,29.8743,0.3827,0.0,0.0,0.9239,0.0122,27.3484,18.9663,-18.9663,5.3377,63.4678,63.4678,98.4541,120005.400,-113.1378,33.8212,b'N',b'W',b'\x00',b'A',0.0
1.0,4.0,5.45,-0.2073,-0.1416,10.0627,-0.0029,-0.0218,0.0088,-0.0003,-0.0397,-0.0018,101089.6143,29.8725,0.3827,0.0,0.0,0.9239,-0.0089,27.3529,18.9663,-18.9663,5.3612,64.3453,64.3453,98.4706,120005.450,-113.1378,33.8212,b'N',b'W',b'\x00',b'A',0.0
1.0,4.0,5.5,0.0521,0.0965,9.8391,0.0016,0.0239,0.029,-0.0243,0.0001,0.0092,101086.3931,29.8708,0.3827,0.0,0.0,0.9239,0.0097,27.3575,18.9663,-18.9663,5.3846,65.2267,65.2267,98.4871,120005.500,-113.1378,33.8212,b'N',b'W',b'\x00',b'A',0.0
1.0,4.0,5.55,0.0285,-0.081,9.9274,-0.0156,0.002,-0.0263,-0.0034,0.0019,0.001,101083.1581,29.869,0.3827,0.0,0.0,0.9239,0.0073,27.3621,18.9663,-18.9663,5.4078,66.1119,66.1119,98.5036,120005.550,-113.1378,33.8212,b'N',b'W',b'\x00',b'A',0.0
1.0,4.0,5.6,-0.0713,0.0485,9.8252,-0.0172,-0.0346,-0.0226,-0.0187,0.0081,0.0269,101079.9092,29.8673,0.3827,0.0,0.0,0.9239,0.0027,27.3667,18.9663,-18.9663,5.4309,67.0009,67.0009,98.5201,120005.600,-113.1378,33.8212,b'N',b'W',b'\x00',b'A',0.0
1.0,4.0,5.65,-0.1735,0.0679,9.7187,0.0154,-0.001,-0.0097,-0.0055,-0.0108,-0.0164,101076.6466,29.8655,0.3827,0.0,0.0,0.9239,-0.0033,27.3713,18.9663,-18.9663,5.4538,67.8937,67.8937,98.5365,120005.650,-113.1378,33.8211,b'N',b'W',b'\x00',b'A',0.0
1.0,4.0,5.7,0.0087,0.2203,9.8083,0.0089,0.0056,-0.0087,-0.0512,-0.0184,-0.041,101073.3704,29.8637,0.3827,0.0,0.0,0.9239,-0.0099,27.3758,18.9663,-18.9663,5.4767,68.7903,68.7903,98.5529,120005.700,-113.1377,33.8211,b'N',b'W',b'\x00',b'A',0.0
1.0,4.0,5.75,-0.0635,-0.0244,10.022,0.0091,0.0195,0.04,-0.0226,-0.0001,0.0162,101070.0807,29.8619,0.3827,0.0,0.0,0.9239,0.0178,27.3804,18.9663,-18.9663,5.4994,69.6905,69.6905,98.5693,120005.750,-113.1377,33.8211,b'N',b'W',b'\x00',b'A',0.0
1.0,4.0,5.8,0.0279,0.0451,9.8899,0.0056,-0.0067,0.02,0.0293,-0.0088,-0.0107,101066.7774,29.8601,0.3827,0.0,0.0,0.9239,0.0063,27.3849,18.9663,-18.9663,5.5219,70.5945,70.5945,98.5857,120005.800,-113.1377,33.8211,b'N',b'W',b'\x00',b'A',0.0
1.0,4.0,5.85,0.0026,-0.1782,9.5499,0.0009,0.0166,0.0189,0.0166,0.031,-0.0352,101063.4608,29.8583,0.3827,0.0,0.0,0.9239,0.0034,27.3894,18.9663,-18.9663,5.5444,71.5022,71.5022,98.602,120005.850,-113.1377,33.8211,b'N',b'W',b'\x00',b'A',0.0
1.0,4.0,5.9,0.1922,0.1428,9.7744,0.0139,0.0037,-0.0053,0.0264,-0.0065,-0.0032,101060.1308,29.8565,0.3827,0.0,0.0,0.9239,-0.0041,27.394,18.9663,-18.9663,5.5667,72.4135,72.4135,98.6183,120005.900,-113.1377,33.8211,b'N',b'W',b'\x00',b'A',0.0
1.0,4.0,5.95,-0.0287,-0.0913,10.074,0.0187,-0.0263,-0.0057,0.0278,-0.0011,0.0246,101056.7876,29.8547,0.3827,0.0,0.0,0.9239,0.0004,27.3985,18.9663,-18.9663,5.5889,73.3285,73.3285,98.6346,120005.950,-113.1377,33.8211,b'N',b'W',b'\x00',b'A',0.0
1.0,4.0,6.0,-0.1228,-0.0673,9.7746,0.0182,-0.0283,-0.029,0.0135,0.0495,-0.0253,101053.4311,29.8529,0.3827,0.0,0.0,0.9239,0.0016,27.403,18.9663,-18.9663,5.611,74.2472,74.2472,98.6508,120006.000,-113.1377,33.8211,b'N',b'W',b'\x00',b'A',0.0
1.0,4.0,6.05,0.0215,-0.0027,9.5366,-0.002,0.0225,0.0156,-0.0091,-0.0039,0.0467,101050.0616,29.8511,0.3827,0.0,0.0,0.9239,0.004,27.4075,18.9663,-18.9663,5.633,75.1694,75.1694,98.667,120006.050,-113.1377,33.8211,b'N',b'W',b'\x00',b'A',0.0
1.0,4.0,6.1,0.0264,-0.1875,10.0906,0.0277,0.0239,0.0098,-0.0207,0.0111,-0.0168,101046.679,29.8492,0.3827,0.0,0.0,0.9239,0.0073,27.412,18.9663,-18.9663,5.6548,76.0953,76.0953,98.6832,120006.100,-113.1377,33.8211,b'N',b'W',b'\x00',b'A',0.0
1.0,4.0,6.15,0.1631,0.0275,9.909,0.0046,0.0065,0.0257,0.0229,0.0129,0.0017,101043.2835,29.8474,0.3827,0.0,0.0,0.9239,-0.0078,27.4165,18.9663,-18.9663,5.6765,77.0247,77.0247,98.6994,120006.150,-113.1377,33.8211,b'N',b'W',b'\x00',b'A',0.0
1.0,4.0,6.2,0.1002,0.1161,9.7961,0.0126,0.0299,-0.0042,0.0013,0.0146,-0.0244,101039.8751,29.8456,0.3827,0.0,0.0,0.9239,-0.0147,27.421,18.9663,-18.9663,5.6982,77.9576,77.9576,98.7155,120006.200,-113.1376,33.8211,b'N',b'W',b'\x00',b'A',0.0
1.0,4.0,6.25,0.0428,0.0352,9.7509,0.0056,0.0211,-0.0028,0.0499,0.0058,0.0008,101036.4538,29.8437,0.3827,0.0,0.0,0.9239,0.0008,27.4255,18.9663,-18.9663,5.7196,78.8941,78.8941,98.7316,120006.250,-113.1376,33.821,b'N',b'W',b'\x00',b'A',0.0
1.0,4.0,6.3,0.1756,-0.1907,9.969,0.0049,0.0137,0.0034,-0.0073,0.0039,-0.0027,101033.0198,29.8418,0.3827,0.0,0.0,0.9239,-0.0175,27.4299,18.9663,-18.9663,5.741,79.8342,79.8342,98.7477,120006.300,-113.1376,33.821,b'N',b'W',b'\x00',b'A',0.0
1.0,4.0,6.35,-0.1427,-0.0149,9.7254,-0.0147,-0.0182,0.0178,0.0395,0.002,-0.0298,101029.5731,29.84,0.3827,0.0,0.0,0.9239,-0.0032,27.4344,18.9663,-18.9663,5.7623,80.7777,80.7777,98.7638,120006.350,-113.1376,33.821,b'N',b'W',b'\x00',b'A',0.0
1.0,4.0,6.4,-0.0768,0.089,9.9789,0.014,0.0346,-0.0294,-0.0031,-0.0115,0.0565,101026.1138,29.8381,0.3827,0.0,0.0,0.9239,-0.0051,27.4388,18.9663,-18.9663,5.7835,81.7247,81.7247,98.7798,120006.400,-113.1376,33.821,b'N',b'W',b'\x00',b'A',0.0
1.0,4.0,6.45,-0.1112,-0.2254,9.888,0.0569,0.0107,0.0147,0.0267,0.0065,-0.0099,101022.642,29.8362,0.3827,0.0,0.0,0.9239,0.0049,27.4433,18.9663,-18.9663,5.8045,82.6751,82.6751,98.7958,120006.450,-113.1376,33.821,b'N',b'W',b'\x00',b'A',0.0
1.0,4.0,6.5,-0.0468,-0.129,9.8434,-0.0075,-0.0077,-0.0004,0.0339,0.0406,-0.0099,101019.1577,29.8343,0.3827,0.0,0.0,0.9239,0.0198,27.4477,18.9663,-18.9663,5.8254,83.629,83.629,98.8118,120006.500,-113.1376,33.821,b'N',b'W',b'\x00',b'A',0.0
1.0,4.0,6.55,-0.1652,0.1052,9.8285,0.0014,-0.0134,-0.0212,-0.0205,0.0242,0.0194,101015.6609,29.8324,0.3827,0.0,0.0,0.9239,-0.0194,27.4521,18.9663,-18.9663,5.8463,84.5864,84.5864,98.8277,120006.550,-113.1376,33.821,b'N',b'W',b'\x00',b'A',0.0
1.0,4.0,6.6,0.0762,0.0324,9.7804,-0.0089,0.0051,-0.0417,-0.0097,0.0061,0.0363,101012.1518,29.8305,0.3827,0.0,0.0,0.9239,0.0227,27.4566,18.9663,-18.9663,5.867,85.5471,85.5471,98.8436,120006.600,-113.1376,33.821,b'N',b'W',b'\x00',b'A',0.0
1.0,4.0,6.65,-0.0267,0.0494,9.9635,-0.0098,-0.0334,-0.0027,-0.0207,0.0171,0.0225,101008.6305,29.8286,0.3827,0.0,0.0,0.9239,-0.0023,27.461,18.9663,-18.9663,5.8876,86.5112,86.5112,98.8595,120006.650,-113.1376,33.821,b'N',b'W',b'\x00',b'A',0.0
1.0,4.0,6.7,-0.1765,0.2231,9.6768,0.0309,0.014,0.029,-0.0246,-0.0174,-0.024,101005.0969,29.8267,0.3827,0.0,0.0,0.9239,0.0035,27.4654,18.9663,-18.9663,5.9081,87.4787,87.4787,98.8753,120006.700,-113.1375,33.821,b'N',b'W',b'\x00',b'A',0.0
1.0,4.0,6.75,-0.1219,0.0562,9.5634,-0.0135,-0.0191,0.0335,0.0133,-0.0052,0.0043,101001.5512,29.8248,0.3827,0.0,0.0,0.9239,-0.0141,27.4698,18.9663,-18.9663,5.9285,88.4496,88.4496,98.8912,120006.750,-113.1375,33.821,b'N',b'W',b'\x00',b'A',0.0
1.0,4.0,6.8,0.0376,0.0789,9.8988,-0.0095,0.0074,0.0071,-0.0039,0.019,-0.0376,100997.9933,29.8228,0.3827,0.0,0.0,0.9239,0.01,27.4742,18.9663,-18.9663,5.9488,89.4238,89.4238,98.9069,120006.800,-113.1375,33.821,b'N',b'W',b'\x00',b'A',0.0
1.0,4.0,6.85,0.1006,0.3253,9.9013,-0.0317,-0.0104,0.0392,0.001,0.0297,0.018,100994.4235,29.8209,0.3827,0.0,0.0,0.9239,0.0004,27.4785,18.9663,-18.9663,5.969,90.4013,90.4013,98.9227,120006.850,-113.1375,33.8209,b'N',b'W',b'\x00',b'A',0.0
1.0,4.0,6.9,0.2396,-0.0257,9.8787,-0.0152,-0.0053,-0.0009,0.0111,-0.0154,-0.0327,100990.8417,29.819,0.3827,0.0,0.0,0.9239,-0.0006,27.4829,18.9663,-18.9663,5.989,91.3821,91.3821,98.9384,120006.900,-113.1375,33.8209,b'N',b'W',b'\x00',b'A',0.0
1.0,4.0,6.95,0.3497,-0.0957,9.8678,-0.0342,-0.0151,0.0191,-0.0371,-0.0097,-0.0161,100987.248,29.817,0.3827,0.0,0.0,0.9239,-0.0194,27.4873,18.9663,-18.9663,6.009,92.3662,92.3662,98.9541,120006.950,-113.1375,33.8209,b'N',b'W',b'\x00',b'A',0.0
1.0,4.0,7.0,0.0497,0.0513,9.7586,0.0126,-0.0032,-0.009,0.0257,0.0436,-0.0001,100983.6425,29.815,0.3827,0.0,0.0,0.9239,0.0007,27.4916,18.9663,-18.9663,6.0289,93.3535,93.3535,98.9698,120007.000,-113.1375,33.8209,b'N',b'W',b'\x00',b'A',0.0
1.0,4.0,7.05,-0.1187,0.0527,9.9248,0.056,0.0378,-0.0103,-0.007,0.0019,0.0089,100980.0252,29.8131,0.3827,0.0,0.0,0.9239,0.0085,27.496,18.9663,-18.9663,6.0487,94.3442,94.3442,98.9854,120007.050,-113.1375,33.8209,b'N',b'W',b'\x00',b'A',0.0
1.0,4.0,7.1,-0.2558,-0.0632,9.7998,-0.0073,0.0277,-0.0136,0.0106,0.0365,-0.0052,100976.3962,29.8111,0.3827,0.0,0.0,0.9239,-0.0024,27.5003,18.9663,-18.9663,6.0683,95.338,95.338,99.001,120007.100,-113.1375,33.8209,b'N',b'W',b'\x00',b'A',0.0
1.0,4.0,7.15,0.0321,-0.1239,9.7336,-0.0333,0.0071,-0.0412,0.0124,0.0041,0.0304,100972.7555,29.8091,0.3827,0.0,0.0,0.9239,0.0117,27.5046,18.9663,-18.9663,6.0879,96.3351,96.3351,99.0166,120007.150,-113.1374,33.8209,b'N',b'W',b'\x00',b'A',0.0
1.0,4.0,7.2,-0.0976,0.2772,9.7599,0.018,-0.0005,0.0257,0.0274,0.0049,0.0145,100969.1032,29.8072,0.3827,0.0,0.0,0.9239,0.0113,27.5089,18.9663,-18.9663,6.1074,97.3354,97.3354,99.0322,120007.200,-113.1374,33.8209,b'N',b'W',b'\x00',b'A',0.0
1.0,4.0,7.25,-0.0498,0.0392,10.1097,-0.0145,0.0169,-0.0128,-0.0021,-0.0061,0.0129,100965.4395,29.8052,0.3827,0.0,0.0,0.9239,-0.0064,27.5132,18.9663,-18.9663,6.1268,98.3388,98.3388,99.0477,120007.250,-113.1374,33.8209,b'N',b'W',b'\x00',b'A',0.0
1.0,4.0,7.3,-0.0735,-0.0879,9.5464,0.026,0.0226,-0.016,-0.0425,0.0189,-0.0246,100961.7642,29.8032,0.3827,0.0,0.0,0.9239,0.016,27.5175,18.9663,-18.9663,6.1461,99.3455,99.3455,99.0632,120007.300,-113.1374,33.8209,b'N',b'W',b'\x00',b'A',0.0
1.0,4.0,7.35,-0.0169,0.1099,9.8816,-0.0056,-0.0166,-0.0236,0.0011,0.0272,0.034,100958.0775,29.8012,0.3827,0.0,0.0,0.9239,0.0005,27.5218,18.9663,-18.9663,6.1653,100.3553,100.3553,99.0786,120007.350,-113.1374,33.8209,b'N',b'W',b'\x00',b'A',0.0
1.0,4.0,7.4,0.1279,-0.0131,9.5548,-0.0126,-0.0015,-0.0041,0.004,-0.0207,-0.0161,100954.3795,29.7992,0.3827,0.0,0.0,0.9239,0.0005,27.5261,18.9663,-18.9663,6.1843,101.3682,101.3682,99.094,120007.400,-113.1374,33.8208,b'N',b'W',b'\x00',b'A',0.0
1.0,4.0,7.45,0.0188,-0.0303,9.7904,-0.0036,-0.0364,0.0353,-0.0207,-0.007,0.0348,100950.6702,29.7972,0.3827,0.0,0.0,0.9239,0.001,27.5304,18.9663,-18.9663,6.2033,102.3842,102.3842,99.1094,120007.450,-113.1374,33.8208,b'N',b'W',b'\x00',b'A',0.0
1.0,4.0,7.5,-0.019,0.0675,9.7416,0.0152,0.0225,0.0419,0.0029,0.0183,0.0404,100946.9497,29.7951,0.3827,0.0,0.0,0.9239,0.0007,27.5347,18.9663,-18.9663,6.2222,103.4034,103.4034,99.1248,120007.500,-113.1374,33.8208,b'N',b'W',b'\x00',b'A',0.0
1.0,4.0,7.55,-0.1243,-0.155,9.4939,-0.0045,0.0413,-0.0332,-0.0072,-0.0026,0.0103,100943.2179,29.7931,0.3827,0.0,0.0,0.9239,-0.0263,27.5389,18.9663,-18.9663,6.241,104.4257,104.4257,99.1401,120007.550,-113.1374,33.8208,b'N',b'W',b'\x00',b'A',0.0
1.0,4.0,7.6,-0.201,0.0423,9.865,-0.0099,0.0016,-0.0071,-0.0269,-0.0099,0.0206,100939.4751,29.7911,0.3827,0.0,0.0,0.9239,-0.0019,27.5432,18.9663,-18.9663,6.2598,105.451,105.451,99.1554,120007.600,-113.1374,33.8208,b'N',b'W',b'\x00',b'A',0.0
1.0,4.0,7.65,-0.0584,0.2296,9.7496,-0.004,-0.0425,-0.0207,0.0134,0.0202,-0.0617,100935.7212,29.789,0.3827,0.0,0.0,0.9239,-0.0136,27.5474,18.9663,-18.9663,6.2784,106.4794,106.4794,99.1706,120007.650,-113.1373,33.8208,b'N',b'W',b'\x00',b'A',0.0
1.0,4.0,7.7,-0.0065,0.0559,9.4918,-0.0254,0.0122,0.0198,-0.0113,0.0221,-0.0039,100931.9562,29.787,0.3827,0.0,0.0,0.9239,0.0163,27.5516,18.9663,-18.9663,6.2969,107.5108,107.5108,99.1859,120007.700,-113.1373,33.8208,b'N',b'W',b'\x00',b'A',0.0
1.0,4.0,7.75,0.2122,-0.0451,9.9326,0.0079,-0.0181,0.0057,-0.0081,-0.009,0.022,100928.1804,29.785,0.3827,0.0,0.0,0.9239,0.0159,27.5558,18.9663,-18.9663,6.3153,108.5453,108.5453,99.2011,120007.750,-113.1373,33.8208,b'N',b'W',b'\x00',b'A',0.0
1.0,4.0,7.8,0.0156,-0.0609,10.0219,-0.0357,-0.0133,-0.0127,-0.0093,0.0042,0.0185,100924.3936,29.7829,0.3827,0.0,0.0,0.9239,0.0085,27.5601,18.9663,-18.9663,6.3337,109.5828,109.5828,99.2162,120007.800,-113.1373,33.8208,b'N',b'W',b'\x00',b'A',0.0
1.0,4.0,7.85,0.1179,-0.0492,10.0302,-0.0089,0.0125,0.0015,0.0247,-0.0242,-0.0244,100920.596,29.7808,0.3827,0.0,0.0,0.9239,-0.0024,27.5643,18.9663,-18.9663,6.3519,110.6233,110.6233,99.2313,120007.850,-113.1373,33.8208,b'N',b'W',b'\x00',b'A',0.0
1.0,4.0,7.9,-0.0599,-0.0305,9.8605,0.0152,0.0051,-0.0095,-0.0008,-0.0179,-0.0059,100916.7876,29.7788,0.3827,0.0,0.0,0.9239,-0.0101,27.5685,18.9663,-18.9663,6.3701,111.6668,111.6668,99.2464,120007.900,-113.1373,33.8208,b'N',b'W',b'\x00',b'A',0.0
1.0,4.0,7.95,-0.1422,-0.0453,9.8136,0.0061,-0.0098,0.0323,0.0016,0.0025,-0.0507,100912.9684,29.7767,0.3827,0.0,0.0,0.9239,-0.0066,27.5726,18.9663,-18.9663,6.3882,112.7132,112.7132,99.2615,120007.950,-113.1373,33.8208,b'N',b'W',b'\x00',b'A',0.0
1.0,4.0,8.0,-0.1158,0.11,10.0059,0.0118,-0.013,0.0109,-0.0088,0.0006,0.0083,100909.1386,29.7746,0.3827,0.0,0.0,0.9239,0.0194,27.5768,18.9663,-18.9663,6.4062,113.7626,113.7626,99.2765,120008.000,-113.1373,33.8207,b'N',b'W',b'\x00',b'A',0.0
1.0,4.0,8.05,-0.087,-0.208,10.059,-0.0013,0.0025,0.0134,0.0093,-0.0193,-0.0377,100905.2982,29.7725,0.3827,0.0,0.0,0.9239,-0.0069,27.581,18.9663,-18.9663,6.4241,114.815,114.815,99.2915,120008.050,-113.1373,33.8207,b'N',b'W',b'\x00',b'A',0.0
1.0,4.0,8.1,0.2554,0.1034,9.9767,0.0234,-0.0082,-0.0533,0.027,-0.0143,0.0226,100901.4472,29.7704,0.3827,0.0,0.0,0.9239,-0.0236,27.5851,18.9663,-18.9663,6.4419,115.8703,115.8703,99.3064,120008.100,-113.1373,33.8207,b'N',b'W',b'\x00',b'A',0.0
1.0,4.0,8.15,-0.0986,-0.0456,9.6654,0.0185,-0.0222,-0.0013,0.013,-0.0213,0.0237,100897.5856,29.7683,0.3827,0.0,0.0,0.9239,0.0103,27.5893,18.9663,-18.9663,6.4596,116.9285,116.9285,99.3214,120008.150,-113.1372,33.8207,b'N',b'W',b'\x00',b'A',0.0
1.0,4.0,8.2,0.1006,0.0452,9.8369,0.0089,-0.0067,0.0417,0.0137,0.0091,-0.0095,100893.7137,29.7662,0.3827,0.0,0.0,0.9239,0.015,27.5934,18.9663,-18.9663,6.4773,117.9896,117.9896,99.3363,120008.200,-113.1372,33.8207,b'N',b'W',b'\x00',b'A',0.0
1.0,4.0,8.25,-0.1084,-0.1352,9.8726,0.0186,0.0068,0.0265,0.0121,-0.0394,0.0104,100889.8313,29.7641,0.3827,0.0,0.0,0.9239,0.0166,27.5975,18.9663,-18.9663,6.4948,119.0535,119.0535,99.3511,120008.250,-113.1372,33.8207,b'N',b'W',b'\x00',b'A',0.0
1.0,4.0,8.3,0.1118,0.1594,9.5352,0.015,-0.0036,-0.0369,-0.0276,-0.0202,-0.0043,100885.9385,29.762,0.3827,0.0,0.0,0.9239,0.0104,27.6016,18.9663,-18.9663,6.5123,120.1204,120.1204,99.3659,120008.300,-113.1372,33.8207,b'N',b'W',b'\x00',b'A',0.0
1.0,4.0,8.35,0.0462,0.1495,9.8771,-0.0088,-0.0283,-0.0063,-0.0175,-0.0373,0.0048,100882.0354,29.7599,0.3827,0.0,0.0,0.9239,0.012,27.6058,18.9663,-18.9663,6.5297,121.1901,121.1901,99.3807,120008.350,-113.1372,33.8207,b'N',b'W',b'\x00',b'A',0.0
1.0,4.0,8.4,-0.0188,0.1152,10.1476,-0.0269,0.0198,-0.024,-0.0041,0.0084,-0.0229,100878.1221,29.7578,0.3827,0.0,0.0,0.9239,0.0005,27.6098,18.9663,-18.9663,6.5469,122.2627,122.2627,99.3954,120008.400,-113.1372,33.8207,b'N',b'W',b'\x00',b'A',0.0
1.0,4.0,8.45,-0.0049,-0.1818,9.9026,0.0084,-0.0548,0.0342,-0.0145,-0.0361,0.0124,100874.1986,29.7556,0.3827,0.0,0.0,0.9239,-0.0208,27.6139,18.9663,-18.9663,6.5642,123.3381,123.3381,99.4102,120008.450,-113.1372,33.8207,b'N',b'W',b'\x00',b'A',0.0
1.0,4.0,8.5,-0.0786,0.0995,10.0277,0.0109,-0.0089,0.0049,-0.0213,0.0006,-0.0328,100870.2649,29.7535,0.3827,0.0,0.0,0.9239,0.0003,27.618,18.9663,-18.9663,6.5813,124.4163,124.4163,99.4248,120008.500,-113.1372,33.8207,b'N',b'W',b'\x00',b'A',0.0
1.0,4.0,8.55,0.0535,0.0486,9.8341,0.0218,-0.0124,-0.0154,-0.0374,0.0328,-0.0366,100866.3211,29.7514,0.3827,0.0,0.0,0.9239,0.0062,27.6221,18.9663,-18.9663,6.5983,125.4973,125.4973,99.4395,120008.550,-113.1372,33.8207,b'N',b'W',b'\x00',b'A',0.0
1.0,4.0,8.6,-0.0546,-0.1926,9.7957,-0.0187,0.003,0.0007,-0.0269,0.0335,-0.0024,100862.3673,29.7492,0.3827,0.0,0.0,0.9239,-0.0014,27.6261,18.9663,-18.9663,6.6153,126.5811,126.5811,99.4541,120008.600,-113.1372,33.8206,b'N',b'W',b'\x00',b'A',0.0
1.0,4.0,8.65,-0.1471,-0.0029,9.8638,-0.0181,0.0112,-0.0521,-0.0051,-0.0361,-0.0042,100858.4035,29.7471,0.3827,0.0,0.0,0.9239,-0.0018,27.6302,18.9663,-18.9663,6.6322,127.6677,127.6677,99.4687,120008.650,-113.1371,33.8206,b'N',b'W',b'\x00',b'A',0.0
1.0,4.0,8.7,-0.1534,0.0437,9.6843,0.0092,0.0225,-0.0217,-0.0014,0.006,0.0054,100854.4297,29.7449,0.3827,0.0,0.0,0.9239,-0.0096,27.6342,18.9663,-18.9663,6.649,128.757,128.757,99.4832,120008.700,-113.1371,33.8206,b'N',b'W',b'\x00',b'A',0.0
1.0,4.0,8.75,0.0207,0.0667,9.6621,-0.0014,-0.0142,0.0007,-0.0159,-0.0198,-0.013,100850.446,29.7427,0.3827,0.0,0.0,0.9239,-0.01,27.6382,18.9663,-18.9663,6.6657,129.8491,129.8491,99.4977,120008.750,-113.1371,33.8206,b'N',b'W',b'\x00',b'A',0.0
1.0,4.0,8.8,0.1895,0.0213,9.9966,-0.0377,0.0117,0.0169,0.0016,-0.0239,0.0377,100846.4525,29.7406,0.3827,0.0,0.0,0.9239,0.0184,27.6423,18.9663,-18.9663,6.6823,130.9439,130.9439,99.5121,120008.800,-113.1371,33.8206,b'N',b'W',b'\x00',b'A',0.0
1.0,4.0,8.85,0.0192,0.0349,10.0125,0.0075,0.0039,-0.0388,-0.0087,-0.0023,0.0032,100842.4491,29.7384,0.3827,0.0,0.0,0.9239,0.0187,27.6463,18.9663,-18.9663,6.6989,132.0414,132.0414,99.5266,120008.850,-113.1371,33.8206,b'N',b'W',b'\x00',b'A',0.0
1.0,4.0,8.9,-0.0142,0.1768,9.658,-0.037,-0.0342,-0.0076,0.0218,0.0246,0.0047,100838.4361,29.7362,0.3827,0.0,0.0,0.9239,-0.0,27.6503,18.9663,-18.9663,6.7154,133.1417,133.1417,99.541,120008.900,-113.1371,33.8206,b'N',b'W',b'\x00',b'A',0.0
1.0,4.0,8.95,0.0343,0.1471,9.9518,-0.0189,0.038,0.0202,-0.0032,0.012,0.0039,100834.4133,29.734,0.3827,0.0,0.0,0.9239,0.0028,27.6543,18.9663,-18.9663,6.7318,134.2446,134.2446,99.5553,120008.950,-113.1371,33.8206,b'N',b'W',b'\x00',b'A',0.0
1.0,4.0,9.0,0.1567,-0.344,9.7936,0.027,-0.0288,-0.029,0.0139,-0.0143,0.0201,100830.3808,29.7318,0.3827,0.0,0.0,0.9239,-0.0098,27.6582,18.9663,-18.9663,6.7481,135.3503,135.3503,99.5696,120009.000,-113.1371,33.8206,b'N',b'W',b'\x00',b'A',0.0
1.0,4.0,9.05,0.0263,-0.0381,9.8576,0.0365,0.0084,0.0046,0.0041,0.0141,0.0115,100826.3388,29.7296,0.3827,0.0,0.0,0.9239,0.0064,27.6622,18.9663,-18.9663,6.7643,136.4586,136.4586,99.5839,120009.050,-113.1371,33.8206,b'N',b'W',b'\x00',b'A',0.0
1.0,4.0,9.1,-0.0493,-0.0198,9.8757,-0.0243,0.0078,0.0013,-0.028,-0.0449,0.0088,100822.2872,29.7274,0.3827,0.0,0.0,0.9239,0.0176,27.6661,18.9663,-18.9663,6.7805,137.5695,137.5695,99.5981,120009.100,-113.137,33.8206,b'N',b'W',b'\x00',b'A',0.0
1.0,4.0,9.15,0.1328,-0.2103,9.9558,-0.0066,0.0055,0.0343,-0.0018,-0.0151,0.0147,100818.226,29.7252,0.3827,0.0,0.0,0.9239,-0.0153,27.6701,18.9663,-18.9663,6.7965,138.6831,138.6831,99.6123,120009.150,-113.137,33.8206,b'N',b'W',b'\x00',b'A',0.0
1.0,4.0,9.2,0.0515,0.0113,9.8191,0.0009,-0.0099,-0.0046,-0.0247,-0.0165,-0.0365,100814.1555,29.723,0.3827,0.0,0.0,0.9239,0.0046,27.674,18.9663,-18.9663,6.8125,139.7994,139.7994,99.6265,120009.200,-113.137,33.8205,b'N',b'W',b'\x00',b'A',0.0
1.0,4.0,9.25,0.1843,0.1499,10.0182,0.0356,0.0165,-0.0034,-0.0022,0.0016,-0.0357,100810.0755,29.7208,0.3827,0.0,0.0,0.9239,0.0054,27.678,18.9663,-18.9663,6.8285,140.9182,140.9182,99.6406,120009.250,-113.137,33.8205,b'N',b'W',b'\x00',b'A',0.0
1.0,4.0,9.3,0.022,-0.1304,9.8531,-0.0099,-0.0312,0.0171,-0.0149,-0.0041,-0.0015,100805.9861,29.7186,0.3827,0.0,0.0,0.9239,0.0053,27.6819,18.9663,-18.9663,6.8443,142.0397,142.0397,99.6547,120009.300,-113.137,33.8205,b'N',b'W',b'\x00',b'A',0.0
1.0,4.0,9.35,-0.1469,0.0404,9.9003,-0.0095,-0.0013,-0.0265,0.0076,-0.0028,-0.004,100801.8874,29.7164,0.3827,0.0,0.0,0.9239,0.0164,27.6858,18.9663,-18.9663,6.8601,143.1637,143.1637,99.6688,120009.350,-113.137,33.8205,b'N',b'W',b'\x00',b'A',0.0
1.0,4.0,9.4,-0.1642,-0.1099,9.6817,0.031,-0.0113,-0.0044,-0.0268,-0.0035,0.0116,100797.7794,29.7141,0.3827,0.0,0.0,0.9239,0.0204,27.6897,18.9663,-18.9663,6.8758,144.2904,144.2904,99.6828,120009.400,-113.137,33.8205,b'N',b'W',b'\x00',b'A',0.0
1.0,4.0,9.45,0.1981,-0.0806,10.1304,-0.0075,-0.0135,-0.0091,0.0003,0.0004,0.0004,100793.6623,29.7119,0.3827,0.0,0.0,0.9239,-0.0023,27.6935,18.9663,-18.9663,6.8914,145.4196,145.4196,99.6968,120009.450,-113.137,33.8205,b'N',b'W',b'\x00',b'A',0.0
1.0,4.0,9.5,0.2068,0.1773,9.8771,0.0144,0.0086,-0.0028,0.0114,0.0108,0.0116,100789.5359,29.7097,0.3827,0.0,0.0,0.9239,0.0067,27.6974,18.9663,-18.9663,6.9069,146.5513,146.5513,99.7107,120009.500,-113.137,33.8205,b'N',b'W',b'\x00',b'A',0.0
1.0,4.0,9.55,-0.0215,-0.0651,9.9136,-0.0295,0.0215,0.017,0.0182,0.003,-0.0249,100785.4004,29.7074,0.3827,0.0,0.0,0.9239,0.0008,27.7013,18.9663,-18.9663,6.9224,147.6856,147.6856,99.7246,120009.550,-113.137,33.8205,b'N',b'W',b'\x00',b'A',0.0
1.0,4.0,9.6,-0.046,0.0555,9.5654,-0.0034,-0.0069,0.0111,-0.0153,-0.0057,-0.0002,100781.2558,29.7052,0.3827,0.0,0.0,0.9239,-0.0063,27.7051,18.9663,-18.9663,6.9378,148.8224,148.8224,99.7385,120009.600,-113.1369,33.8205,b'N',b'W',b'\x00',b'A',0.0
1.0,4.0,9.65,0.1754,-0.2245,9.6832,-0.0332,0.0156,-0.015,0.0004,0.008,-0.0268,100777.1021,29.7029,0.3827,0.0,0.0,0.9239,0.0027,27.709,18.9663,-18.9663,6.9531,149.9618,149.9618,99.7523,120009.650,-113.1369,33.8205,b'N',b'W',b'\x00',b'A',0.0
1.0,4.0,9.7,-0.1328,0.2235,9.9923,-0.0211,0.001,0.0027,0.0037,0.0165,0.0077,100772.9395,29.7006,0.3827,0.0,0.0,0.9239,0.0067,27.7128,18.9663,-18.9663,6.9684,151.1036,151.1036,99.7661,120009.700,-113.1369,33.8205,b'N',b'W',b'\x00',b'A',0.0
1.0,4.0,9.75,-0.1074,0.0723,9.8497,0.0168,-0.0179,0.0298,0.0309,-0.0111,-0.0376,100768.7679,29.6984,0.3827,0.0,0.0,0.9239,0.0022,27.7166,18.9663,-18.9663,6.9835,152.248,152.248,99.7798,120009.750,-113.1369,33.8204,b'N',b'W',b'\x00',b'A',0.0
1.0,4.0,9.8,0.0772,-0.0219,9.5196,-0.001,-0.0052,-0.0166,-0.0296,-0.0012,0.007,100764.5874,29.6961,0.3827,0.0,0.0,0.9239,-0.0088,27.7204,18.9663,-18.9663,6.9986,153.3948,153.3948,99.7935,120009.800,-113.1369,33.8204,b'N',b'W',b'\x00',b'A',0.0
1.0,4.0,9.85,-0.0474,0.0691,9.9624,-0.0064,-0.006,0.0029,-0.0182,0.0232,-0.0294,100760.398,29.6938,0.3827,0.0,0.0,0.9239,-0.0046,27.7242,18.9663,-18.9663,7.0136,154.5441,154.5441,99.8072,120009.850,-113.1369,33.8204,b'N',b'W',b'\x00',b'A',0.0
1.0,4.0,9.9,-0.0006,-0.1692,9.7251,-0.015,-0.0139,-0.0039,0.0561,-0.0221,-0.0077,100756.1999,29.6915,0.3827,0.0,0.0,0.9239,-0.0046,27.728,18.9663,-18.9663,7.0286,155.6959,155.6959,99.8208,120009.900,-113.1369,33.8204,b'N',b'W',b'\x00',b'A',0.0
1.0,4.0,9.95,-0.0196,0.1419,10.0183,-0.0044,0.0086,-0.0013,-0.0055,0.0361,0.0179,100751.9929,29.6892,0.3827,0.0,0.0,0.9239,-0.0084,27.7318,18.9663,-18.9663,7.0435,156.8501,156.8501,99.8344,120009.950,-113.1369,33.8204,b'N',b'W',b'\x00',b'A',0.0
1.0,4.0,10.0,0.0405,-0.0389,9.7935,0.006,0.0047,-0.0326,-0.0378,-0.0268,0.0045,100747.7772,29.687,0.3827,0.0,0.0,0.9239,0.0031,27.7355,18.9663,-18.9663,7.0583,158.0067,158.0067,99.8479,120010.000,-113.1369,33.8204,b'N',b'W',b'\x00',b'A',0.0
1.0,4.0,10.05,0.1689,-0.0245,9.8374,0.0197,-0.0318,0.0282,-0.0117,-0.0069,-0.0329,100743.5529,29.6847,0.3827,0.0,0.0,0.9239,0.0042,27.7393,18.9663,-18.9663,7.073,159.1658,159.1658,99.8614,120010.050,-113.1369,33.8204,b'N',b'W',b'\x00',b'A',0.0
1.0,4.0,10.1,0.0109,-0.059,9.9835,-0.0525,-0.033,-0.0155,-0.0554,-0.019,-0.0134,100739.3198,29.6824,0.3827,0.0,0.0,0.9239,0.0098,27.743,18.9663,-18.9663,7.0876,160.3273,160.3273,99.8749,120010.100,-113.1368,33.8204,b'N',b'W',b'\x00',b'A',0.0
1.0,4.0,10.15,0.0773,-0.0697,9.672,-0.0166,0.0085,0.0205,0.0048,0.0438,-0.03,100735.0782,29.6801,0.3827,0.0,0.0,0.9239,-0.0086,27.7468,18.9663,-18.9663,7.1022,161.4911,161.4911,99.8883,120010.150,-113.1368,33.8204,b'N',b'W',b'\x00',b'A',0.0
1.0,4.0,10.2,-0.246,0.0834,9.6577,0.0032,-0.0163,-0.0124,0.0162,-0.0101,-0.0339,100730.8281,29.6777,0.3827,0.0,0.0,0.9239,-0.0058,27.7505,18.9663,-18.9663,7.1167,162.6574,162.6574,99.9017,120010.200,-113.1368,33.8204,b'N',b'W',b'\x00',b'A',0.0
1.0,4.0,10.25,-0.0058,0.0307,9.7772,-0.002,0.006,-0.0125,-0.0182,-0.01,0.0024,100726.5694,29.6754,0.3827,0.0,0.0,0.9239,0.0155,27.7542,18.9663,-18.9663,7.1312,163.826,163.826,99.9151,120010.250,-113.1368,33.8204,b'N',b'W',b'\x00',b'A',0.0
1.0,4.0,10.3,-0.1012,0.0782,9.9307,0.0081,0.0156,0.0243,-0.0094,-0.0074,0.0112,100722.3023,29.6731,0.3827,0.0,0.0,0.9239,-0.0016,27.7579,18.9663,-18.9663,7.1456,164.997,164.997,99.9284,120010.300,-113.1368,33.8204,b'N',b'W',b'\x00',b'A',0.0
1.0,4.0,10.35,-0.1463,-0.0011,9.607,0.0054,-0.0254,0.0199,0.0185,0.0019,0.0088,100718.0267,29.6708,0.3827,0.0,0.0,0.9239,0.0003,27.7616,18.9663,-18.9663,7.1599,166.1704,166.1704,99.9416,120010.350,-113.1368,33.8203,b'N',b'W',b'\x00',b'A',0.0
1.0,4.0,10.4,-0.1054,0.0616,9.5564,-0.0061,-0.0282,0.0042,-0.035,-0.0066,0.0121,100713.7428,29.6685,0.3827,0.0,0.0,0.9239,-0.0018,27.7652,18.9663,-18.9663,7.1741,167.346,167.346,99.9549,120010.400,-113.1368,33.8203,b'N',b'W',b'\x00',b'A',0.0
1.0,4.0,10.45,-0.0401,-0.0503,9.9302,-0.0105,0.0335,0.0152,-0.0264,-0.0027,-0.0002,100709.4505,29.6661,0.3827,0.0,0.0,0.9239,0.0113,27.7689,18.9663,-18.9663,7.1882,168.5241,168.5241,99.9681,120010.450,-113.1368,33.8203,b'N',b'W',b'\x00',b'A',0.0
1.0,4.0,10.5,0.1099,0.2676,9.7162,-0.0049,0.007,-0.0058,-0.0046,-0.0706,-0.0055,100705.15,29.6638,0.3827,0.0,0.0,0.9239,0.0117,27.7726,18.9663,-18.9663,7.2023,169.7044,169.7044,99.9812,120010.500,-113.1368,33.8203,b'N',b'W',b'\x00',b'A',0.0
1.0,4.0,10.55,-0.1592,-0.1882,9.7478,0.023,-0.0084,-0.0002,-0.015,0.0011,-0.0215,100700.8411,29.6614,0.3827,0.0,0.0,0.9239,0.0111,27.7762,18.9663,-18.9663,7.2164,170.887,170.887,99.9943,120010.550,-113.1368,33.8203,b'N',b'W',b'\x00',b'A',0.0
1.0,4.0,10.6,0.0037,0.1513,9.5281,-0.0146,-0.0187,-0.0132,-0.0059,0.0004,-0.0088,100696.5241,29.6591,0.3827,0.0,0.0,0.9239,0.0003,27.7798,18.9663,-18.9663,7.2303,172.072,172.072,100.0074,120010.600,-113.1367,33.8203,b'N',b'W',b'\x00',b'A',0.0
1.0,4.0,10.65,-0.0581,0.1641,9.7048,-0.0013,-0.0102,0.0181,-0.0253,0.0208,-0.0264,100692.1989,29.6567,0.3827,0.0,0.0,0.9239,-0.0087,27.7834,18.9663,-18.9663,7.2442,173.2592,173.2592,100.0204,120010.650,-113.1367,33.8203,b'N',b'W',b'\x00',b'A',0.0
1.0,4.0,10.7,-0.0393,-0.1023,9.8055,0.0037,-0.0238,-0.0139,0.0043,0.0262,-0.0169,100687.8656,29.6544,0.3827,0.0,0.0,0.9239,0.0193,27.787,18.9663,-18.9663,7.258,174.4487,174.4487,100.0334,120010.700,-113.1367,33.8203,b'N',b'W',b'\x00',b'A',0.0
1.0,4.0,10.75,0.1203,0.2675,9.9462,0.0312,0.0177,0.0297,-0.003,-0.0038,0.0018,100683.5242,29.652,0.3827,0.0,0.0,0.9239,0.0086,27.7906,18.9663,-18.9663,7.2717,175.6404,175.6404,100.0463,120010.750,-113.1367,33.8203,b'N',b'W',b'\x00',b'A',0.0
1.0,4.0,10.8,0.0646,0.1195,9.691,-0.006,-0.0155,-0.0063,0.011,0.0163,-0.0024,100679.1747,29.6497,0.3827,0.0,0.0,0.9239,-0.0046,27.7942,18.9663,-18.9663,7.2854,176.8344,176.8344,100.0592,120010.800,-113.1367,33.8203,b'N',b'W',b'\x00',b'A',0.0
1.0,4.0,10.85,0.1605,0.1165,10.0553,0.0192,0.0219,0.0004,0.004,-0.022,0.0613,100674.8173,29.6473,0.3827,0.0,0.0,0.9239,0.0142,27.7978,18.9663,-18.9663,7.299,178.0306,178.0306,100.072,120010.850,-113.1367,33.8203,b'N',b'W',b'\x00',b'A',0.0
1.0,4.0,10.9,-0.0185,0.0034,9.704,0.0246,-0.008,0.0152,0.0041,0.0153,-0.0269,100670.4519,29.6449,0.3827,0.0,0.0,0.9239,-0.0054,27.8013,18.9663,-18.9663,7.3126,179.2291,179.2291,100.0848,120010.900,-113.1367,33.8203,b'N',b'W',b'\x00',b'A',0.0
1.0,4.0,10.95,-0.0835,-0.0261,9.7042,-0.0013,-0.0209,0.0005,-0.0289,-0.0114,-0.0025,100666.0786,29.6425,0.3827,0.0,0.0,0.9239,0.0141,27.8049,18.9663,-18.9663,7.326,180.4298,180.4298,100.0976,120010.950,-113.1367,33.8202,b'N',b'W',b'\x00',b'A',0.0
1.0,4.0,11.0,-0.0269,-0.0251,10.0373,-0.0042,-0.0085,-0.006,0.0099,-0.0237,-0.0285,100661.6974,29.6401,0.3827,0.0,0.0,0.9239,0.0148,27.8084,18.9663,-18.9663,7.3394,181.6327,181.6327,100.1103,120011.000,-113.1367,33.8202,b'N',b'W',b'\x00',b'A',0.0
1.0,4.0,11.05,0.0291,0.0469,9.8384,-0.0066,-0.0525,-0.0006,-0.0066,-0.0037,-0.0078,100657.3084,29.6378,0.3827,0.0,0.0,0.9239,-0.0092,27.812,18.9663,-18.9663,7.3528,182.8377,182.8377,100.123,120011.050,-113.1366,33.8202,b'N',b'W',b'\x00',b'A',0.0
1.0,4.0,11.1,0.0212,0.1681,9.7238,-0.0051,-0.0024,0.0179,-0.0033,0.028,-0.0069,100652.9115,29.6354,0.3827,0.0,0.0,0.9239,0.0058,27.8155,18.9663,-18.9663,7.3661,184.045,184.045,100.1357,120011.100,-113.1366,33.8202,b'N',b'W',b'\x00',b'A',0.0
1.0,4.0,11.15,-0.1301,0.0218,9.7834,0.0171,-0.0034,-0.0133,0.021,0.0036,0.0169,100648.507,29.633,0.3827,0.0,0.0,0.9239,0.0078,27.819,18.9663,-18.9663,7.3793,185.2544,185.2544,100.1483,120011.150,-113.1366,33.8202,b'N',b'W',b'\x00',b'A',0.0
1.0,4.0,11.2,0.0109,-0.1094,10.0096,0.0046,0.0165,-0.0025,-0.0144,0.0299,-0.009,100644.0947,29.6306,0.3827,0.0,0.0,0.9239,0.0261,27.8224,18.9663,-18.9663,7.3924,186.466,186.466,100.1608,120011.200,-113.1366,33.8202,b'N',b'W',b'\x00',b'A',0.0
1.0,4.0,11.25,0.0274,0.0989,10.0266,0.0047,-0.0377,0.0002,0.027,-0.015,-0.0038,100639.6747,29.6282,0.3827,0.0,0.0,0.9239,-0.0074,27.8259,18.9663,-18.9663,7.4055,187.6797,187.6797,100.1733,120011.250,-113.1366,33.8202,b'N',b'W',b'\x00',b'A',0.0
1.0,4.0,11.3,0.3021,0.1105,9.6841,-0.0225,0.0232,0.0173,0.0289,0.021,-0.0086,100635.2471,29.6258,0.3827,0.0,0.0,0.9239,0.0143,27.8294,18.9663,-18.9663,7.4185,188.8956,188.8956,100.1858,120011.300,-113.1366,33.8202,b'N',b'W',b'\x00',b'A',0.0
1.0,4.0,11.35,0.2252,0.0786,9.8003,-0.0193,0.0164,-0.002,0.0151,-0.013,-0.028,100630.812,29.6233,0.3827,0.0,0.0,0.9239,0.0002,27.8328,18.9663,-18.9663,7.4314,190.1136,190.1136,100.1982,120011.350,-113.1366,33.8202,b'N',b'W',b'\x00',b'A',0.0
1.0,4.0,11.4,-0.1024,0.0895,9.8202,0.0429,0.025,0.0362,-0.0196,0.0045,-0.013,100626.3692,29.6209,0.3827,0.0,0.0,0.9239,-0.0124,27.8363,18.9663,-18.9663,7.4443,191.3338,191.3338,100.2106,120011.400,-113.1366,33.8202,b'N',b'W',b'\x00',b'A',0.0
1.0,4.0,11.45,-0.0345,-0.0325,9.6587,-0.0036,-0.0011,-0.0031,-0.0437,0.0043,-0.0076,100621.919,29.6185,0.3827,0.0,0.0,0.9239,-0.0012,27.8397,18.9663,-18.9663,7.4571,192.556,192.556,100.2229,120011.450,-113.1366,33.8202,b'N',b'W',b'\x00',b'A',0.0
1.0,4.0,11.5,-0.1756,-0.1115,9.7983,-0.0155,0.0203,-0.0048,0.0216,0.0132,0.0015,100617.4613,29.6161,0.3827,0.0,0.0,0.9239,0.0,27.8431,18.9663,-18.9663,7.4698,193.7803,193.7803,100.2352,120011.500,-113.1366,33.8201,b'N',b'W',b'\x00',b'A',0.0
1.0,4.0,11.55,-0.0709,-0.1042,9.8074,0.0286,-0.0294,-0.0034,0.0022,0.005,0.0112,100612.9962,29.6137,0.3827,0.0,0.0,0.9239,-0.0106,27.8465,18.9663,-18.9663,7.4825,195.0067,195.0067,100.2475,120011.550,-113.1365,33.8201,b'N',b'W',b'\x00',b'A',0.0
1.0,4.0,11.6,0.0379,-0.1963,9.9777,0.0056,0.0143,-0.0263,-0.0149,-0.0148,-0.0047,100608.5236,29.6112,0.3827,0.0,0.0,0.9239,0.0031,27.8499,18.9663,-18.9663,7.4951,196.2352,196.2352,100.2597,120011.600,-113.1365,33.8201,b'N',b'W',b'\x00',b'A',0.0
1.0,4.0,11.65,0.1447,0.0284,9.9878,0.0116,-0.0154,-0.0207,0.0235,0.0176,-0.005,100604.0438,29.6088,0.3827,0.0,0.0,0.9239,0.0096,27.8533,18.9663,-18.9663,7.5077,197.4657,197.4657,100.2719,120011.650,-113.1365,33.8201,b'N',b'W',b'\x00',b'A',0.0
1.0,4.0,11.7,-0.0875,-0.01,9.7573,-0.0028,-0.033,-0.0106,-0.0172,0.0346,-0.0344,100599.5566,29.6063,0.3827,0.0,0.0,0.9239,0.0024,27.8567,18.9663,-18.9663,7.5201,198.6983,198.6983,100.284,120011.700,-113.1365,33.8201,b'N',b'W',b'\x00',b'A',0.0
1.0,4.0,11.75,-0.0785,-0.0528,9.7746,-0.0064,-0.0225,0.0227,-0.0085,-0.0117,0.0108,100595.0621,29.6039,0.3827,0.0,0.0,0.9239,-0.0054,27.86,18.9663,-18.9663,7.5326,199.933,199.933,100.2961,120011.750,-113.1365,33.8201,b'N',b'W',b'\x00',b'A',0.0
1.0,4.0,11.8,-0.2577,-0.3547,9.9063,-0.0034,0.0001,-0.0007,0.0105,-0.0367,-0.0139,100590.5604,29.6014,0.3827,0.0,0.0,0.9239,-0.0015,27.8634,18.9663,-18.9663,7.5449,201.1697,201.1697,100.3081,120011.800,-113.1365,33.8201,b'N',b'W',b'\x00',b'A',0.0
1.0,4.0,11.85,-0.0195,-0.1497,9.7189,-0.0277,-0.0165,-0.0097,-0.0223,0.01,0.0149,100586.0515,29.599,0.3827,0.0,0.0,0.9239,-0.0,27.8667,18.9663,-18.9663,7.5572,202.4083,202.4083,100.3201,120011.850,-113.1365,33.8201,b'N',b'W',b'\x00',b'A',0.0
1.0,4.0,11.9,-0.1275,0.1345,9.8949,-0.0018,0.0075,0.0245,-0.0022,-0.0066,0.0263,100581.5355,29.5965,0.3827,0.0,0.0,0.9239,0.0022,27.87,18.9663,-18.9663,7.5694,203.6491,203.6491,100.332,120011.900,-113.1365,33.8201,b'N',b'W',b'\x00',b'A',0.0
1.0,4.0,11.95,-0.0635,-0.0798,9.7935,0.0059,-0.0362,0.031,0.0218,-0.0026,-0.0038,100577.0123,29.5941,0.3827,0.0,0.0,0.9239,0.0111,27.8733,18.9663,-18.9663,7.5816,204.8918,204.8918,100.3439,120011.950,-113.1365,33.8201,b'N',b'W',b'\x00',b'A',0.0
1.0,4.0,12.0,-0.1052,0.0433,9.6612,0.037,-0.0425,0.0251,0.0042,0.0111,-0.0205,100572.4821,29.5916,0.3827,0.0,0.0,0.9239,0.0027,27.8766,18.9663,-18.9663,7.5937,206.1364,206.1364,100.3558,120012.000,-113.1365,33.8201,b'N',b'W',b'\x00',b'A',0.0
1.0,4.0,12.05,-0.0113,-0.1669,9.6631,0.0017,0.0274,-0.0171,0.0249,-0.0091,-0.0003,100567.9448,29.5891,0.3827,0.0,0.0,0.9239,-0.014,27.8799,18.9663,-18.9663,7.6057,207.3831,207.3831,100.3676,120012.050,-113.1364,33.8201,b'N',b'W',b'\x00',b'A',0.0
1.0,4.0,12.1,-0.2109,0.1726,10.0237,-0.0467,0.0181,-0.0099,0.0227,-0.0054,0.007,100563.4005,29.5867,0.3827,0.0,0.0,0.9239,-0.0056,27.8832,18.9663,-18.9663,7.6177,208.6318,208.6318,100.3794,120012.100,-113.1364,33.82,b'N',b'W',b'\x00',b'A',0.0
1.0,4.0,12.15,-0.176,-0.0173,9.7832,-0.0019,-0.021,0.0363,0.0002,-0.002,-0.0063,100558.8493,29.5842,0.3827,0.0,0.0,0.9239,0.0017,27.8864,18.9663,-18.9663,7.6296,209.8824,209.8824,100.3911,120012.150,-113.1364,33.82,b'N',b'W',b'\x00',b'A',0.0
1.0,4.0,12.2,0.2555,0.0348,10.0527,0.0548,-0.0001,0.0048,-0.0467,0.0294,-0.0113,100554.2911,29.5817,0.3827,0.0,0.0,0.9239,0.0112,27.8897,18.9663,-18.9663,7.6415,211.1349,211.1349,100.4028,120012.200,-113.1364,33.82,b'N',b'W',b'\x00',b'A',0.0
1.0,4.0,12.25,-0.1545,0.2791,9.7296,0.0173,0.0204,-0.0054,-0.0221,0.0006,0.0113,100549.7261,29.5792,0.3827,0.0,0.0,0.9239,0.013,27.8929,18.9663,-18.9663,7.6532,212.3894,212.3894,100.4144,120012.250,-113.1364,33.82,b'N',b'W',b'\x00',b'A',0.0
1.0,4.0,12.3,-0.1316,0.182,9.8503,-0.0162,0.0084,0.0144,0.0153,-0.0247,0.01,100545.1542,29.5767,0.3827,0.0,0.0,0.9239,0.0177,27.8961,18.9663,-18.9663,7.665,213.6458,213.6458,100.426,120012.300,-113.1364,33.82,b'N',b'W',b'\x00',b'A',0.0
1.0,4.0,12.35,0.2204,-0.0368,10.1656,0.0118,0.003,0.0201,-0.031,-0.0239,-0.0069,100540.5755,29.5742,0.3827,0.0,0.0,0.9239,0.0013,27.8993,18.9663,-18.9663,7.6766,214.9042,214.9042,100.4375,120012.350,-113.1364,33.82,b'N',b'W',b'\x00',b'A',0.0
1.0,4.0,12.4,0.3486,-0.0712,9.648,-0.0148,0.0219,-0.0114,-0.0065,0.0028,-0.0331,100535.99,29.5717,0.3827,0.0,0.0,0.9239,0.0076,27.9025,18.9663,-18.9663,7.6882,216.1644,216.1644,100.449,120012.400,-113.1364,33.82,b'N',b'W',b'\x00',b'A',0.0
1.0,4.0,12.45,-0.1406,-0.0391,9.522,-0.0271,-0.0146,0.0044,0.0068,-0.0226,0.0091,100531.3978,29.5692,0.3827,0.0,0.0,0.9239,-0.0145,27.9057,18.9663,-18.9663,7.6997,217.4265,217.4265,100.4605,120012.450,-113.1364,33.82,b'N',b'W',b'\x00',b'A',0.0
1.0,4.0,12.5,-0.0442,0.0612,9.9996,-0.007,0.0006,0.0185,0.0294,-0.0312,-0.0153,100526.7989,29.5667,0.3827,0.0,0.0,0.9239,0.0043,27.9089,18.9663,-18.9663,7.7112,218.6906,218.6906,100.4719,120012.500,-113.1364,33.82,b'N',b'W',b'\x00',b'A',0.0
1.0,4.0,12.55,0.041,-0.0126,9.6826,0.0018,-0.0004,-0.0232,-0.0115,0.0127,0.0043,100522.1933,29.5642,0.3827,0.0,0.0,0.9239,-0.0108,27.912,18.9663,-18.9663,7.7226,219.9565,219.9565,100.4832,120012.550,-113.1363,33.82,b'N',b'W',b'\x00',b'A',0.0
1.0,4.0,12.6,0.2074,-0.0474,9.8035,-0.0374,-0.0055,0.0002,-0.0129,0.0137,0.003,100517.5811,29.5617,0.3827,0.0,0.0,0.9239,-0.0006,27.9151,18.9663,-18.9663,7.734,221.2242,221.2242,100.4945,120012.600,-113.1363,33.82,b'N',b'W',b'\x00',b'A',0.0
1.0,4.0,12.65,-0.1184,0.1761,9.7188,-0.023,-0.0078,-0.0223,-0.001,-0.0074,-0.0378,100512.9624,29.5592,0.3827,0.0,0.0,0.9239,0.0303,27.9183,18.9663,-18.9663,7.7453,222.4939,222.4939,100.5058,120012.650,-113.1363,33.82,b'N',b'W',b'\x00',b'A',0.0
1.0,4.0,12.7,-0.0294,-0.0137,9.8469,0.0002,0.0015,-0.0197,0.007,0.0059,0.0016,100508.337,29.5567,0.3827,0.0,0.0,0.9239,0.003,27.9214,18.9663,-18.9663,7.7565,223.7653,223.7653,100.517,120012.700,-113.1363,33.8199,b'N',b'W',b'\x00',b'A',0.0
1.0,4.0,12.75,0.0933,0.276,9.6641,-0.0082,0.0007,-0.0113,-0.0031,0.0038,0.0103,100503.7052,29.5542,0.3827,0.0,0.0,0.9239,-0.0086,27.9245,18.9663,-18.9663,7.7677,225.0386,225.0386,100.5282,120012.750,-113.1363,33.8199,b'N',b'W',b'\x00',b'A',0.0
1.0,4.0,12.8,0.0522,0.0109,9.7797,0.0079,-0.021,0.0095,0.021,0.012,0.0127,100499.0669,29.5516,0.3827,0.0,0.0,0.9239,0.0041,27.9276,18.9663,-18.9663,7.7788,226.3138,226.3138,100.5393,120012.800,-113.1363,33.8199,b'N',b'W',b'\x00',b'A',0.0
1.0,4.0,12.85,-0.0451,0.2142,9.8741,-0.0243,0.016,-0.0064,-0.016,0.0121,0.0023,100494.4222,29.5491,0.3827,0.0,0.0,0.9239,-0.0052,27.9307,18.9663,-18.9663,7.7898,227.5907,227.5907,100.5504,120012.850,-113.1363,33.8199,b'N',b'W',b'\x00',b'A',0.0
1.0,4.0,12.9,-0.0161,0.0429,9.6554,0.0143,-0.0195,-0.013,0.0024,-0.0521,-0.0395,100489.7711,29.5466,0.3827,0.0,0.0,0.9239,-0.0096,27.9337,18.9663,-18.9663,7.8008,228.8695,228.8695,100.5614,120012.900,-113.1363,33.8199,b'N',b'W',b'\x00',b'A',0.0
1.0,4.0,12.95,-0.165,0.1156,9.7016,-0.0237,-0.0044,0.001,0.0089,-0.0048,0.0255,100485.1136,29.544,0.3827,0.0,0.0,0.9239,0.021,27.9368,18.9663,-18.9663,7.8117,230.15,230.15,100.5724,120012.950,-113.1363,33.8199,b'N',b'W',b'\x00',b'A',0.0
1.0,4.0,13.0,-0.0286,-0.087,9.7545,0.0329,-0.0059,-0.0229,-0.008,0.0104,0.0082,100480.4498,29.5415,0.3827,0.0,0.0,0.9239,0.0107,27.9398,18.9663,-18.9663,7.8226,231.4324,231.4324,100.5834,120013.000,-113.1362,33.8199,b'N',b'W',b'\x00',b'A',0.0
1.0,4.0,13.05,-0.032,-0.1025,9.5923,-0.0343,0.0072,0.0086,0.0168,-0.0082,-0.0241,100475.7797,29.5389,0.3827,0.0,0.0,0.9239,0.0035,27.9429,18.9663,-18.9663,7.8334,232.7165,232.7165,100.5943,120013.050,-113.1362,33.8199,b'N',b'W',b'\x00',b'A',0.0
1.0,4.0,13.1,0.0279,0.0552,9.7433,-0.0219,-0.0424,0.0226,0.003,0.0007,-0.0158,100471.1034,29.5364,0.3827,0.0,0.0,0.9239,-0.0039,27.9459,18.9663,-18.9663,7.8441,234.0024,234.0024,100.6051,120013.100,-113.1362,33.8199,b'N',b'W',b'\x00',b'A',0.0
1.0,4.0,13.15,-0.0666,0.1186,9.8245,0.0083,0.0178,-0.0016,0.0158,0.015,0.0046,100466.4208,29.5338,0.3827,0.0,0.0,0.9239,-0.0031,27.9489,18.9663,-18.9663,7.8548,235.29,235.29,100.6159,120013.150,-113.1362,33.8199,b'N',b'W',b'\x00',b'A',0.0
1.0,4.0,13.2,0.0566,0.0048,9.7467,0.0333,-0.0135,-0.0041,0.0039,0.0016,0.0136,100461.7321,29.5313,0.3827,0.0,0.0,0.9239,0.0154,27.9519,18.9663,-18.9663,7.8654,236.5794,236.5794,100.6267,120013.200,-113.1362,33.8199,b'N',b'W',b'\x00',b'A',0.0
1.0,4.0,13.25,0.1215,-0.1544,9.7659,0.0063,0.0244,0.0075,0.0075,0.0302,-0.0098,100457.0372,29.5287,0.3827,0.0,0.0,0.9239,0.0031,27.9548,18.9663,-18.9663,7.876,237.8706,237.8706,100.6374,120013.250,-113.1362,33.8199,b'N',b'W',b'\x00',b'A',0.0
1.0,4.0,13.3,0.0187,-0.1632,9.8037,0.0113,-0.0096,-0.0406,-0.0126,0.0225,0.0165,100452.3362,29.5262,0.3827,0.0,0.0,0.9239,-0.0308,27.9578,18.9663,-18.9663,7.8865,239.1634,239.1634,100.648,120013.300,-113.1362,33.8198,b'N',b'W',b'\x00',b'A',0.0
1.0,4.0,13.35,0.0422,-0.1713,9.7083,0.0004,-0.001,0.0107,-0.0126,-0.0024,-0.0359,100447.6292,29.5236,0.3827,0.0,0.0,0.9239,0.0242,27.9607,18.9663,-18.9663,7.8969,240.458,240.458,100.6586,120013.350,-113.1362,33.8198,b'N',b'W',b'\x00',b'A',0.0
1.0,4.0,13.4,0.0064,-0.2121,9.9103,-0.0205,0.0383,0.062,0.0245,-0.004,-0.0208,100442.9161,29.521,0.3827,0.0,0.0,0.9239,0.0018,27.9637,18.9663,-18.9663,7.9073,241.7543,241.7543,100.6692,120013.400,-113.1362,33.8198,b'N',b'W',b'\x00',b'A',0.0
1.0,4.0,13.45,0.0,0.0131,10.022,-0.0098,-0.0055,-0.0025,0.0127,-0.057,-0.0413,100438.197,29.5185,0.3827,0.0,0.0,0.9239,0.0034,27.9666,18.9663,-18.9663,7.9176,243.0522,243.0522,100.6797,120013.450,-113.1362,33.8198,b'N',b'W',b'\x00',b'A',0.0
1.0,4.0,13.5,-0.0866,0.135,9.737,-0.0242,0.0248,-0.0024,-0.0205,-0.0065,-0.0179,100433.472,29.5159,0.3827,0.0,0.0,0.9239,0.0109,27.9695,18.9663,-18.9663,7.9279,244.3519,244.3519,100.6902,120013.500,-113.1361,33.8198,b'N',b'W',b'\x00',b'A',0.0
1.0,4.0,13.55,0.038,-0.0016,9.8794,-0.0256,0.0008,0.0149,0.0036,-0.0271,0.0302,100428.741,29.5133,0.3827,0.0,0.0,0.9239,0.0047,27.9724,18.9663,-18.9663,7.9381,245.6533,245.6533,100.7006,120013.550,-113.1361,33.8198,b'N',b'W',b'\x00',b'A',0.0
1.0,4.0,13.6,-0.0117,-0.2712,9.7707,0.008,0.0083,0.0329,-0.0475,0.0044,0.0412,100424.0042,29.5107,0.3827,0.0,0.0,0.9239,0.0075,27.9753,18.9663,-18.9663,7.9483,246.9563,246.9563,100.711,120013.600,-113.1361,33.8198,b'N',b'W',b'\x00',b'A',0.0
1.0,4.0,13.65,0.2512,-0.0229,9.8615,-0.0225,0.0014,0.0195,-0.0115,0.0031,0.0047,100419.2614,29.5081,0.3827,0.0,0.0,0.9239,-0.0042,27.9781,18.9663,-18.9663,7.9584,248.261,248.261,100.7213,120013.650,-113.1361,33.8198,b'N',b'W',b'\x00',b'A',0.0
1.0,4.0,13.7,0.1888,-0.0195,10.0415,0.0064,0.017,-0.0431,0.0192,0.0139,-0.0128,100414.5129,29.5056,0.3827,0.0,0.0,0.9239,-0.0123,27.981,18.9663,-18.9663,7.9684,249.5673,249.5673,100.7316,120013.700,-113.1361,33.8198,b'N',b'W',b'\x00',b'A',0.0
1.0,4.0,13.75,0.0463,0.2515,9.8829,-0.026,-0.0137,0.0113,-0.0025,0.0279,-0.0044,100409.7586,29.503,0.3827,0.0,0.0,0.9239,0.0028,27.9838,18.9663,-18.9663,7.9784,250.8753,250.8753,100.7418,120013.750,-113.1361,33.8198,b'N',b'W',b'\x00',b'A',0.0
1.0,4.0,13.8,-0.0916,-0.1749,9.5406,0.0059,-0.0197,0.0514,0.0024,-0.0005,0.0095,100404.9986,29.5004,0.3827,0.0,0.0,0.9239,0.0143,27.9867,18.9663,-18.9663,7.9883,252.1849,252.1849,100.752,120013.800,-113.1361,33.8198,b'N',b'W',b'\x00',b'A',0.0
1.0,4.0,13.85,-0.1335,-0.0469,9.8747,-0.0098,-0.0128,0.0124,-0.0603,0.0456,-0.0313,100400.2328,29.4978,0.3827,0.0,0.0,0.9239,-0.0065,27.9895,18.9663,-18.9663,7.9981,253.4961,253.4961,100.7621,120013.850,-113.1361,33.8197,b'N',b'W',b'\x00',b'A',0.0
1.0,4.0,13.9,0.1429,0.2047,9.9916,0.0281,0.002,-0.0231,-0.0078,0.0046,-0.0114,100395.4614,29.4952,0.3827,0.0,0.0,0.9239,-0.0073,27.9923,18.9663,-18.9663,8.0079,254.8089,254.8089,100.7722,120013.900,-113.1361,33.8197,b'N',b'W',b'\x00',b'A',0.0
1.0,4.0,13.95,0.0315,0.054,9.7734,0.0065,-0.0044,0.0056,0.0068,-0.0262,0.0287,100390.6843,29.4926,0.3827,0.0,0.0,0.9239,0.0122,27.9951,18.9663,-18.9663,8.0177,256.1234,256.1234,100.7823,120013.950,-113.1361,33.8197,b'N',b'W',b'\x00',b'A',0.0
1.0,4.0,14.0,0.0576,0.0676,9.956,0.0247,0.0142,-0.0256,0.0093,-0.0112,-0.0209,100385.9016,29.49,0.3827,0.0,0.0,0.9239,-0.0046,27.9978,18.9663,-18.9663,8.0273,257.4394,257.4394,100.7922,120014.000,-113.136,33.8197,b'N',b'W',b'\x00',b'A',0.0
1.0,4.0,14.05,-0.2094,0.0138,9.7031,-0.0151,0.0261,0.0247,0.0192,-0.0075,-0.015,100381.1134,29.4874,0.3827,0.0,0.0,0.9239,-0.0041,28.0006,18.9663,-18.9663,8.037,258.757,258.757,100.8022,120014.050,-113.136,33.8197,b'N',b'W',b'\x00',b'A',0.0
1.0,4.0,14.1,0.1113,0.0396,9.5838,0.0011,-0.0195,-0.0191,-0.0042,0.0118,0.0003,100376.3196,29.4847,0.3827,0.0,0.0,0.9239,-0.0037,28.0034,18.9663,-18.9663,8.0465,260.0762,260.0762,100.8121,120014.100,-113.136,33.8197,b'N',b'W',b'\x00',b'A',0.0
1.0,4.0,14.15,0.0545,0.0933,9.8278,-0.0196,-0.0147,0.0015,-0.0033,-0.0189,0.0057,100371.5203,29.4821,0.3827,0.0,0.0,0.9239,-0.0006,28.0061,18.9663,-18.9663,8.056,261.3969,261.3969,100.8219,120014.150,-113.136,33.8197,b'N',b'W',b'\x00',b'A',0.0
1.0,4.0,14.2,-0.1333,-0.0971,9.5432,-0.0083,-0.0287,-0.0172,-0.0266,-0.006,-0.0125,100366.7155,29.4795,0.3827,0.0,0.0,0.9239,-0.0157,28.0088,18.9663,-18.9663,8.0655,262.7192,262.7192,100.8317,120014.200,-113.136,33.8197,b'N',b'W',b'\x00',b'A',0.0
1.0,4.0,14.25,-0.0566,0.1054,9.7707,-0.0052,0.0406,-0.0109,-0.0041,-0.0032,0.0015,100361.9054,29.4769,0.3827,0.0,0.0,0.9239,-0.0054,28.0115,18.9663,-18.9663,8.0749,264.0431,264.0431,100.8415,120014.250,-113.136,33.8197,b'N',b'W',b'\x00',b'A',0.0
1.0,4.0,14.3,0.0316,-0.1648,9.9997,-0.0145,0.0061,0.0297,-0.0252,-0.009,0.0122,100357.0898,29.4743,0.3827,0.0,0.0,0.9239,0.0023,28.0142,18.9663,-18.9663,8.0842,265.3685,265.3685,100.8512,120014.300,-113.136,33.8197,b'N',b'W',b'\x00',b'A',0.0
1.0,4.0,14.35,0.0063,0.0394,9.5202,-0.0243,0.0096,0.0021,-0.037,0.0162,0.0392,100352.2688,29.4716,0.3827,0.0,0.0,0.9239,0.0022,28.0169,18.9663,-18.9663,8.0935,266.6954,266.6954,100.8608,120014.350,-113.136,33.8197,b'N',b'W',b'\x00',b'A',0.0
1.0,4.0,14.4,-0.0351,0.0214,9.6147,-0.0283,-0.0268,-0.0112,-0.0217,0.0128,-0.0025,100347.4426,29.469,0.3827,0.0,0.0,0.9239,0.0116,28.0196,18.9663,-18.9663,8.1027,268.0238,268.0238,100.8704,120014.400,-113.136,33.8197,b'N',b'W',b'\x00',b'A',0.0
1.0,4.0,14.45,-0.0124,-0.074,9.6518,-0.0468,-0.0,-0.0229,0.0302,0.0233,-0.0008,100342.611,29.4664,0.3827,0.0,0.0,0.9239,0.0184,28.0222,18.9663,-18.9663,8.1119,269.3538,269.3538,100.8799,120014.450,-113.1359,33.8196,b'N',b'W',b'\x00',b'A',0.0
1.0,4.0,14.5,-0.0302,-0.0027,9.7972,-0.0211,0.0102,-0.0374,-0.0054,-0.0066,0.0305,100337.7742,29.4637,0.3827,0.0,0.0,0.9239,0.0151,28.0248,18.9663,-18.9663,8.121,270.6852,270.6852,100.8894,120014.500,-113.1359,33.8196,b'N',b'W',b'\x00',b'A',0.0
1.0,4.0,14.55,0.0183,-0.0747,9.7518,0.0125,-0.0051,-0.025,0.0044,0.0241,-0.011,100332.9322,29.4611,0.3827,0.0,0.0,0.9239,0.0091,28.0275,18.9663,-18.9663,8.1301,272.0182,272.0182,100.8989,120014.550,-113.1359,33.8196,b'N',b'W',b'\x00',b'A',0.0
1.0,4.0,14.6,0.1766,-0.1286,10.0165,-0.032,0.0215,0.0022,-0.0103,-0.0273,-0.0265,100328.085,29.4584,0.3827,0.0,0.0,0.9239,-0.0015,28.0301,18.9663,-18.9663,8.1391,273.3526,273.3526,100.9083,120014.600,-113.1359,33.8196,b'N',b'W',b'\x00',b'A',0.0
1.0,4.0,14.65,-0.308,-0.0424,9.9498,-0.0274,0.0462,0.0196,-0.0358,-0.0278,0.005,100323.2326,29.4558,0.3827,0.0,0.0,0.9239,-0.0062,28.0327,18.9663,-18.9663,8.148,274.6884,274.6884,100.9176,120014.650,-113.1359,33.8196,b'N',b'W',b'\x00',b'A',0.0
1.0,4.0,14.7,-0.0284,-0.1325,9.8809,0.0358,-0.0189,-0.0112,0.0187,-0.0243,0.0215,100318.3751,29.4531,0.3827,0.0,0.0,0.9239,0.0002,28.0353,18.9663,-18.9663,8.1569,276.0258,276.0258,100.9269,120014.700,-113.1359,33.8196,b'N',b'W',b'\x00',b'A',0.0
1.0,4.0,14.75,0.0212,0.0387,9.8285,-0.0127,-0.0204,0.0314,-0.0434,0.0002,0.0072,100313.5125,29.4505,0.3827,0.0,0.0,0.9239,0.0059,28.0378,18.9663,-18.9663,8.1657,277.3646,277.3646,100.9362,120014.750,-113.1359,33.8196,b'N',b'W',b'\x00',b'A',0.0
1.0,4.0,14.8,0.0355,-0.138,9.8656,0.0064,-0.0176,-0.0144,-0.0111,0.024,-0.0019,100308.6449,29.4478,0.3827,0.0,0.0,0.9239,0.0082,28.0404,18.9663,-18.9663,8.1745,278.7048,278.7048,100.9454,120014.800,-113.1359,33.8196,b'N',b'W',b'\x00',b'A',0.0
1.0,4.0,14.85,-0.0446,0.0854,9.6774,0.0128,0.0321,-0.0048,-0.0011,-0.012,-0.029,100303.7722,29.4452,0.3827,0.0,0.0,0.9239,0.0062,28.0429,18.9663,-18.9663,8.1832,280.0465,280.0465,100.9545,120014.850,-113.1359,33.8196,b'N',b'W',b'\x00',b'A',0.0
1.0,4.0,14.9,-0.2108,-0.1418,9.9352,0.0133,0.0208,-0.0216,0.0046,-0.0095,-0.0012,100298.8946,29.4425,0.3827,0.0,0.0,0.9239,-0.0012,28.0455,18.9663,-18.9663,8.1919,281.3896,281.3896,100.9636,120014.900,-113.1359,33.8196,b'N',b'W',b'\x00',b'A',0.0
1.0,4.0,14.95,0.0394,-0.068,9.6398,-0.0304,-0.0027,0.0198,-0.0145,-0.0043,0.0247,100294.012,29.4398,0.3827,0.0,0.0,0.9239,0.0079,28.048,18.9663,-18.9663,8.2005,282.7341,282.7341,100.9727,120014.950,-113.1358,33.8196,b'N',b'W',b'\x00',b'A',0.0
1.0,4.0,15.0,0.2073,-0.075,9.932,-0.0046,0.0007,0.042,-0.0368,0.0115,-0.0247,100289.1245,29.4372,0.3827,0.0,0.0,0.9239,0.0126,28.0505,18.9663,-18.9663,8.209,284.0801,284.0801,100.9817,120015.000,-113.1358,33.8196,b'N',b'W',b'\x00',b'A',0.0
1.0,4.0,15.05,-0.1841,0.159,9.9846,-0.0324,-0.0163,-0.0352,-0.016,-0.0096,-0.0049,100284.2321,29.4345,0.3827,0.0,0.0,0.9239,0.0088,28.053,18.9663,-18.9663,8.2175,285.4274,285.4274,100.9907,120015.050,-113.1358,33.8195,b'N',b'W',b'\x00',b'A',0.0
1.0,4.0,15.1,0.1037,0.0396,9.8383,0.0489,0.0178,-0.0069,-0.015,-0.0107,-0.0077,100279.3348,29.4318,0.3827,0.0,0.0,0.9239,-0.0003,28.0554,18.9663,-18.9663,8.2259,286.7761,286.7761,100.9996,120015.100,-113.1358,33.8195,b'N',b'W',b'\x00',b'A',0.0
1.0,4.0,15.15,-0.0394,-0.0254,9.7802,-0.0319,-0.0076,0.0253,-0.0155,-0.0269,-0.014,100274.4328,29.4292,0.3827,0.0,0.0,0.9239,-0.0083,28.0579,18.9663,-18.9663,8.2343,288.1262,288.1262,101.0084,120015.150,-113.1358,33.8195,b'N',b'W',b'\x00',b'A',0.0
1.0,4.0,15.2,-0.0074,0.0598,9.8667,-0.021,-0.0052,-0.0289,0.0194,-0.0114,0.005,100269.526,29.4265,0.3827,0.0,0.0,0.9239,-0.0086,28.0603,18.9663,-18.9663,8.2426,289.4776,289.4776,101.0172,120015.200,-113.1358,33.8195,b'N',b'W',b'\x00',b'A',0.0
1.0,4.0,15.25,-0.1263,-0.2529,9.3774,-0.0208,0.0122,0.0113,-0.0243,0.0235,0.0089,100264.6144,29.4238,0.3827,0.0,0.0,0.9239,-0.0068,28.0628,18.9663,-18.9663,8.2509,290.8305,290.8305,101.026,120015.250,-113.1358,33.8195,b'N',b'W',b'\x00',b'A',0.0
1.0,4.0,15.3,-0.0401,-0.0052,9.852,-0.0299,-0.0038,0.0244,0.006,0.0018,0.0087,100259.6981,29.4211,0.3827,0.0,0.0,0.9239,0.0026,28.0652,18.9663,-18.9663,8.2591,292.1846,292.1846,101.0347,120015.300,-113.1358,33.8195,b'N',b'W',b'\x00',b'A',0.0
1.0,4.0,15.35,0.156,0.2397,9.7896,0.0271,-0.0047,0.0016,0.0032,-0.0148,-0.0195,100254.7771,29.4184,0.3827,0.0,0.0,0.9239,0.0052,28.0676,18.9663,-18.9663,8.2673,293.5401,293.5401,101.0433,120015.350,-113.1358,33.8195,b'N',b'W',b'\x00',b'A',0.0
1.0,4.0,15.4,0.0699,0.0159,9.7991,0.0484,0.0002,0.011,0.0192,0.0247,-0.0329,100249.8515,29.4158,0.3827,0.0,0.0,0.9239,-0.0141,28.07,18.9663,-18.9663,8.2754,294.897,294.897,101.0519,120015.400,-113.1358,33.8195,b'N',b'W',b'\x00',b'A',0.0
1.0,4.0,15.45,0.2079,0.0081,9.9126,-0.0095,0.0159,0.0352,-0.0027,-0.0117,0.0052,100244.9213,29.4131,0.3827,0.0,0.0,0.9239,-0.005,28.0723,18.9663,-18.9663,8.2834,296.2552,296.2552,101.0604,120015.450,-113.1357,33.8195,b'N',b'W',b'\x00',b'A',0.0
1.0,4.0,15.5,0.1413,0.0658,9.7954,-0.0264,0.0329,0.039,0.0158,0.0284,-0.0101,100239.9865,29.4104,0.3827,0.0,0.0,0.9239,0.0024,28.0747,18.9663,-18.9663,8.2914,297.6147,297.6147,101.0689,120015.500,-113.1357,33.8195,b'N',b'W',b'\x00',b'A',0.0
1.0,4.0,15.55,0.0527,0.1075,9.6356,-0.0447,0.0117,-0.0012,-0.0034,0.0281,0.0368,100235.0471,29.4077,0.3827,0.0,0.0,0.9239,-0.009,28.0771,18.9663,-18.9663,8.2994,298.9755,298.9755,101.0774,120015.550,-113.1357,33.8195,b'N',b'W',b'\x00',b'A',0.0
1.0,4.0,15.6,0.2093,-0.2397,9.7854,-0.0049,0.0161,-0.0106,0.0087,0.0011,0.0377,100230.1032,29.405,0.3827,0.0,0.0,0.9239,0.0043,28.0794,18.9663,-18.9663,8.3073,300.3376,300.3376,101.0858,120015.600,-113.1357,33.8195,b'N',b'W',b'\x00',b'A',0.0
1.0,4.0,15.65,0.0527,-0.2019,9.8168,-0.0063,-0.004,-0.0184,-0.0301,-0.03,0.0398,100225.1549,29.4023,0.3827,0.0,0.0,0.9239,-0.0031,28.0817,18.9663,-18.9663,8.3151,301.7009,301.7009,101.0941,120015.650,-113.1357,33.8194,b'N',b'W',b'\x00',b'A',0.0
1.0,4.0,15.7,0.0994,0.0252,9.8239,-0.013,-0.0142,0.0195,-0.0528,0.0458,-0.0188,100220.202,29.3996,0.3827,0.0,0.0,0.9239,-0.0072,28.084,18.9663,-18.9663,8.3229,303.0656,303.0656,101.1024,120015.700,-113.1357,33.8194,b'N',b'W',b'\x00',b'A',0.0
1.0,4.0,15.75,-0.0356,-0.0858,9.8309,0.0044,0.0131,-0.0274,0.0076,0.0077,0.0114,100215.2448,29.3969,0.3827,0.0,0.0,0.9239,0.0005,28.0863,18.9663,-18.9663,8.3306,304.4315,304.4315,101.1107,120015.750,-113.1357,33.8194,b'N',b'W',b'\x00',b'A',0.0
1.0,4.0,15.8,0.008,0.1574,9.9626,0.0079,0.0034,-0.0051,0.0086,-0.0065,0.0174,100210.2832,29.3942,0.3827,0.0,0.0,0.9239,0.0039,28.0886,18.9663,-18.9663,8.3383,305.7987,305.7987,101.1189,120015.800,-113.1357,33.8194,b'N',b'W',b'\x00',b'A',0.0
1.0,4.0,15.85,-0.0837,-0.0378,9.6437,0.0065,-0.0285,0.0021,0.0095,0.0191,0.0152,100205.3173,29.3914,0.3827,0.0,0.0,0.9239,-0.0085,28.0908,18.9663,-18.9663,8.3459,307.1672,307.1672,101.127,120015.850,-113.1357,33.8194,b'N',b'W',b'\x00',b'A',0.0
1.0,4.0,15.9,0.1188,-0.2321,9.833,-0.0063,-0.0066,-0.0101,-0.0105,0.014,-0.0071,100200.347,29.3887,0.3827,0.0,0.0,0.9239,-0.0024,28.0931,18.9663,-18.9663,8.3534,308.5369,308.5369,101.1351,120015.900,-113.1357,33.8194,b'N',b'W',b'\x00',b'A',0.0
1.0,4.0,15.95,-0.1414,-0.1522,10.0001,-0.022,-0.0017,0.0056,0.0298,0.0262,0.0256,100195.3724,29.386,0.3827,0.0,0.0,0.9239,0.0047,28.0953,18.9663,-18.9663,8.3609,309.9078,309.9078,101.1431,120015.950,-113.1356,33.8194,b'N',b'W',b'\x00',b'A',0.0
1.0,4.0,16.0,0.0939,-0.33,9.5465,0.0133,-0.0102,0.0513,-0.0092,-0.0132,0.0,100190.3936,29.3833,0.3827,0.0,0.0,0.9239,-0.0076,28.0975,18.9663,-18.9663,8.3684,311.28,311.28,101.1511,120016.000,-113.1356,33.8194,b'N',b'W',b'\x00',b'A',0.0
1.0,4.0,16.05,-0.0229,-0.0281,9.8336,0.0003,0.0296,-0.0024,0.0084,0.0064,0.0026,100185.4106,29.3806,0.3827,0.0,0.0,0.9239,-0.0166,28.0997,18.9663,-18.9663,8.3758,312.6534,312.6534,101.159,120016.050,-113.1356,33.8194,b'N',b'W',b'\x00',b'A',0.0
1.0,4.0,16.1,0.1405,-0.0226,9.7188,0.0178,0.0096,-0.0087,0.0119,-0.0237,-0.0308,100180.4234,29.3778,0.3827,0.0,0.0,0.9239,-0.0154,28.1019,18.9663,-18.9663,8.3831,314.0279,314.0279,101.1669,120016.100,-113.1356,33.8194,b'N',b'W',b'\x00',b'A',0.0
1.0,4.0,16.15,0.0901,-0.0509,9.751,0.0158,0.0275,0.0203,0.0344,0.0133,0.0129,100175.432,29.3751,0.3827,0.0,0.0,0.9239,-0.0042,28.1041,18.9663,-18.9663,8.3904,315.4037,315.4037,101.1748,120016.150,-113.1356,33.8194,b'N',b'W',b'\x00',b'A',0.0
1.0,4.0,16.2,0.2185,0.1295,9.6709,-0.0284,0.0053,0.0048,-0.0063,-0.0005,-0.0052,100170.4365,29.3724,0.3827,0.0,0.0,0.9239,-0.0132,28.1063,18.9663,-18.9663,8.3977,316.7807,316.7807,101.1825,120016.200,-113.1356,33.8193,b'N',b'W',b'\x00',b'A',0.0
1.0,4.0,16.25,0.0877,0.1438,9.7812,-0.0287,0.0016,0.0288,-0.0131,0.0056,0.0093,100165.437,29.3697,0.3827,0.0,0.0,0.9239,-0.0035,28.1084,18.9663,-18.9663,8.4049,318.1589,318.1589,101.1903,120016.250,-113.1356,33.8193,b'N',b'W',b'\x00',b'A',0.0
1.0,4.0,16.3,-0.1886,-0.0204,10.0828,-0.0151,-0.0187,0.0033,-0.03,-0.0029,0.0047,100160.4333,29.3669,0.3827,0.0,0.0,0.9239,0.0166,28.1105,18.9663,-18.9663,8.412,319.5382,319.5382,101.198,120016.300,-113.1356,33.8193,b'N',b'W',b'\x00',b'A',0.0
1.0,4.0,16.35,-0.008,-0.2562,9.617,-0.0211,0.0002,-0.005,0.031,-0.005,0.0036,100155.4257,29.3642,0.3827,0.0,0.0,0.9239,-0.0138,28.1127,18.9663,-18.9663,8.4191,320.9187,320.9187,101.2056,120016.350,-113.1356,33.8193,b'N',b'W',b'\x00',b'A',0.0
1.0,4.0,16.4,-0.1406,0.0741,9.6312,0.0151,0.0003,-0.0357,0.0084,-0.0174,-0.0009,100150.414,29.3615,0.3827,0.0,0.0,0.9239,-0.0028,28.1148,18.9663,-18.9663,8.4261,322.3004,322.3004,101.2131,120016.400,-113.1355,33.8193,b'N',b'W',b'\x00',b'A',0.0
1.0,4.0,16.45,-0.0622,0.0666,9.6114,0.007,-0.0273,-0.0324,0.0091,0.0158,0.0157,100145.3984,29.3587,0.3827,0.0,0.0,0.9239,0.0213,28.1169,18.9663,-18.9663,8.433,323.6832,323.6832,101.2207,120016.450,-113.1355,33.8193,b'N',b'W',b'\x00',b'A',0.0
1.0,4.0,16.5,0.1813,0.0371,10.0658,0.022,-0.0108,-0.0367,0.0623,0.0298,-0.004,100140.3789,29.356,0.3827,0.0,0.0,0.9239,0.0041,28.1189,18.9663,-18.9663,8.44,325.0671,325.0671,101.2281,120016.500,-113.1355,33.8193,b'N',b'W',b'\x00',b'A',0.0
1.0,4.0,16.55,0.0765,0.1178,9.7373,0.0079,-0.0065,0.0076,0.0065,-0.0111,-0.0291,100135.3555,29.3532,0.3827,0.0,0.0,0.9239,-0.0037,28.121,18.9663,-18.9663,8.4468,326.4522,326.4522,101.2356,120016.550,-113.1355,33.8193,b'N',b'W',b'\x00',b'A',0.0
1.0,4.0,16.6,-0.0839,-0.1398,9.8028,0.0042,0.0083,-0.0272,-0.026,0.0111,0.0114,100130.3282,29.3505,0.3827,0.0,0.0,0.9239,-0.0016,28.123,18.9663,-18.9663,8.4536,327.8384,327.8384,101.2429,120016.600,-113.1355,33.8193,b'N',b'W',b'\x00',b'A',0.0
1.0,4.0,16.65,-0.1216,0.2411,9.7462,0.024,0.0092,0.0251,-0.0039,0.0086,-0.0162,100125.297,29.3477,0.3827,0.0,0.0,0.9239,0.0043,28.1251,18.9663,-18.9663,8.4604,329.2257,329.2257,101.2502,120016.650,-113.1355,33.8193,b'N',b'W',b'\x00',b'A',0.0
1.0,4.0,16.7,0.0039,-0.1151,9.665,0.0094,-0.0116,0.0006,-0.0195,0.0002,-0.0265,100120.2621,29.345,0.3827,0.0,0.0,0.9239,0.017,28.1271,18.9663,-18.9663,8.4671,330.6141,330.6141,101.2575,120016.700,-113.1355,33.8193,b'N',b'W',b'\x00',b'A',0.0
1.0,4.0,16.75,-0.146,0.0899,9.7714,0.0014,0.0094,-0.0049,-0.0079,-0.0305,-0.0204,100115.2234,29.3422,0.3827,0.0,0.0,0.9239,-0.0053,28.1291,18.9663,-18.9663,8.4737,332.0036,332.0036,101.2647,120016.750,-113.1355,33.8193,b'N',b'W',b'\x00',b'A',0.0
1.0,4.0,16.8,-0.0805,-0.2025,10.1754,0.0296,-0.0036,-0.0169,-0.0081,-0.026,0.0057,100110.181,29.3395,0.3827,0.0,0.0,0.9239,-0.0076,28.1311,18.9663,-18.9663,8.4803,333.3942,333.3942,101.2719,120016.800,-113.1355,33.8192,b'N',b'W',b'\x00',b'A',0.0
1.0,4.0,16.85,0.0374,-0.1116,10.0155,0.0023,-0.0574,0.0124,-0.0117,-0.0156,-0.0019,100105.1349,29.3367,0.3827,0.0,0.0,0.9239,-0.0138,28.133,18.9663,-18.9663,8.4869,334.7859,334.7859,101.279,120016.850,-113.1355,33.8192,b'N',b'W',b'\x00',b'A',0.0
1.0,4.0,16.9,0.1386,0.182,9.6787,-0.0061,-0.0097,-0.0161,-0.0279,-0.0428,-0.0427,100100.0851,29.334,0.3827,0.0,0.0,0.9239,0.001,28.135,18.9663,-18.9663,8.4934,336.1786,336.1786,101.286,120016.900,-113.1354,33.8192,b'N',b'W',b'\x00',b'A',0.0
1.0,4.0,16.95,0.0731,-0.0313,9.9038,-0.0168,0.0216,-0.0197,0.0319,0.0282,-0.0077,100095.0317,29.3312,0.3827,0.0,0.0,0.9239,-0.0141,28.137,18.9663,-18.9663,8.4998,337.5724,337.5724,101.293,120016.950,-113.1354,33.8192,b'N',b'W',b'\x00',b'A',0.0
1.0,4.0,17.0,-0.275,0.1008,9.6819,0.0141,-0.0336,0.0238,0.006,0.0074,0.0234,100089.9746,29.3284,0.3827,0.0,0.0,0.9239,-0.0046,28.1389,18.9663,-18.9663,8.5062,338.9673,338.9673,101.3,120017.000,-113.1354,33.8192,b'N',b'W',b'\x00',b'A',0.0
1.0,4.0,17.05,0.0365,0.0284,9.5402,0.0247,0.0023,0.0071,-0.0045,-0.0006,-0.009,100084.914,29.3257,0.3827,0.0,0.0,0.9239,-0.0091,28.1408,18.9663,-18.9663,8.5125,340.3632,340.3632,101.3069,120017.050,-113.1354,33.8192,b'N',b'W',b'\x00',b'A',0.0
1.0,4.0,17.1,0.0086,-0.0126,9.9596,-0.001,0.0317,-0.0047,0.0152,-0.0438,-0.0033,100079.8498,29.3229,0.3827,0.0,0.0,0.9239,0.0107,28.1427,18.9663,-18.9663,8.5188,341.7601,341.7601,101.3137,120017.100,-113.1354,33.8192,b'N',b'W',b'\x00',b'A',0.0
1.0,4.0,17.15,0.0497,0.1637,9.9807,0.0262,-0.0152,0.0128,0.0094,-0.0365,0.0209,100074.7822,29.3201,0.3827,0.0,0.0,0.9239,-0.0051,28.1446,18.9663,-18.9663,8.5251,343.1581,343.1581,101.3205,120017.150,-113.1354,33.8192,b'N',b'W',b'\x00',b'A',0.0
1.0,4.0,17.2,0.1939,-0.0284,9.9636,-0.0394,0.0,0.0002,0.0055,-0.0,0.0159,100069.711,29.3174,0.3827,0.0,0.0,0.9239,0.004,28.1465,18.9663,-18.9663,8.5312,344.557,344.557,101.3272,120017.200,-113.1354,33.8192,b'N',b'W',b'\x00',b'A',0.0
1.0,4.0,17.25,-0.2476,-0.2137,9.7362,-0.0011,-0.0261,0.0077,0.0137,0.0394,0.0204,100064.6364,29.3146,0.3827,0.0,0.0,0.9239,-0.016,28.1483,18.9663,-18.9663,8.5374,345.957,345.957,101.3339,120017.250,-113.1354,33.8192,b'N',b'W',b'\x00',b'A',0.0
1.0,4.0,17.3,-0.0709,-0.0964,9.7816,-0.0008,0.0325,-0.0163,0.0027,-0.014,-0.0555,100059.5584,29.3118,0.3827,0.0,0.0,0.9239,0.0013,28.1502,18.9663,-18.9663,8.5434,347.358,347.358,101.3406,120017.300,-113.1354,33.8192,b'N',b'W',b'\x00',b'A',0.0
1.0,4.0,17.35,0.0709,0.0661,9.9191,-0.0145,-0.0017,0.0414,0.0134,0.0173,0.0347,100054.4769,29.309,0.3827,0.0,0.0,0.9239,-0.012,28.152,18.9663,-18.9663,8.5495,348.76,348.76,101.3472,120017.350,-113.1354,33.8192,b'N',b'W',b'\x00',b'A',0.0
1.0,4.0,17.4,-0.1898,0.0475,9.8654,0.0477,0.0009,-0.0116,0.0151,-0.0096,0.0127,100049.3922,29.3063,0.3827,0.0,0.0,0.9239,-0.0043,28.1538,18.9663,-18.9663,8.5554,350.163,350.163,101.3537,120017.400,-113.1353,33.8191,b'N',b'W',b'\x00',b'A',0.0
1.0,4.0,17.45,0.1771,-0.188,9.7476,-0.0013,0.0271,0.0311,0.0033,0.0011,0.0492,100044.3041,29.3035,0.3827,0.0,0.0,0.9239,0.0221,28.1556,18.9663,-18.9663,8.5613,351.5669,351.5669,101.3602,120017.450,-113.1353,33.8191,b'N',b'W',b'\x00',b'A',0.0
1.0,4.0,17.5,0.0442,-0.0869,9.5638,-0.0082,0.0132,-0.0038,-0.0044,0.0243,-0.0156,100039.2127,29.3007,0.3827,0.0,0.0,0.9239,0.0093,28.1574,18.9663,-18.9663,8.5672,352.9718,352.9718,101.3666,120017.500,-113.1353,33.8191,b'N',b'W',b'\x00',b'A',0.0
1.0,4.0,17.55,0.1016,-0.0698,9.8237,0.0005,-0.0175,0.0161,0.0306,-0.0069,-0.0353,100034.118,29.2979,0.3827,0.0,0.0,0.9239,-0.0013,28.1592,18.9663,-18.9663,8.573,354.3777,354.3777,101.3729,120017.550,-113.1353,33.8191,b'N',b'W',b'\x00',b'A',0.0
1.0,4.0,17.6,-0.0685,-0.0439,9.9685,-0.0401,-0.0129,0.0147,-0.0096,-0.0138,0.0001,100029.0202,29.2951,0.3827,0.0,0.0,0.9239,0.032,28.1609,18.9663,-18.9663,8.5788,355.7845,355.7845,101.3793,120017.600,-113.1353,33.8191,b'N',b'W',b'\x00',b'A',0.0
1.0,4.0,17.65,0.0977,-0.1651,9.627,-0.0152,0.0099,0.0229,0.0078,0.0284,-0.0055,100023.9191,29.2923,0.3827,0.0,0.0,0.9239,-0.0092,28.1626,18.9663,-18.9663,8.5845,357.1922,357.1922,101.3855,120017.650,-113.1353,33.8191,b'N',b'W',b'\x00',b'A',0.0
1.0,4.0,17.7,0.1282,-0.0754,9.9025,0.0197,-0.0125,-0.0168,0.0083,0.0009,0.0131,100018.8148,29.2895,0.3827,0.0,0.0,0.9239,0.0117,28.1644,18.9663,-18.9663,8.5902,358.6009,358.6009,101.3917,120017.700,-113.1353,33.8191,b'N',b'W',b'\x00',b'A',0.0
1.0,4.0,17.75,0.0279,-0.0874,9.8564,-0.0126,-0.0423,0.0215,-0.0122,0.0218,0.0215,100013.7075,29.2867,0.3827,0.0,0.0,0.9239,-0.0153,28.1661,18.9663,-18.9663,8.5958,360.0105,360.0105,101.3979,120017.750,-113.1353,33.8191,b'N',b'W',b'\x00',b'A',0.0
1.0,4.0,17.8,0.0281,0.0926,9.9192,-0.0166,-0.0011,0.0369,-0.0162,-0.0137,-0.0017,100008.597,29.284,0.3827,0.0,0.0,0.9239,-0.0024,28.1678,18.9663,-18.9663,8.6013,361.421,361.421,101.404,120017.800,-113.1353,33.8191,b'N',b'W',b'\x00',b'A',0.0
1.0,4.0,17.85,0.0324,0.0971,9.9374,0.0262,-0.0296,-0.0052,-0.0071,0.0281,-0.0048,100003.4834,29.2812,0.3827,0.0,0.0,0.9239,-0.0135,28.1695,18.9663,-18.9663,8.6068,362.8325,362.8325,101.4101,120017.850,-113.1353,33.8191,b'N',b'W',b'\x00',b'A',0.0
1.0,4.0,17.9,-0.1036,-0.0175,9.7025,0.0268,0.0323,0.0007,-0.0098,0.0055,0.0105,99998.3668,29.2784,0.3827,0.0,0.0,0.9239,0.0026,28.1711,18.9663,-18.9663,8.6123,364.2448,364.2448,101.4161,120017.900,-113.1352,33.8191,b'N',b'W',b'\x00',b'A',0.0
1.0,4.0,17.95,-0.0177,-0.047,9.5641,0.0103,0.0035,-0.0105,-0.0292,0.0087,-0.0051,99993.2472,29.2756,0.3827,0.0,0.0,0.9239,0.0006,28.1728,18.9663,-18.9663,8.6177,365.658,365.658,101.422,120017.950,-113.1352,33.819,b'N',b'W',b'\x00',b'A',0.0
1.0,4.0,18.0,-0.0183,0.0168,9.7266,-0.0091,-0.0181,-0.0069,-0.013,0.0026,-0.0068,99988.1246,29.2728,0.3827,0.0,0.0,0.9239,-0.0031,28.1744,18.9663,-18.9663,8.623,367.0721,367.0721,101.4279,120018.000,-113.1352,33.819,b'N',b'W',b'\x00',b'A',0.0
1.0,4.0,18.05,0.046,-0.098,9.94,-0.0048,-0.014,0.0342,0.0053,-0.0101,0.0207,99982.999,29.27,0.3827,0.0,0.0,0.9239,0.0109,28.176,18.9663,-18.9663,8.6283,368.4871,368.4871,101.4337,120018.050,-113.1352,33.819,b'N',b'W',b'\x00',b'A',0.0
1.0,4.0,18.1,0.12,-0.1376,9.7253,-0.0161,-0.0378,-0.0201,0.0253,-0.0,0.0252,99977.8705,29.2671,0.3827,0.0,0.0,0.9239,-0.0057,28.1776,18.9663,-18.9663,8.6336,369.9029,369.9029,101.4395,120018.100,-113.1352,33.819,b'N',b'W',b'\x00',b'A',0.0
1.0,4.0,18.15,-0.127,-0.1128,9.7025,-0.0199,-0.022,-0.0188,0.0111,-0.0089,0.0217,99972.7392,29.2643,0.3827,0.0,0.0,0.9239,0.0033,28.1792,18.9663,-18.9663,8.6388,371.3196,371.3196,101.4453,120018.150,-113.1352,33.819,b'N',b'W',b'\x00',b'A',0.0
1.0,4.0,18.2,-0.015,-0.0762,9.5334,-0.0209,0.0203,0.0322,-0.052,0.0192,-0.0034,99967.6049,29.2615,0.3827,0.0,0.0,0.9239,0.0082,28.1808,18.9663,-18.9663,8.6439,372.7372,372.7372,101.4509,120018.200,-113.1352,33.819,b'N',b'W',b'\x00',b'A',0.0
1.0,4.0,18.25,0.1778,-0.1396,10.0695,-0.0124,0.0446,0.0125,0.0128,-0.0041,-0.0428,99962.4679,29.2587,0.3827,0.0,0.0,0.9239,-0.0148,28.1824,18.9663,-18.9663,8.649,374.1556,374.1556,101.4566,120018.250,-113.1352,33.819,b'N',b'W',b'\x00',b'A',0.0
1.0,4.0,18.3,-0.0892,0.0194,9.9305,-0.0207,0.0145,0.0424,-0.0112,-0.0299,-0.003,99957.328,29.2559,0.3827,0.0,0.0,0.9239,-0.0075,28.1839,18.9663,-18.9663,8.6541,375.5748,375.5748,101.4622,120018.300,-113.1352,33.819,b'N',b'W',b'\x00',b'A',0.0
1.0,4.0,18.35,-0.0987,0.0876,9.9221,-0.0313,-0.0018,-0.009,0.0091,-0.0336,-0.0152,99952.1854,29.2531,0.3827,0.0,0.0,0.9239,0.0005,28.1855,18.9663,-18.9663,8.6591,376.9948,376.9948,101.4677,120018.350,-113.1351,33.819,b'N',b'W',b'\x00',b'A',0.0
1.0,4.0,18.4,0.0243,-0.1905,9.9518,0.0044,-0.0086,0.0025,-0.0003,-0.0345,-0.0026,99947.04,29.2503,0.3827,0.0,0.0,0.9239,0.0063,28.187,18.9663,-18.9663,8.664,378.4157,378.4157,101.4731,120018.400,-113.1351,33.819,b'N',b'W',b'\x00',b'A',0.0
1.0,4.0,18.45,0.1013,0.003,9.8932,0.0047,-0.0191,-0.0132,-0.0039,0.0124,-0.0134,99941.892,29.2475,0.3827,0.0,0.0,0.9239,0.0142,28.1885,18.9663,-18.9663,8.6689,379.8373,379.8373,101.4786,120018.450,-113.1351,33.819,b'N',b'W',b'\x00',b'A',0.0
1.0,4.0,18.5,0.0014,-0.0264,9.77,0.034,0.0412,0.0029,-0.002,-0.023,-0.0004,99936.7412,29.2446,0.3827,0.0,0.0,0.9239,-0.0022,28.19,18.9663,-18.9663,8.6737,381.2598,381.2598,101.4839,120018.500,-113.1351,33.819,b'N',b'W',b'\x00',b'A',0.0
1.0,4.0,18.55,0.1595,0.041,9.7821,-0.0134,-0.0038,-0.0355,-0.0004,0.006,-0.0208,99931.5878,29.2418,0.3827,0.0,0.0,0.9239,-0.0032,28.1915,18.9663,-18.9663,8.6785,382.6831,382.6831,101.4892,120018.550,-113.1351,33.8189,b'N',b'W',b'\x00',b'A',0.0
1.0,4.0,18.6,0.1028,-0.0016,9.7425,0.0059,0.0423,0.0137,0.0269,0.0027,-0.0256,99926.4318,29.239,0.3827,0.0,0.0,0.9239,-0.0087,28.1929,18.9663,-18.9663,8.6833,384.1071,384.1071,101.4945,120018.600,-113.1351,33.8189,b'N',b'W',b'\x00',b'A',0.0
1.0,4.0,18.65,0.101,-0.1744,10.2019,0.0063,0.0279,0.0065,-0.0004,-0.0013,0.0245,99921.2732,29.2362,0.3827,0.0,0.0,0.9239,0.0033,28.1944,18.9663,-18.9663,8.688,385.5319,385.5319,101.4997,120018.650,-113.1351,33.8189,b'N',b'W',b'\x00',b'A',0.0
1.0,4.0,18.7,0.0665,-0.1515,9.89,-0.0051,-0.0348,-0.0012,0.0217,0.0088,-0.0194,99916.1121,29.2334,0.3827,0.0,0.0,0.9239,-0.003,28.1958,18.9663,-18.9663,8.6926,386.9575,386.9575,101.5048,120018.700,-113.1351,33.8189,b'N',b'W',b'\x00',b'A',0.0
1.0,4.0,18.75,0.2793,0.0035,9.7371,0.0149,-0.0133,-0.0078,0.0188,0.0032,0.0,99910.9484,29.2305,0.3827,0.0,0.0,0.9239,-0.0027,28.1972,18.9663,-18.9663,8.6972,388.3838,388.3838,101.5099,120018.750,-113.1351,33.8189,b'N',b'W',b'\x00',b'A',0.0
1.0,4.0,18.8,-0.0246,0.1235,9.8765,0.0155,-0.0134,-0.0179,0.0133,-0.0542,0.0191,99905.7822,29.2277,0.3827,0.0,0.0,0.9239,-0.0009,28.1986,18.9663,-18.9663,8.7017,389.8109,389.8109,101.515,120018.800,-113.1351,33.8189,b'N',b'W',b'\x00',b'A',0.0
1.0,4.0,18.85,-0.2404,-0.2657,9.655,0.0065,-0.0016,0.0146,-0.0357,-0.0065,0.0183,99900.6136,29.2249,0.3827,0.0,0.0,0.9239,0.0055,28.2,18.9663,-18.9663,8.7062,391.2387,391.2387,101.52,120018.850,-113.135,33.8189,b'N',b'W',b'\x00',b'A',0.0
1.0,4.0,18.9,0.1925,0.0415,10.0323,-0.0051,-0.0012,-0.0234,0.0223,0.0085,0.0159,99895.4426,29.222,0.3827,0.0,0.0,0.9239,-0.0056,28.2014,18.9663,-18.9663,8.7107,392.6672,392.6672,101.5249,120018.900,-113.135,33.8189,b'N',b'W',b'\x00',b'A',0.0
1.0,4.0,18.95,-0.0549,0.1428,9.7075,-0.0072,0.0599,0.0102,-0.0092,0.0328,0.0061,99890.2691,29.2192,0.3827,0.0,0.0,0.9239,-0.0077,28.2027,18.9663,-18.9663,8.715,394.0965,394.0965,101.5298,120018.950,-113.135,33.8189,b'N',b'W',b'\x00',b'A',0.0
1.0,4.0,19.0,0.0129,-0.0184,9.8818,-0.0274,-0.0215,0.0415,0.0143,0.0337,0.0145,99885.0932,29.2164,0.3827,0.0,0.0,0.9239,0.0043,28.2041,18.9663,-18.9663,8.7194,395.5265,395.5265,101.5346,120019.000,-113.135,33.8189,b'N',b'W',b'\x00',b'A',0.0
1.0,4.0,19.05,0.1571,0.066,9.9665,-0.0161,0.0046,0.0297,-0.0195,-0.0273,0.0275,99879.9151,29.2135,0.3827,0.0,0.0,0.9239,-0.0303,28.2054,18.9663,-18.9663,8.7237,396.9572,396.9572,101.5394,120019.050,-113.135,33.8189,b'N',b'W',b'\x00',b'A',0.0
1.0,4.0,19.1,-0.1923,-0.0844,9.8644,-0.0124,0.0123,-0.0301,-0.0237,-0.007,0.0085,99874.7346,29.2107,0.3827,0.0,0.0,0.9239,-0.006,28.2067,18.9663,-18.9663,8.7279,398.3886,398.3886,101.5441,120019.100,-113.135,33.8189,b'N',b'W',b'\x00',b'A',0.0
1.0,4.0,19.15,-0.1502,-0.0143,9.8208,-0.0225,-0.0,-0.0107,0.0395,-0.0313,-0.0367,99869.5518,29.2079,0.3827,0.0,0.0,0.9239,-0.0115,28.208,18.9663,-18.9663,8.7321,399.8207,399.8207,101.5488,120019.150,-113.135,33.8188,b'N',b'W',b'\x00',b'A',0.0
1.0,4.0,19.2,-0.1922,-0.1945,9.8083,0.0088,0.0022,0.0084,-0.0191,0.0304,-0.0106,99864.3667,29.205,0.3827,0.0,0.0,0.9239,0.012,28.2093,18.9663,-18.9663,8.7362,401.2535,401.2535,101.5534,120019.200,-113.135,33.8188,b'N',b'W',b'\x00',b'A',0.0
1.0,4.0,19.25,-0.0953,-0.2813,9.7982,0.0239,-0.0209,-0.0014,0.0229,0.0203,0.0139,99859.1795,29.2022,0.3827,0.0,0.0,0.9239,-0.0044,28.2105,18.9663,-18.9663,8.7403,402.6869,402.6869,101.5579,120019.250,-113.135,33.8188,b'N',b'W',b'\x00',b'A',0.0
1.0,4.0,19.3,0.0528,0.1131,9.7201,-0.0182,0.0021,-0.028,0.0024,0.007,-0.0125,99853.99,29.1994,0.3827,0.0,0.0,0.9239,-0.0056,28.2118,18.9663,-18.9663,8.7444,404.121,404.121,101.5624,120019.300,-113.135,33.8188,b'N',b'W',b'\x00',b'A',0.0
1.0,4.0,19.35,0.0629,-0.1182,9.7392,0.0057,0.0102,0.0077,-0.0084,0.0033,0.0324,99848.7984,29.1965,0.3827,0.0,0.0,0.9239,-0.0005,28.213,18.9663,-18.9663,8.7484,405.5558,405.5558,101.5669,120019.350,-113.1349,33.8188,b'N',b'W',b'\x00',b'A',0.0
1.0,4.0,19.4,0.0332,-0.0547,10.0286,-0.0207,0.0066,-0.0002,-0.0009,0.0276,-0.0013,99843.6047,29.1937,0.3827,0.0,0.0,0.9239,-0.006,28.2142,18.9663,-18.9663,8.7523,406.9912,406.9912,101.5713,120019.400,-113.1349,33.8188,b'N',b'W',b'\x00',b'A',0.0
1.0,4.0,19.45,-0.1695,-0.1664,9.7904,-0.0061,0.0114,0.0383,-0.026,0.0242,0.0017,99838.4088,29.1908,0.3827,0.0,0.0,0.9239,-0.004,28.2155,18.9663,-18.9663,8.7562,408.4273,408.4273,101.5756,120019.450,-113.1349,33.8188,b'N',b'W',b'\x00',b'A',0.0
1.0,4.0,19.5,-0.2772,-0.1692,9.6888,-0.0138,0.0283,-0.0051,-0.0003,0.0232,0.0225,99833.2109,29.188,0.3827,0.0,0.0,0.9239,0.001,28.2166,18.9663,-18.9663,8.76,409.864,409.864,101.5799,120019.500,-113.1349,33.8188,b'N',b'W',b'\x00',b'A',0.0
1.0,4.0,19.55,0.0065,-0.0209,9.7292,0.012,0.0187,0.0234,-0.0217,0.0091,-0.0037,99828.0109,29.1851,0.3827,0.0,0.0,0.9239,-0.0042,28.2178,18.9663,-18.9663,8.7638,411.3013,411.3013,101.5842,120019.550,-113.1349,33.8188,b'N',b'W',b'\x00',b'A',0.0
1.0,4.0,19.6,-0.0566,-0.0875,9.9717,-0.0136,0.0014,-0.0253,-0.0079,-0.007,0.0035,99822.8089,29.1823,0.3827,0.0,0.0,0.9239,-0.0043,28.219,18.9663,-18.9663,8.7676,412.7393,412.7393,101.5884,120019.600,-113.1349,33.8188,b'N',b'W',b'\x00',b'A',0.0
1.0,4.0,19.65,0.0551,0.0454,9.908,0.0202,-0.0234,-0.0206,0.0185,0.0153,0.018,99817.6049,29.1794,0.3827,0.0,0.0,0.9239,-0.0101,28.2201,18.9663,-18.9663,8.7712,414.1778,414.1778,101.5925,120019.650,-113.1349,33.8188,b'N',b'W',b'\x00',b'A',0.0
1.0,4.0,19.7,0.0842,0.0543,9.8907,-0.0049,-0.012,0.0144,0.0051,0.0163,-0.0294,99812.399,29.1766,0.3827,0.0,0.0,0.9239,-0.0115,28.2213,18.9663,-18.9663,8.7749,415.617,415.617,101.5966,120019.700,-113.1349,33.8188,b'N',b'W',b'\x00',b'A',0.0
1.0,4.0,19.75,0.0166,0.0385,9.768,-0.013,-0.0044,0.0217,-0.0296,-0.0038,-0.0057,99807.1911,29.1737,0.3827,0.0,0.0,0.9239,0.0006,28.2224,18.9663,-18.9663,8.7785,417.0567,417.0567,101.6006,120019.750,-113.1349,33.8187,b'N',b'W',b'\x00',b'A',0.0
1.0,4.0,19.8,0.0912,0.0286,9.8927,-0.0251,0.005,-0.0191,0.017,-0.007,0.0166,99801.9813,29.1709,0.3827,0.0,0.0,0.9239,0.0031,28.2235,18.9663,-18.9663,8.782,418.497,418.497,101.6046,120019.800,-113.1349,33.8187,b'N',b'W',b'\x00',b'A',0.0
1.0,4.0,19.85,0.0275,0.1893,9.7101,0.0051,-0.0096,0.0005,-0.0001,0.0227,0.0013,99796.7697,29.168,0.3827,0.0,0.0,0.9239,-0.0143,28.2246,18.9663,-18.9663,8.7855,419.938,419.938,101.6085,120019.850,-113.1348,33.8187,b'N',b'W',b'\x00',b'A',0.0
1.0,4.0,19.9,0.0636,-0.1281,9.7677,0.0179,-0.0187,-0.0276,-0.0108,0.0333,0.0293,99791.5562,29.1652,0.3827,0.0,0.0,0.9239,0.0076,28.2256,18.9663,-18.9663,8.789,421.3794,421.3794,101.6123,120019.900,-113.1348,33.8187,b'N',b'W',b'\x00',b'A',0.0
1.0,4.0,19.95,-0.0846,-0.0066,9.9521,0.0055,-0.0238,-0.0036,0.0149,-0.015,-0.0315,99786.341,29.1623,0.3827,0.0,0.0,0.9239,0.0076,28.2267,18.9663,-18.9663,8.7924,422.8215,422.8215,101.6161,120019.950,-113.1348,33.8187,b'N',b'W',b'\x00',b'A',0.0
1.0,4.0,20.0,-0.0216,0.1359,9.9378,0.0448,-0.033,0.0167,-0.0033,-0.0053,-0.0338,99781.1239,29.1594,0.3827,0.0,0.0,0.9239,0.0097,28.2277,18.9663,-18.9663,8.7957,424.2641,424.2641,101.6199,120020.000,-113.1348,33.8187,b'N',b'W',b'\x00',b'A',0.0
1.0,4.0,20.05,0.0236,0.1517,9.6594,0.0286,-0.0047,-0.0087,-0.0233,0.007,0.0154,99775.9051,29.1566,0.3827,0.0,0.0,0.9239,0.003,28.2288,18.9663,-18.9663,8.799,425.7072,425.7072,101.6236,120020.050,-113.1348,33.8187,b'N',b'W',b'\x00',b'A',0.0
1.0,4.0,20.1,0.0985,-0.1706,9.6783,-0.0062,-0.0294,-0.005,0.037,0.0097,0.0173,99770.6846,29.1537,0.3827,0.0,0.0,0.9239,0.0064,28.2298,18.9663,-18.9663,8.8023,427.1509,427.1509,101.6272,120020.100,-113.1348,33.8187,b'N',b'W',b'\x00',b'A',0.0
1.0,4.0,20.15,-0.0472,-0.0375,9.823,-0.0064,-0.02,-0.0226,-0.0003,-0.0104,-0.0039,99765.4623,29.1509,0.3827,0.0,0.0,0.9239,0.0219,28.2308,18.9663,-18.9663,8.8055,428.5951,428.5951,101.6308,120020.150,-113.1348,33.8187,b'N',b'W',b'\x00',b'A',0.0
1.0,4.0,20.2,0.0625,0.163,10.0656,0.0094,-0.0079,-0.013,-0.0016,0.0377,0.008,99760.2384,29.148,0.3827,0.0,0.0,0.9239,-0.003,28.2318,18.9663,-18.9663,8.8086,430.0398,430.0398,101.6344,120020.200,-113.1348,33.8187,b'N',b'W',b'\x00',b'A',0.0
1.0,4.0,20.25,-0.0319,0.061,9.5193,-0.0168,-0.0267,0.0352,-0.0081,0.0084,0.0149,99755.0129,29.1451,0.3827,0.0,0.0,0.9239,-0.0105,28.2327,18.9663,-18.9663,8.8117,431.4851,431.4851,101.6379,120020.250,-113.1348,33.8187,b'N',b'W',b'\x00',b'A',0.0
1.0,4.0,20.3,-0.0141,0.0234,9.8484,0.0233,0.0076,0.0015,0.0236,0.0106,-0.0163,99749.7858,29.1423,0.3827,0.0,0.0,0.9239,-0.0153,28.2337,18.9663,-18.9663,8.8148,432.9308,432.9308,101.6413,120020.300,-113.1347,33.8186,b'N',b'W',b'\x00',b'A',0.0
1.0,4.0,20.35,0.0995,-0.0261,9.6002,0.0072,0.0148,-0.02,-0.0105,0.0352,-0.0141,99744.5571,29.1394,0.3827,0.0,0.0,0.9239,0.0176,28.2346,18.9663,-18.9663,8.8178,434.377,434.377,101.6447,120020.350,-113.1347,33.8186,b'N',b'W',b'\x00',b'A',0.0
1.0,4.0,20.4,-0.2392,-0.0461,9.7115,0.0051,-0.011,-0.0063,-0.0309,-0.009,0.0038,99739.3268,29.1365,0.3827,0.0,0.0,0.9239,0.0177,28.2356,18.9663,-18.9663,8.8207,435.8238,435.8238,101.648,120020.400,-113.1347,33.8186,b'N',b'W',b'\x00',b'A',0.0
1.0,4.0,20.45,-0.1556,0.0346,9.752,0.0137,-0.0087,-0.0319,-0.0136,-0.0018,0.0181,99734.0951,29.1337,0.3827,0.0,0.0,0.9239,-0.0092,28.2365,18.9663,-18.9663,8.8237,437.271,437.271,101.6513,120020.450,-113.1347,33.8186,b'N',b'W',b'\x00',b'A',0.0
1.0,4.0,20.5,-0.1779,-0.0303,9.7436,0.0345,0.0107,-0.0203,0.0265,-0.0251,-0.0233,99728.8618,29.1308,0.3827,0.0,0.0,0.9239,-0.0073,28.2374,18.9663,-18.9663,8.8265,438.7187,438.7187,101.6545,120020.500,-113.1347,33.8186,b'N',b'W',b'\x00',b'A',0.0
1.0,4.0,20.55,-0.28,-0.0051,9.7266,0.0034,-0.0143,0.0272,0.0166,-0.0034,-0.004,99723.6271,29.1279,0.3827,0.0,0.0,0.9239,-0.0032,28.2382,18.9663,-18.9663,8.8293,440.1668,440.1668,101.6577,120020.550,-113.1347,33.8186,b'N',b'W',b'\x00',b'A',0.0
1.0,4.0,20.6,-0.0814,0.0094,9.8077,-0.0023,-0.0157,-0.0028,-0.0051,-0.0298,-0.0049,99718.391,29.1251,0.3827,0.0,0.0,0.9239,0.0122,28.2391,18.9663,-18.9663,8.8321,441.6154,441.6154,101.6608,120020.600,-113.1347,33.8186,b'N',b'W',b'\x00',b'A',0.0
1.0,4.0,20.65,0.0899,-0.0814,9.7264,0.0302,0.0239,0.0378,0.0275,0.015,0.0084,99713.1534,29.1222,0.3827,0.0,0.0,0.9239,-0.0129,28.24,18.9663,-18.9663,8.8348,443.0645,443.0645,101.6638,120020.650,-113.1347,33.8186,b'N',b'W',b'\x00',b'A',0.0
1.0,4.0,20.7,-0.0342,0.0639,9.5873,0.0194,0.0177,-0.0019,0.015,0.0084,-0.0002,99707.9145,29.1193,0.3827,0.0,0.0,0.9239,-0.0197,28.2408,18.9663,-18.9663,8.8375,444.514,444.514,101.6668,120020.700,-113.1347,33.8186,b'N',b'W',b'\x00',b'A',0.0
1.0,4.0,20.75,0.0237,0.3497,9.9236,-0.0064,0.012,-0.0007,-0.0053,-0.0055,-0.0109,99702.6742,29.1165,0.3827,0.0,0.0,0.9239,0.0217,28.2416,18.9663,-18.9663,8.8401,445.9639,445.9639,101.6698,120020.750,-113.1347,33.8186,b'N',b'W',b'\x00',b'A',0.0
1.0,4.0,20.8,0.1307,-0.2132,9.9196,0.0001,0.0185,0.0128,-0.0033,-0.002,0.025,99697.4327,29.1136,0.3827,0.0,0.0,0.9239,0.0031,28.2424,18.9663,-18.9663,8.8427,447.4143,447.4143,101.6727,120020.800,-113.1346,33.8186,b'N',b'W',b'\x00',b'A',0.0
1.0,4.0,20.85,0.1593,0.0389,9.9331,0.0039,-0.0395,-0.0535,0.0066,0.0152,-0.0108,99692.1898,29.1107,0.3827,0.0,0.0,0.9239,0.0045,28.2432,18.9663,-18.9663,8.8452,448.8651,448.8651,101.6755,120020.850,-113.1346,33.8186,b'N',b'W',b'\x00',b'A',0.0
1.0,4.0,20.9,-0.0083,-0.0912,9.5755,0.0072,0.0271,0.0041,-0.0166,-0.0227,-0.0058,99686.9457,29.1078,0.3827,0.0,0.0,0.9239,-0.0021,28.244,18.9663,-18.9663,8.8477,450.3163,450.3163,101.6783,120020.900,-113.1346,33.8185,b'N',b'W',b'\x00',b'A',0.0
1.0,4.0,20.95,0.1624,0.0693,9.8515,-0.0271,0.0078,-0.001,0.0001,0.0041,-0.0318,99681.7003,29.105,0.3827,0.0,0.0,0.9239,0.0047,28.2447,18.9663,-18.9663,8.8501,451.7678,451.7678,101.6811,120020.950,-113.1346,33.8185,b'N',b'W',b'\x00',b'A',0.0
1.0,4.0,21.0,0.0111,0.0056,9.908,-0.0308,0.0202,0.0297,0.0062,0.014,-0.0143,99676.4538,29.1021,0.3827,0.0,0.0,0.9239,-0.0151,28.2455,18.9663,-18.9663,8.8525,453.2198,453.2198,101.6837,120021.000,-113.1346,33.8185,b'N',b'W',b'\x00',b'A',0.0
1.0,4.0,21.05,-0.1005,0.0914,9.652,-0.0177,0.0077,0.0193,-0.0337,-0.0356,0.0103,99671.2061,29.0992,0.3827,0.0,0.0,0.9239,-0.0084,28.2462,18.9663,-18.9663,8.8548,454.6722,454.6722,101.6864,120021.050,-113.1346,33.8185,b'N',b'W',b'\x00',b'A',0.0
1.0,4.0,21.1,-0.0713,0.1411,9.808,-0.0193,0.001,-0.0227,-0.0038,0.0137,0.0064,99665.9572,29.0963,0.3827,0.0,0.0,0.9239,0.0011,28.2469,18.9663,-18.9663,8.8571,456.1249,456.1249,101.6889,120021.100,-113.1346,33.8185,b'N',b'W',b'\x00',b'A',0.0
1.0,4.0,21.15,-0.1777,0.0231,9.7892,-0.0129,-0.0055,0.0248,-0.0061,-0.0335,0.012,99660.7072,29.0934,0.3827,0.0,0.0,0.9239,-0.0227,28.2476,18.9663,-18.9663,8.8593,457.5781,457.5781,101.6915,120021.150,-113.1346,33.8185,b'N',b'W',b'\x00',b'A',0.0
1.0,4.0,21.2,-0.1066,0.1358,10.083,0.0127,0.0073,-0.0052,0.0206,-0.0024,0.011,99655.4562,29.0906,0.3827,0.0,0.0,0.9239,-0.003,28.2483,18.9663,-18.9663,8.8615,459.0315,459.0315,101.6939,120021.200,-113.1346,33.8185,b'N',b'W',b'\x00',b'A',0.0
1.0,4.0,21.25,-0.043,-0.2813,10.0953,-0.0034,-0.0062,-0.0181,-0.0369,-0.0233,0.0418,99650.204,29.0877,0.3827,0.0,0.0,0.9239,-0.0036,28.249,18.9663,-18.9663,8.8636,460.4854,460.4854,101.6963,120021.250,-113.1346,33.8185,b'N',b'W',b'\x00',b'A',0.0
1.0,4.0,21.3,0.0964,0.1909,9.557,0.0039,0.0174,0.0039,-0.0076,0.0286,-0.015,99644.9509,29.0848,0.3827,0.0,0.0,0.9239,-0.003,28.2496,18.9663,-18.9663,8.8657,461.9396,461.9396,101.6987,120021.300,-113.1345,33.8185,b'N',b'W',b'\x00',b'A',0.0
1.0,4.0,21.35,0.2065,0.045,10.1807,-0.0245,-0.0317,-0.0041,-0.0096,-0.0231,-0.0324,99639.6967,29.0819,0.3827,0.0,0.0,0.9239,-0.0055,28.2503,18.9663,-18.9663,8.8678,463.3941,463.3941,101.701,120021.350,-113.1345,33.8185,b'N',b'W',b'\x00',b'A',0.0
1.0,4.0,21.4,-0.1659,0.1293,9.6694,-0.0092,-0.0108,0.0308,0.0192,-0.033,-0.021,99634.4416,29.079,0.3827,0.0,0.0,0.9239,-0.01,28.2509,18.9663,-18.9663,8.8698,464.8489,464.8489,101.7033,120021.400,-113.1345,33.8185,b'N',b'W',b'\x00',b'A',0.0
1.0,4.0,21.45,0.0471,-0.1464,9.9538,0.0117,0.0409,0.0068,-0.0009,0.0027,-0.0141,99629.1855,29.0762,0.3827,0.0,0.0,0.9239,-0.0182,28.2515,18.9663,-18.9663,8.8717,466.3041,466.3041,101.7055,120021.450,-113.1345,33.8185,b'N',b'W',b'\x00',b'A',0.0
1.0,4.0,21.5,-0.1249,-0.0997,9.9522,0.0119,-0.0125,0.0041,0.0359,-0.0083,-0.0195,99623.9286,29.0733,0.3827,0.0,0.0,0.9239,0.0014,28.2521,18.9663,-18.9663,8.8736,467.7596,467.7596,101.7076,120021.500,-113.1345,33.8184,b'N',b'W',b'\x00',b'A',0.0
1.0,4.0,21.55,0.057,0.0175,9.6573,-0.0145,-0.0048,0.018,0.0132,-0.0301,0.0019,99618.6707,29.0704,0.3827,0.0,0.0,0.9239,-0.003,28.2527,18.9663,-18.9663,8.8755,469.2154,469.2154,101.7097,120021.550,-113.1345,33.8184,b'N',b'W',b'\x00',b'A',0.0
1.0,4.0,21.6,-0.0157,-0.002,9.8806,0.0032,-0.0177,0.0219,-0.0082,0.0105,0.0251,99613.412,29.0675,0.3827,0.0,0.0,0.9239,-0.0138,28.2533,18.9663,-18.9663,8.8773,470.6715,470.6715,101.7118,120021.600,-113.1345,33.8184,b'N',b'W',b'\x00',b'A',0.0
1.0,4.0,21.65,-0.2197,0.034,9.7905,0.044,0.0067,0.0157,0.0048,-0.0398,0.0308,99608.1524,29.0646,0.3827,0.0,0.0,0.9239,0.0006,28.2538,18.9663,-18.9663,8.879,472.1279,472.1279,101.7137,120021.650,-113.1345,33.8184,b'N',b'W',b'\x00',b'A',0.0
1.0,4.0,21.7,0.1114,0.1301,9.8898,-0.0004,-0.0147,0.0284,-0.0071,-0.0207,0.0101,99602.892,29.0617,0.3827,0.0,0.0,0.9239,-0.0029,28.2544,18.9663,-18.9663,8.8807,473.5845,473.5845,101.7157,120021.700,-113.1345,33.8184,b'N',b'W',b'\x00',b'A',0.0
1.0,4.0,21.75,-0.0726,-0.2118,9.8413,-0.0139,-0.0037,0.0122,0.0172,-0.0115,0.0428,99597.6309,29.0588,0.3827,0.0,0.0,0.9239,-0.0046,28.2549,18.9663,-18.9663,8.8824,475.0415,475.0415,101.7176,120021.750,-113.1345,33.8184,b'N',b'W',b'\x00',b'A',0.0
1.0,4.0,21.8,-0.0641,0.1169,9.9861,-0.0035,0.017,0.0034,-0.0266,0.016,-0.0071,99592.369,29.056,0.3827,0.0,0.0,0.9239,-0.0216,28.2554,18.9663,-18.9663,8.884,476.4987,476.4987,101.7194,120021.800,-113.1344,33.8184,b'N',b'W',b'\x00',b'A',0.0
1.0,4.0,21.85,-0.1284,0.001,9.818,0.0018,-0.014,0.0248,-0.0165,0.0259,-0.0327,99587.1064,29.0531,0.3827,0.0,0.0,0.9239,0.0068,28.2559,18.9663,-18.9663,8.8856,477.9562,477.9562,101.7212,120021.850,-113.1344,33.8184,b'N',b'W',b'\x00',b'A',0.0
1.0,4.0,21.9,-0.0785,-0.0245,9.7815,-0.003,0.0158,-0.0018,0.0091,0.0221,0.0211,99581.8432,29.0502,0.3827,0.0,0.0,0.9239,-0.0123,28.2564,18.9663,-18.9663,8.8871,479.4139,479.4139,101.7229,120021.900,-113.1344,33.8184,b'N',b'W',b'\x00',b'A',0.0
1.0,4.0,21.95,0.0513,-0.1765,9.9711,-0.0006,0.0164,0.0007,0.0245,-0.0031,-0.0368,99576.5792,29.0473,0.3827,0.0,0.0,0.9239,0.0006,28.2568,18.9663,-18.9663,8.8886,480.8719,480.8719,101.7245,120021.950,-113.1344,33.8184,b'N',b'W',b'\x00',b'A',0.0
1.0,4.0,22.0,-0.0227,0.0604,9.8937,-0.0289,0.0211,0.0344,-0.044,-0.0485,-0.0151,99571.3146,29.0444,0.3827,0.0,0.0,0.9239,-0.0081,28.2573,18.9663,-18.9663,8.89,482.3301,482.3301,101.7262,120022.000,-113.1344,33.8184,b'N',b'W',b'\x00',b'A',0.0
1.0,4.0,22.05,0.0394,-0.2897,9.9164,-0.0193,0.0028,0.0324,0.0275,0.0078,0.0104,99566.0494,29.0415,0.3827,0.0,0.0,0.9239,-0.0039,28.2577,18.9663,-18.9663,8.8914,483.7886,483.7886,101.7277,120022.050,-113.1344,33.8184,b'N',b'W',b'\x00',b'A',0.0
1.0,4.0,22.1,0.0434,0.0778,9.707,-0.003,0.0648,-0.0002,-0.0028,0.0294,-0.002,99560.7837,29.0386,0.3827,0.0,0.0,0.9239,0.0115,28.2581,18.9663,-18.9663,8.8927,485.2472,485.2472,101.7292,120022.100,-113.1344,33.8183,b'N',b'W',b'\x00',b'A',0.0
1.0,4.0,22.15,0.1585,-0.1791,9.6499,-0.0033,0.0211,-0.0091,-0.0377,0.0247,-0.0038,99555.5174,29.0357,0.3827,0.0,0.0,0.9239,0.0053,28.2585,18.9663,-18.9663,8.894,486.7061,486.7061,101.7307,120022.150,-113.1344,33.8183,b'N',b'W',b'\x00',b'A',0.0
1.0,4.0,22.2,-0.0411,0.0064,9.7215,-0.0113,0.0065,0.0293,-0.06,0.0093,-0.0236,99550.2505,29.0328,0.3827,0.0,0.0,0.9239,0.0113,28.2589,18.9663,-18.9663,8.8952,488.1652,488.1652,101.7321,120022.200,-113.1344,33.8183,b'N',b'W',b'\x00',b'A',0.0
1.0,4.0,22.25,-0.1772,-0.0143,9.7135,-0.0035,-0.0175,0.016,-0.0306,-0.0238,-0.0002,99544.9832,29.03,0.3827,0.0,0.0,0.9239,0.0033,28.2593,18.9663,-18.9663,8.8964,489.6245,489.6245,101.7334,120022.250,-113.1343,33.8183,b'N',b'W',b'\x00',b'A',0.0
1.0,4.0,22.3,0.1281,0.1403,9.9246,0.0012,-0.0019,0.0063,-0.0004,-0.0105,0.0201,99539.7154,29.0271,0.3827,0.0,0.0,0.9239,0.004,28.2596,18.9663,-18.9663,8.8976,491.084,491.084,101.7347,120022.300,-113.1343,33.8183,b'N',b'W',b'\x00',b'A',0.0
1.0,4.0,22.35,-0.0398,-0.0214,9.953,0.0178,0.0285,-0.0064,-0.0013,0.0387,0.0004,99534.4472,29.0242,0.3827,0.0,0.0,0.9239,-0.0178,28.26,18.9663,-18.9663,8.8987,492.5437,492.5437,101.736,120022.350,-113.1343,33.8183,b'N',b'W',b'\x00',b'A',0.0
1.0,4.0,22.4,0.1338,-0.0833,9.7834,-0.002,0.0342,0.0066,0.0127,-0.0283,-0.0166,99529.1786,29.0213,0.3827,0.0,0.0,0.9239,-0.0032,28.2603,18.9663,-18.9663,8.8997,494.0035,494.0035,101.7372,120022.400,-113.1343,33.8183,b'N',b'W',b'\x00',b'A',0.0
1.0,4.0,22.45,0.046,-0.0608,10.0213,0.008,0.0296,-0.0004,-0.011,-0.023,-0.025,99523.9095,29.0184,0.3827,0.0,0.0,0.9239,-0.0022,28.2606,18.9663,-18.9663,8.9007,495.4635,495.4635,101.7383,120022.450,-113.1343,33.8183,b'N',b'W',b'\x00',b'A',0.0
1.0,4.0,22.5,-0.0157,0.1527,10.0119,-0.0108,0.0157,-0.0133,-0.0222,0.0189,-0.0162,99518.6402,29.0155,0.3827,0.0,0.0,0.9239,0.0122,28.2609,18.9663,-18.9663,8.9017,496.9237,496.9237,101.7394,120022.500,-113.1343,33.8183,b'N',b'W',b'\x00',b'A',0.0
1.0,4.0,22.55,0.0419,0.0644,9.8432,0.0114,-0.0251,0.0026,-0.0083,-0.0086,0.0078,99513.3705,29.0126,0.3827,0.0,0.0,0.9239,-0.0051,28.2612,18.9663,-18.9663,8.9026,498.384,498.384,101.7404,120022.550,-113.1343,33.8183,b'N',b'W',b'\x00',b'A',0.0
1.0,4.0,22.6,0.2341,-0.0463,9.6834,0.0075,0.0097,0.0053,0.0007,-0.0236,0.0069,99508.1005,29.0097,0.3827,0.0,0.0,0.9239,0.0026,28.2615,18.9663,-18.9663,8.9034,499.8445,499.8445,101.7414,120022.600,-113.1343,33.8183,b'N',b'W',b'\x00',b'A',0.0
1.0,4.0,22.65,0.2492,-0.0284,10.043,0.0173,-0.0248,-0.0075,0.0046,0.0306,-0.016,99502.8302,29.0068,0.3827,0.0,0.0,0.9239,0.0023,28.2618,18.9663,-18.9663,8.9043,501.3051,501.3051,101.7423,120022.650,-113.1343,33.8182,b'N',b'W',b'\x00',b'A',0.0
1.0,4.0,22.7,0.0083,-0.1881,9.7975,0.0143,-0.0297,0.0181,-0.0158,0.0092,-0.0442,99497.5597,29.0039,0.3827,0.0,0.0,0.9239,0.0116,28.262,18.9663,-18.9663,8.905,502.7658,502.7658,101.7432,120022.700,-113.1343,33.8182,b'N',b'W',b'\x00',b'A',0.0
1.0,4.0,22.75,0.0192,0.0466,9.8256,0.0118,0.0048,0.0258,0.018,-0.0076,0.0084,99492.2889,29.001,0.3827,0.0,0.0,0.9239,-0.0013,28.2622,18.9663,-18.9663,8.9058,504.2267,504.2267,101.744,120022.750,-113.1342,33.8182,b'N',b'W',b'\x00',b'A',0.0
1.0,4.0,22.8,0.1291,-0.2112,9.7557,-0.002,0.0105,0.0194,-0.0124,-0.0229,-0.018,99487.018,28.9981,0.3827,0.0,0.0,0.9239,0.0083,28.2624,18.9663,-18.9663,8.9064,505.6877,505.6877,101.7448,120022.800,-113.1342,33.8182,b'N',b'W',b'\x00',b'A',0.0
1.0,4.0,22.85,-0.1015,0.0902,9.6732,0.0049,0.0181,-0.0055,-0.0174,0.0409,0.0138,99481.7469,28.9952,0.3827,0.0,0.0,0.9239,-0.017,28.2626,18.9663,-18.9663,8.9071,507.1487,507.1487,101.7455,120022.850,-113.1342,33.8182,b'N',b'W',b'\x00',b'A',0.0
1.0,4.0,22.9,0.04,0.0154,9.5864,0.0213,0.0099,0.0151,-0.0108,-0.0005,-0.0151,99476.4757,28.9923,0.3827,0.0,0.0,0.9239,-0.0161,28.2628,18.9663,-18.9663,8.9077,508.6099,508.6099,101.7462,120022.900,-113.1342,33.8182,b'N',b'W',b'\x00',b'A',0.0
1.0,4.0,22.95,-0.0031,0.2864,9.9016,-0.013,0.0106,0.0016,0.0215,0.0279,-0.0198,99471.2044,28.9894,0.3827,0.0,0.0,0.9239,-0.0228,28.263,18.9663,-18.9663,8.9082,510.0712,510.0712,101.7468,120022.950,-113.1342,33.8182,b'N',b'W',b'\x00',b'A',0.0
1.0,4.0,23.0,0.0377,-0.132,9.6891,-0.0126,-0.0197,-0.0247,-0.0027,0.0179,0.0031,99465.933,28.9866,0.3827,0.0,0.0,0.9239,0.0079,28.2632,18.9663,-18.9663,8.9087,511.5326,511.5326,101.7473,120023.000,-113.1342,33.8182,b'N',b'W',b'\x00',b'A',0.0
1.0,4.0,23.05,-0.1,-0.0123,10.2656,0.0036,-0.0021,0.0135,-0.0139,-0.0104,0.0472,99460.6615,28.9837,0.3827,0.0,0.0,0.9239,0.0067,28.2633,18.9663,-18.9663,8.9091,512.994,512.994,101.7479,120023.050,-113.1342,33.8182,b'N',b'W',b'\x00',b'A',0.0
1.0,4.0,23.1,-0.1907,0.2158,9.6437,0.0083,-0.0301,0.0029,0.0185,-0.0103,0.015,99455.3901,28.9808,0.3827,0.0,0.0,0.9239,0.009,28.2634,18.9663,-18.9663,8.9095,514.4555,514.4555,101.7483,120023.100,-113.1342,33.8182,b'N',b'W',b'\x00',b'A',0.0
1.0,4.0,23.15,-0.2488,0.143,9.618,-0.0165,-0.0401,0.0519,0.0429,0.0289,0.0027,99450.1186,28.9779,0.3827,0.0,0.0,0.9239,-0.0068,28.2635,18.9663,-18.9663,8.9099,515.9171,515.9171,101.7487,120023.150,-113.1342,33.8182,b'N',b'W',b'\x00',b'A',0.0
1.0,4.0,23.2,-0.1341,-0.0835,9.8832,-0.0015,0.0148,0.0291,0.0042,0.0293,0.0072,99444.8471,28.975,0.3827,0.0,0.0,0.9239,-0.0056,28.2636,18.9663,-18.9663,8.9102,517.3787,517.3787,101.7491,120023.200,-113.1342,33.8182,b'N',b'W',b'\x00',b'A',0.0
1.0,4.0,23.25,-0.055,0.0269,10.036,-0.0019,-0.0151,0.0142,0.0247,-0.0375,-0.035,99439.5758,28.9721,0.3827,0.0,0.0,0.9239,-0.0012,28.2637,18.9663,-18.9663,8.9105,518.8404,518.8404,101.7494,120023.250,-113.1341,33.8181,b'N',b'W',b'\x00',b'A',0.0
1.0,4.0,23.3,-0.0352,0.0002,9.8163,-0.0443,0.0174,0.005,0.0207,0.011,-0.0224,99434.3045,28.9692,0.3827,0.0,0.0,0.9239,0.0144,28.2638,18.9663,-18.9663,8.9107,520.3021,520.3021,101.7496,120023.300,-113.1341,33.8181,b'N',b'W',b'\x00',b'A',0.0
1.0,4.0,23.35,0.2325,0.0338,9.8925,-0.0044,0.0222,0.0033,-0.0121,-0.0024,-0.0502,99429.0333,28.9663,0.3827,0.0,0.0,0.9239,0.0169,28.2638,18.9663,-18.9663,8.9108,521.7638,521.7638,101.7498,120023.350,-113.1341,33.8181,b'N',b'W',b'\x00',b'A',0.0
1.0,4.0,23.4,0.1327,-0.0838,9.5301,-0.0031,-0.0124,-0.0201,0.0005,-0.0207,0.0346,99423.7622,28.9634,0.3827,0.0,0.0,0.9239,0.0079,28.2639,18.9663,-18.9663,8.911,523.2256,523.2256,101.7499,120023.400,-113.1341,33.8181,b'N',b'W',b'\x00',b'A',0.0
1.0,4.0,23.45,-0.1155,-0.0107,9.705,-0.0032,0.0118,-0.0348,-0.0257,0.0052,0.0305,99418.4913,28.9605,0.3827,0.0,0.0,0.9239,0.0033,28.2639,18.9663,-18.9663,8.911,524.6874,524.6874,101.75,120023.450,-113.1341,33.8181,b'N',b'W',b'\x00',b'A',0.0
1.0,4.0,23.5,0.0417,-0.1918,9.6456,0.0283,-0.0132,-0.0175,-0.0041,-0.027,0.0079,99413.2207,28.9576,0.3827,0.0,0.0,0.9239,0.0134,28.2639,18.9663,-18.9663,8.9111,526.1491,526.1491,101.7501,120023.500,-113.1341,33.8181,b'N',b'W',b'\x00',b'A',0.0
1.0,4.0,23.55,-0.0488,0.0162,9.5224,-0.0243,-0.0369,-0.001,-0.0125,-0.0093,0.0027,99407.9502,28.9547,0.3827,0.0,0.0,0.9239,-0.0026,28.2639,18.9663,-18.9663,8.9111,527.6109,527.6109,101.75,120023.550,-113.1341,33.8181,b'N',b'W',b'\x00',b'A',0.0
1.0,4.0,23.6,-0.0341,0.054,9.8242,-0.0165,0.0025,-0.0421,-0.0081,-0.016,-0.031,99402.68,28.9518,0.3827,0.0,0.0,0.9239,-0.0039,28.2639,18.9663,-18.9663,8.911,529.0727,529.0727,101.75,120023.600,-113.1341,33.8181,b'N',b'W',b'\x00',b'A',0.0
1.0,4.0,23.65,0.0222,-0.0273,9.4702,-0.0522,-0.0094,-0.0109,-0.015,-0.01,-0.0044,99397.41,28.9489,0.3827,0.0,0.0,0.9239,-0.0013,28.2638,18.9663,-18.9663,8.9109,530.5345,530.5345,101.7499,120023.650,-113.1341,33.8181,b'N',b'W',b'\x00',b'A',0.0
1.0,4.0,23.7,0.0743,-0.1938,9.6083,-0.0096,-0.0088,-0.005,-0.0057,-0.0014,0.0358,99392.1404,28.946,0.3827,0.0,0.0,0.9239,-0.0098,28.2638,18.9663,-18.9663,8.9107,531.9962,531.9962,101.7497,120023.700,-113.1341,33.8181,b'N',b'W',b'\x00',b'A',0.0
1.0,4.0,23.75,-0.0407,0.1186,9.7261,-0.0079,0.0395,-0.0043,0.0106,-0.0203,0.0026,99386.8711,28.9431,0.3827,0.0,0.0,0.9239,-0.0018,28.2637,18.9663,-18.9663,8.9105,533.458,533.458,101.7495,120023.750,-113.134,33.8181,b'N',b'W',b'\x00',b'A',0.0
1.0,4.0,23.8,0.1277,0.0437,9.682,-0.0102,-0.0305,-0.0132,-0.0024,0.0315,-0.0113,99381.6021,28.9402,0.3827,0.0,0.0,0.9239,-0.0112,28.2637,18.9663,-18.9663,8.9103,534.9196,534.9196,101.7492,120023.800,-113.134,33.8181,b'N',b'W',b'\x00',b'A',0.0
1.0,4.0,23.85,-0.137,-0.0871,9.8661,0.0222,0.0077,-0.0068,-0.0373,0.0099,-0.0352,99376.3335,28.9373,0.3827,0.0,0.0,0.9239,0.0103,28.2636,18.9663,-18.9663,8.91,536.3813,536.3813,101.7489,120023.850,-113.134,33.818,b'N',b'W',b'\x00',b'A',0.0
1.0,4.0,23.9,0.0008,-0.0337,9.8525,0.0172,-0.0199,0.0345,-0.0149,0.0359,0.0276,99371.0654,28.9344,0.3827,0.0,0.0,0.9239,0.0054,28.2635,18.9663,-18.9663,8.9097,537.8429,537.8429,101.7485,120023.900,-113.134,33.818,b'N',b'W',b'\x00',b'A',0.0
1.0,4.0,23.95,0.3117,-0.1801,9.9407,0.0016,0.0182,0.0132,-0.0304,-0.0032,-0.0014,99365.7977,28.9315,0.3827,0.0,0.0,0.9239,0.0143,28.2633,18.9663,-18.9663,8.9093,539.3044,539.3044,101.748,120023.950,-113.134,33.818,b'N',b'W',b'\x00',b'A',0.0
1.0,4.0,24.0,0.0268,-0.123,9.9195,-0.0074,0.006,-0.0112,0.0049,-0.011,-0.0351,99360.5304,28.9286,0.3827,0.0,0.0,0.9239,-0.0163,28.2632,18.9663,-18.9663,8.9089,540.7659,540.7659,101.7476,120024.000,-113.134,33.818,b'N',b'W',b'\x00',b'A',0.0
1.0,4.0,24.05,0.172,-0.0645,9.9778,0.0205,0.0076,-0.0014,0.0101,0.0352,-0.0185,99355.2636,28.9257,0.3827,0.0,0.0,0.9239,0.019,28.2631,18.9663,-18.9663,8.9084,542.2273,542.2273,101.747,120024.050,-113.134,33.818,b'N',b'W',b'\x00',b'A',0.0
1.0,4.0,24.1,0.011,0.1474,9.8064,-0.0004,-0.0189,-0.0006,0.0051,-0.0116,-0.0256,99349.9974,28.9228,0.3827,0.0,0.0,0.9239,-0.0157,28.2629,18.9663,-18.9663,8.9079,543.6886,543.6886,101.7464,120024.100,-113.134,33.818,b'N',b'W',b'\x00',b'A',0.0
1.0,4.0,24.15,0.0697,-0.0767,9.8522,-0.0164,-0.0153,-0.0154,-0.0157,-0.0036,-0.0026,99344.7317,28.9199,0.3827,0.0,0.0,0.9239,-0.012,28.2627,18.9663,-18.9663,8.9073,545.1498,545.1498,101.7458,120024.150,-113.134,33.818,b'N',b'W',b'\x00',b'A',0.0
1.0,4.0,24.2,-0.0068,0.0768,9.8834,-0.0343,0.0185,-0.0154,0.0049,0.0144,0.0041,99339.4665,28.9171,0.3827,0.0,0.0,0.9239,-0.0062,28.2625,18.9663,-18.9663,8.9067,546.6109,546.6109,101.7451,120024.200,-113.1339,33.818,b'N',b'W',b'\x00',b'A',0.0
1.0,4.0,24.25,-0.0204,-0.0646,9.8279,-0.0088,0.0354,0.0202,-0.0094,-0.0248,-0.0101,99334.202,28.9142,0.3827,0.0,0.0,0.9239,0.0131,28.2623,18.9663,-18.9663,8.9061,548.072,548.072,101.7444,120024.250,-113.1339,33.818,b'N',b'W',b'\x00',b'A',0.0
1.0,4.0,24.3,-0.0935,0.0298,9.7471,0.0151,0.0096,-0.0084,-0.0228,0.0142,0.0155,99328.9381,28.9113,0.3827,0.0,0.0,0.9239,0.0023,28.2621,18.9663,-18.9663,8.9054,549.5329,549.5329,101.7436,120024.300,-113.1339,33.818,b'N',b'W',b'\x00',b'A',0.0
1.0,4.0,24.35,0.0516,-0.017,9.7568,0.0455,-0.0179,-0.0219,0.0148,0.0117,0.0016,99323.6748,28.9084,0.3827,0.0,0.0,0.9239,-0.0024,28.2619,18.9663,-18.9663,8.9046,550.9937,550.9937,101.7428,120024.350,-113.1339,33.818,b'N',b'W',b'\x00',b'A',0.0
1.0,4.0,24.4,-0.1022,0.1048,9.684,0.0012,0.0068,-0.0009,0.0164,0.0254,0.0212,99318.4122,28.9055,0.3827,0.0,0.0,0.9239,-0.0079,28.2616,18.9663,-18.9663,8.9038,552.4543,552.4543,101.7419,120024.400,-113.1339,33.8179,b'N',b'W',b'\x00',b'A',0.0
1.0,4.0,24.45,0.0799,-0.0642,9.8699,-0.0153,0.0485,0.0024,0.019,0.0178,-0.0071,99313.1503,28.9026,0.3827,0.0,0.0,0.9239,-0.0138,28.2614,18.9663,-18.9663,8.903,553.9149,553.9149,101.7409,120024.450,-113.1339,33.8179,b'N',b'W',b'\x00',b'A',0.0
1.0,4.0,24.5,0.1302,-0.1887,9.7925,-0.0237,0.002,-0.0395,-0.0122,0.026,0.0609,99307.8892,28.8997,0.3827,0.0,0.0,0.9239,0.0113,28.2611,18.9663,-18.9663,8.9021,555.3753,555.3753,101.7399,120024.500,-113.1339,33.8179,b'N',b'W',b'\x00',b'A',0.0
1.0,4.0,24.55,0.044,-0.1658,9.7072,0.011,0.0292,-0.0008,0.0236,-0.0022,-0.0113,99302.6288,28.8968,0.3827,0.0,0.0,0.9239,0.008,28.2608,18.9663,-18.9663,8.9012,556.8355,556.8355,101.7389,120024.550,-113.1339,33.8179,b'N',b'W',b'\x00',b'A',0.0
1.0,4.0,24.6,-0.0343,-0.0638,9.7073,-0.0353,-0.0148,0.0174,-0.0099,-0.0173,-0.0181,99297.3692,28.8939,0.3827,0.0,0.0,0.9239,0.0135,28.2605,18.9663,-18.9663,8.9002,558.2956,558.2956,101.7378,120024.600,-113.1339,33.8179,b'N',b'W',b'\x00',b'A',0.0
1.0,4.0,24.65,0.0545,-0.1499,9.6251,0.011,-0.0008,0.009,0.0131,0.0422,-0.0205,99292.1104,28.891,0.3827,0.0,0.0,0.9239,0.004,28.2602,18.9663,-18.9663,8.8992,559.7555,559.7555,101.7366,120024.650,-113.1339,33.8179,b'N',b'W',b'\x00',b'A',0.0
1.0,4.0,24.7,-0.037,0.0492,9.9535,0.0164,0.0124,0.0446,-0.0102,-0.0305,-0.0042,99286.8524,28.8881,0.3827,0.0,0.0,0.9239,-0.0264,28.2598,18.9663,-18.9663,8.8982,561.2153,561.2153,101.7354,120024.700,-113.1338,33.8179,b'N',b'W',b'\x00',b'A',0.0
1.0,4.0,24.75,0.1123,-0.0559,9.8184,0.0087,0.0079,0.025,-0.0045,-0.0285,-0.0344,99281.5953,28.8852,0.3827,0.0,0.0,0.9239,-0.0124,28.2595,18.9663,-18.9663,8.8971,562.6749,562.6749,101.7342,120024.750,-113.1338,33.8179,b'N',b'W',b'\x00',b'A',0.0
1.0,4.0,24.8,-0.2198,0.285,9.6772,-0.0044,-0.0153,0.029,-0.0484,0.0113,0.0059,99276.3391,28.8823,0.3827,0.0,0.0,0.9239,0.0046,28.2591,18.9663,-18.9663,8.8959,564.1343,564.1343,101.7329,120024.800,-113.1338,33.8179,b'N',b'W',b'\x00',b'A',0.0
1.0,4.0,24.85,-0.0403,-0.2085,9.9279,0.0113,-0.0162,0.056,-0.006,0.0325,-0.0381,99271.0838,28.8794,0.3827,0.0,0.0,0.9239,-0.0037,28.2588,18.9663,-18.9663,8.8947,565.5935,565.5935,101.7315,120024.850,-113.1338,33.8179,b'N',b'W',b'\x00',b'A',0.0
1.0,4.0,24.9,-0.2389,0.0244,9.7226,0.0034,0.0198,0.0152,0.0018,0.0038,0.0032,99265.8294,28.8766,0.3827,0.0,0.0,0.9239,-0.0056,28.2584,18.9663,-18.9663,8.8935,567.0525,567.0525,101.7301,120024.900,-113.1338,33.8179,b'N',b'W',b'\x00',b'A',0.0
1.0,4.0,24.95,-0.1794,-0.1354,9.5957,-0.0156,0.0238,0.0033,-0.0082,0.02,-0.027,99260.576,28.8737,0.3827,0.0,0.0,0.9239,-0.011,28.258,18.9663,-18.9663,8.8922,568.5113,568.5113,101.7287,120024.950,-113.1338,33.8179,b'N',b'W',b'\x00',b'A',0.0
1.0,4.0,25.0,0.1637,-0.0592,9.9598,0.037,0.0302,0.0195,0.0351,-0.0399,-0.0076,99255.3236,28.8708,0.3827,0.0,0.0,0.9239,0.0095,28.2576,18.9663,-18.9663,8.8909,569.9699,569.9699,101.7272,120025.000,-113.1338,33.8178,b'N',b'W',b'\x00',b'A',0.0
1.0,4.0,25.05,0.1074,0.017,9.7261,-0.007,0.0361,-0.0112,-0.0232,-0.01,0.0121,99250.0722,28.8679,0.3827,0.0,0.0,0.9239,0.0046,28.2571,18.9663,-18.9663,8.8895,571.4283,571.4283,101.7256,120025.050,-113.1338,33.8178,b'N',b'W',b'\x00',b'A',0.0
1.0,4.0,25.1,-0.0863,-0.279,9.7453,0.0155,0.0027,0.0022,-0.0113,-0.0375,0.0461,99244.8219,28.865,0.3827,0.0,0.0,0.9239,0.005,28.2567,18.9663,-18.9663,8.8881,572.8864,572.8864,101.724,120025.100,-113.1338,33.8178,b'N',b'W',b'\x00',b'A',0.0
1.0,4.0,25.15,-0.1803,0.0284,9.8128,-0.0484,-0.0062,-0.013,-0.0181,0.0156,-0.0216,99239.5727,28.8621,0.3827,0.0,0.0,0.9239,-0.0063,28.2562,18.9663,-18.9663,8.8867,574.3443,574.3443,101.7224,120025.150,-113.1338,33.8178,b'N',b'W',b'\x00',b'A',0.0
1.0,4.0,25.2,-0.3557,0.2283,9.978,0.0255,0.027,0.008,-0.0113,-0.0309,-0.003,99234.3245,28.8592,0.3827,0.0,0.0,0.9239,0.0018,28.2557,18.9663,-18.9663,8.8852,575.802,575.802,101.7207,120025.200,-113.1337,33.8178,b'N',b'W',b'\x00',b'A',0.0
1.0,4.0,25.25,-0.0652,-0.0544,9.8097,0.0294,0.0143,-0.013,0.0206,-0.0256,-0.0145,99229.0775,28.8563,0.3827,0.0,0.0,0.9239,-0.0134,28.2553,18.9663,-18.9663,8.8836,577.2594,577.2594,101.7189,120025.250,-113.1337,33.8178,b'N',b'W',b'\x00',b'A',0.0
1.0,4.0,25.3,0.2904,0.0312,9.6268,0.0006,-0.0196,-0.0137,0.0296,0.0103,-0.0174,99223.8316,28.8534,0.3827,0.0,0.0,0.9239,-0.0013,28.2548,18.9663,-18.9663,8.882,578.7166,578.7166,101.7171,120025.300,-113.1337,33.8178,b'N',b'W',b'\x00',b'A',0.0
1.0,4.0,25.35,0.0522,0.123,9.8882,0.0112,-0.0207,0.0083,-0.014,0.0212,-0.0143,99218.5869,28.8506,0.3827,0.0,0.0,0.9239,-0.0253,28.2542,18.9663,-18.9663,8.8804,580.1735,580.1735,101.7153,120025.350,-113.1337,33.8178,b'N',b'W',b'\x00',b'A',0.0
1.0,4.0,25.4,-0.0671,-0.0197,9.7339,0.0112,0.0098,-0.0028,-0.0145,-0.0032,0.0165,99213.3434,28.8477,0.3827,0.0,0.0,0.9239,-0.0157,28.2537,18.9663,-18.9663,8.8787,581.6301,581.6301,101.7134,120025.400,-113.1337,33.8178,b'N',b'W',b'\x00',b'A',0.0
1.0,4.0,25.45,0.0558,-0.0697,10.0898,-0.0129,-0.0035,-0.0386,-0.0231,0.0114,-0.0098,99208.1011,28.8448,0.3827,0.0,0.0,0.9239,-0.0032,28.2532,18.9663,-18.9663,8.877,583.0864,583.0864,101.7114,120025.450,-113.1337,33.8178,b'N',b'W',b'\x00',b'A',0.0
1.0,4.0,25.5,-0.1873,-0.2731,9.8065,0.0109,-0.0005,-0.0291,0.0261,0.0108,0.045,99202.8601,28.8419,0.3827,0.0,0.0,0.9239,0.0238,28.2526,18.9663,-18.9663,8.8752,584.5425,584.5425,101.7094,120025.500,-113.1337,33.8178,b'N',b'W',b'\x00',b'A',0.0
1.0,4.0,25.55,-0.0357,0.0769,9.4714,-0.0162,0.0215,-0.0229,0.0224,-0.0043,0.0083,99197.6204,28.839,0.3827,0.0,0.0,0.9239,-0.018,28.2521,18.9663,-18.9663,8.8734,585.9983,585.9983,101.7074,120025.550,-113.1337,33.8178,b'N',b'W',b'\x00',b'A',0.0
1.0,4.0,25.6,0.0119,-0.0136,9.8603,-0.0122,0.0152,-0.0177,-0.0021,-0.0219,-0.0202,99192.3819,28.8361,0.3827,0.0,0.0,0.9239,-0.0124,28.2515,18.9663,-18.9663,8.8715,587.4537,587.4537,101.7053,120025.600,-113.1337,33.8177,b'N',b'W',b'\x00',b'A',0.0
1.0,4.0,25.65,-0.0103,-0.1215,10.0983,0.0225,0.0266,0.0083,-0.0279,0.0113,-0.0073,99187.1448,28.8333,0.3827,0.0,0.0,0.9239,0.0022,28.2509,18.9663,-18.9663,8.8696,588.9089,588.9089,101.7031,120025.650,-113.1337,33.8177,b'N',b'W',b'\x00',b'A',0.0
1.0,4.0,25.7,0.0949,0.0152,10.043,0.0195,-0.0386,0.0044,-0.0261,0.0123,-0.016,99181.9091,28.8304,0.3827,0.0,0.0,0.9239,0.0177,28.2503,18.9663,-18.9663,8.8677,590.3637,590.3637,101.7009,120025.700,-113.1336,33.8177,b'N',b'W',b'\x00',b'A',0.0
1.0,4.0,25.75,0.0414,-0.07,10.0813,-0.0141,0.0051,0.0213,0.0034,0.0179,0.016,99176.6748,28.8275,0.3827,0.0,0.0,0.9239,0.002,28.2496,18.9663,-18.9663,8.8657,591.8182,591.8182,101.6987,120025.750,-113.1336,33.8177,b'N',b'W',b'\x00',b'A',0.0
1.0,4.0,25.8,0.0802,-0.0634,9.6537,-0.0147,0.0139,0.0151,0.011,0.0062,-0.0328,99171.4418,28.8246,0.3827,0.0,0.0,0.9239,0.007,28.249,18.9663,-18.9663,8.8637,593.2724,593.2724,101.6964,120025.800,-113.1336,33.8177,b'N',b'W',b'\x00',b'A',0.0
1.0,4.0,25.85,-0.0826,0.0728,9.9435,-0.0129,-0.0305,0.0214,-0.0413,-0.0234,-0.0268,99166.2103,28.8217,0.3827,0.0,0.0,0.9239,-0.0034,28.2483,18.9663,-18.9663,8.8616,594.7262,594.7262,101.6941,120025.850,-113.1336,33.8177,b'N',b'W',b'\x00',b'A',0.0
1.0,4.0,25.9,0.1077,-0.1606,9.6984,0.0147,-0.0131,0.0122,-0.0064,0.0138,-0.0118,99160.9803,28.8188,0.3827,0.0,0.0,0.9239,-0.0051,28.2477,18.9663,-18.9663,8.8595,596.1798,596.1798,101.6917,120025.900,-113.1336,33.8177,b'N',b'W',b'\x00',b'A',0.0
1.0,4.0,25.95,0.1955,0.1257,9.8403,-0.02,-0.0168,0.0042,0.0324,-0.0,0.0137,99155.7517,28.816,0.3827,0.0,0.0,0.9239,0.0008,28.247,18.9663,-18.9663,8.8573,597.6329,597.6329,101.6892,120025.950,-113.1336,33.8177,b'N',b'W',b'\x00',b'A',0.0
1.0,4.0,26.0,-0.1164,-0.1677,9.6157,0.0071,0.0004,0.022,-0.0044,-0.0097,0.0247,99150.5247,28.8131,0.3827,0.0,0.0,0.9239,-0.0066,28.2463,18.9663,-18.9663,8.8551,599.0857,599.0857,101.6867,120026.000,-113.1336,33.8177,b'N',b'W',b'\x00',b'A',0.0
1.0,4.0,26.05,-0.1065,-0.0795,9.71,0.0149,0.0326,0.0184,0.0298,-0.0059,0.0276,99145.2992,28.8102,0.3827,0.0,0.0,0.9239,0.0072,28.2456,18.9663,-18.9663,8.8529,600.5381,600.5381,101.6842,120026.050,-113.1336,33.8177,b'N',b'W',b'\x00',b'A',0.0
1.0,4.0,26.1,0.1603,0.2308,9.7052,-0.0018,0.0405,0.0075,0.013,-0.0138,0.0106,99140.0752,28.8073,0.3827,0.0,0.0,0.9239,-0.0161,28.2449,18.9663,-18.9663,8.8506,601.9902,601.9902,101.6816,120026.100,-113.1336,33.8177,b'N',b'W',b'\x00',b'A',0.0
1.0,4.0,26.15,-0.023,0.1353,9.9414,0.0202,-0.0163,0.0254,-0.0217,0.0178,-0.0017,99134.8529,28.8045,0.3827,0.0,0.0,0.9239,0.0089,28.2442,18.9663,-18.9663,8.8482,603.4419,603.4419,101.679,120026.150,-113.1335,33.8177,b'N',b'W',b'\x00',b'A',0.0
1.0,4.0,26.2,0.1685,0.0117,9.9268,-0.0061,0.0105,-0.0469,-0.0059,-0.0284,0.0159,99129.6321,28.8016,0.3827,0.0,0.0,0.9239,0.0004,28.2434,18.9663,-18.9663,8.8458,604.8931,604.8931,101.6763,120026.200,-113.1335,33.8176,b'N',b'W',b'\x00',b'A',0.0
1.0,4.0,26.25,-0.0531,-0.1129,9.8482,-0.0043,0.0112,-0.0058,-0.0026,-0.0199,-0.0229,99124.413,28.7987,0.3827,0.0,0.0,0.9239,-0.0021,28.2426,18.9663,-18.9663,8.8434,606.344,606.344,101.6735,120026.250,-113.1335,33.8176,b'N',b'W',b'\x00',b'A',0.0
1.0,4.0,26.3,0.1746,-0.0635,9.6041,-0.0195,0.0078,-0.0061,-0.0191,-0.0066,-0.0369,99119.1956,28.7958,0.3827,0.0,0.0,0.9239,-0.0164,28.2419,18.9663,-18.9663,8.841,607.7945,607.7945,101.6708,120026.300,-113.1335,33.8176,b'N',b'W',b'\x00',b'A',0.0
1.0,4.0,26.35,0.0158,0.0088,9.7599,0.0203,0.008,0.0231,-0.0194,0.0323,0.0087,99113.9799,28.793,0.3827,0.0,0.0,0.9239,-0.0098,28.2411,18.9663,-18.9663,8.8384,609.2446,609.2446,101.6679,120026.350,-113.1335,33.8176,b'N',b'W',b'\x00',b'A',0.0
1.0,4.0,26.4,0.031,0.0045,9.6947,-0.0153,0.0061,0.0314,0.0301,0.0211,-0.0201,99108.7659,28.7901,0.3827,0.0,0.0,0.9239,0.012,28.2403,18.9663,-18.9663,8.8359,610.6943,610.6943,101.665,120026.400,-113.1335,33.8176,b'N',b'W',b'\x00',b'A',0.0
1.0,4.0,26.45,0.1878,-0.0109,9.9371,0.007,0.0338,-0.029,-0.0195,-0.0328,-0.0013,99103.5536,28.7872,0.3827,0.0,0.0,0.9239,-0.0021,28.2395,18.9663,-18.9663,8.8333,612.1435,612.1435,101.6621,120026.450,-113.1335,33.8176,b'N',b'W',b'\x00',b'A',0.0
1.0,4.0,26.5,-0.0434,-0.0037,9.9834,-0.0014,0.022,0.0282,0.0216,0.027,0.0024,99098.3431,28.7844,0.3827,0.0,0.0,0.9239,0.0028,28.2387,18.9663,-18.9663,8.8306,613.5923,613.5923,101.6591,120026.500,-113.1335,33.8176,b'N',b'W',b'\x00',b'A',0.0
1.0,4.0,26.55,-0.1129,-0.0257,9.9651,-0.0211,-0.0212,-0.0234,-0.0087,0.027,0.005,99093.1344,28.7815,0.3827,0.0,0.0,0.9239,-0.0088,28.2378,18.9663,-18.9663,8.828,615.0407,615.0407,101.6561,120026.550,-113.1335,33.8176,b'N',b'W',b'\x00',b'A',0.0
1.0,4.0,26.6,-0.0538,-0.173,9.6934,-0.0122,0.0159,-0.0228,-0.0005,-0.0235,0.0188,99087.9275,28.7786,0.3827,0.0,0.0,0.9239,-0.0003,28.237,18.9663,-18.9663,8.8252,616.4887,616.4887,101.653,120026.600,-113.1335,33.8176,b'N',b'W',b'\x00',b'A',0.0
1.0,4.0,26.65,0.0543,-0.062,9.3957,0.0277,0.0178,-0.0047,0.0112,-0.0504,0.0166,99082.7224,28.7757,0.3827,0.0,0.0,0.9239,-0.0137,28.2361,18.9663,-18.9663,8.8225,617.9361,617.9361,101.6499,120026.650,-113.1334,33.8176,b'N',b'W',b'\x00',b'A',0.0
1.0,4.0,26.7,-0.1879,0.1098,9.5416,0.004,0.0063,-0.0064,-0.012,-0.0014,0.0039,99077.5193,28.7729,0.3827,0.0,0.0,0.9239,0.001,28.2352,18.9663,-18.9663,8.8196,619.3832,619.3832,101.6468,120026.700,-113.1334,33.8176,b'N',b'W',b'\x00',b'A',0.0
1.0,4.0,26.75,0.0765,-0.1642,10.0199,-0.0202,0.0226,-0.0312,0.0114,0.0224,-0.0088,99072.318,28.77,0.3827,0.0,0.0,0.9239,0.0037,28.2343,18.9663,-18.9663,8.8168,620.8297,620.8297,101.6435,120026.750,-113.1334,33.8175,b'N',b'W',b'\x00',b'A',0.0
1.0,4.0,26.8,-0.0647,-0.0227,9.7465,0.0061,0.0038,0.013,-0.0409,0.0318,0.0022,99067.1186,28.7671,0.3827,0.0,0.0,0.9239,0.0032,28.2334,18.9663,-18.9663,8.8139,622.2758,622.2758,101.6403,120026.800,-113.1334,33.8175,b'N',b'W',b'\x00',b'A',0.0
1.0,4.0,26.85,0.1377,-0.0984,9.694,-0.0029,0.004,0.0136,0.0088,-0.0174,-0.0119,99061.9212,28.7643,0.3827,0.0,0.0,0.9239,-0.009,28.2325,18.9663,-18.9663,8.8109,623.7214,623.7214,101.637,120026.850,-113.1334,33.8175,b'N',b'W',b'\x00',b'A',0.0
1.0,4.0,26.9,-0.2873,0.0134,10.053,0.0691,0.0024,0.0211,-0.0494,0.035,-0.0039,99056.7258,28.7614,0.3827,0.0,0.0,0.9239,-0.0034,28.2316,18.9663,-18.9663,8.8079,625.1665,625.1665,101.6336,120026.900,-113.1334,33.8175,b'N',b'W',b'\x00',b'A',0.0
1.0,4.0,26.95,-0.0944,-0.0466,9.9964,0.0057,-0.0404,-0.0087,-0.0045,-0.0446,0.0524,99051.5323,28.7586,0.3827,0.0,0.0,0.9239,0.0054,28.2306,18.9663,-18.9663,8.8049,626.6112,626.6112,101.6302,120026.950,-113.1334,33.8175,b'N',b'W',b'\x00',b'A',0.0
1.0,4.0,27.0,-0.2024,0.1773,9.8103,-0.0076,-0.0016,-0.0008,0.0171,-0.0074,0.0036,99046.3409,28.7557,0.3827,0.0,0.0,0.9239,-0.0021,28.2297,18.9663,-18.9663,8.8018,628.0553,628.0553,101.6268,120027.000,-113.1334,33.8175,b'N',b'W',b'\x00',b'A',0.0
1.0,4.0,27.05,-0.0991,0.0608,9.7626,0.0284,-0.0134,-0.0006,0.0124,-0.0083,0.009,99041.1515,28.7528,0.3827,0.0,0.0,0.9239,-0.0029,28.2287,18.9663,-18.9663,8.7987,629.4989,629.4989,101.6233,120027.050,-113.1334,33.8175,b'N',b'W',b'\x00',b'A',0.0
1.0,4.0,27.1,0.0297,-0.1574,9.7868,-0.0368,-0.0237,0.0338,-0.026,0.023,-0.0141,99035.9642,28.75,0.3827,0.0,0.0,0.9239,0.019,28.2277,18.9663,-18.9663,8.7956,630.942,630.942,101.6197,120027.100,-113.1334,33.8175,b'N',b'W',b'\x00',b'A',0.0
1.0,4.0,27.15,-0.0215,0.0805,9.8407,0.0019,0.0287,-0.0567,-0.0234,0.026,0.0204,99030.7789,28.7471,0.3827,0.0,0.0,0.9239,-0.0095,28.2267,18.9663,-18.9663,8.7924,632.3846,632.3846,101.6161,120027.150,-113.1333,33.8175,b'N',b'W',b'\x00',b'A',0.0
1.0,4.0,27.2,-0.0304,-0.093,10.0467,0.0399,0.0101,-0.0191,-0.0138,0.0191,0.0152,99025.5958,28.7443,0.3827,0.0,0.0,0.9239,0.0108,28.2257,18.9663,-18.9663,8.7891,633.8266,633.8266,101.6125,120027.200,-113.1333,33.8175,b'N',b'W',b'\x00',b'A',0.0
1.0,4.0,27.25,-0.0191,-0.0692,9.87,-0.0023,-0.0006,0.0001,0.0037,-0.027,0.0153,99020.4149,28.7414,0.3827,0.0,0.0,0.9239,-0.0115,28.2247,18.9663,-18.9663,8.7858,635.2681,635.2681,101.6088,120027.250,-113.1333,33.8175,b'N',b'W',b'\x00',b'A',0.0
1.0,4.0,27.3,0.0244,0.0377,9.9156,-0.0347,-0.0113,-0.0217,-0.0406,0.0173,0.0043,99015.2361,28.7386,0.3827,0.0,0.0,0.9239,0.0065,28.2236,18.9663,-18.9663,8.7825,636.7091,636.7091,101.6051,120027.300,-113.1333,33.8175,b'N',b'W',b'\x00',b'A',0.0
1.0,4.0,27.35,-0.121,-0.059,9.982,-0.0079,0.0059,-0.0052,-0.0003,0.0102,0.0207,99010.0595,28.7357,0.3827,0.0,0.0,0.9239,0.0071,28.2226,18.9663,-18.9663,8.7791,638.1495,638.1495,101.6013,120027.350,-113.1333,33.8174,b'N',b'W',b'\x00',b'A',0.0
1.0,4.0,27.4,0.0848,0.1071,9.6312,0.0291,0.0198,-0.0025,0.0062,-0.0334,0.0254,99004.8851,28.7328,0.3827,0.0,0.0,0.9239,-0.0051,28.2215,18.9663,-18.9663,8.7757,639.5894,639.5894,101.5975,120027.400,-113.1333,33.8174,b'N',b'W',b'\x00',b'A',0.0
1.0,4.0,27.45,0.0795,-0.0929,9.9199,0.0075,-0.0165,-0.0132,-0.0057,-0.0413,0.0057,98999.713,28.73,0.3827,0.0,0.0,0.9239,-0.0122,28.2204,18.9663,-18.9663,8.7723,641.0287,641.0287,101.5936,120027.450,-113.1333,33.8174,b'N',b'W',b'\x00',b'A',0.0
1.0,4.0,27.5,0.0462,-0.0743,9.7625,-0.0168,-0.0001,0.0013,0.0105,0.0208,-0.0023,98994.5432,28.7271,0.3827,0.0,0.0,0.9239,-0.0197,28.2194,18.9663,-18.9663,8.7687,642.4674,642.4674,101.5897,120027.500,-113.1333,33.8174,b'N',b'W',b'\x00',b'A',0.0
1.0,4.0,27.55,0.0668,-0.0788,9.4292,-0.0137,0.0174,0.0126,0.0045,-0.0036,0.0179,98989.3756,28.7243,0.3827,0.0,0.0,0.9239,-0.0062,28.2183,18.9663,-18.9663,8.7652,643.9056,643.9056,101.5857,120027.550,-113.1333,33.8174,b'N',b'W',b'\x00',b'A',0.0
1.0,4.0,27.6,0.0356,-0.0679,9.4874,-0.0112,-0.0387,-0.0047,-0.0108,-0.0257,-0.0181,98984.2104,28.7214,0.3827,0.0,0.0,0.9239,0.0053,28.2171,18.9663,-18.9663,8.7616,645.3432,645.3432,101.5817,120027.600,-113.1333,33.8174,b'N',b'W',b'\x00',b'A',0.0
1.0,4.0,27.65,0.2442,0.1319,9.6539,0.0072,-0.0012,-0.0091,-0.0387,-0.0042,-0.0144,98979.0475,28.7186,0.3827,0.0,0.0,0.9239,-0.0108,28.216,18.9663,-18.9663,8.758,646.7801,646.7801,101.5777,120027.650,-113.1332,33.8174,b'N',b'W',b'\x00',b'A',0.0
1.0,4.0,27.7,-0.0105,0.0755,9.8863,0.0268,-0.0086,-0.0033,0.0027,0.0073,-0.0011,98973.8869,28.7158,0.3827,0.0,0.0,0.9239,0.001,28.2149,18.9663,-18.9663,8.7543,648.2165,648.2165,101.5736,120027.700,-113.1332,33.8174,b'N',b'W',b'\x00',b'A',0.0
1.0,4.0,27.75,-0.0368,0.2052,9.8237,0.021,-0.0027,-0.0001,-0.0191,-0.0017,-0.0348,98968.7288,28.7129,0.3827,0.0,0.0,0.9239,-0.0148,28.2137,18.9663,-18.9663,8.7506,649.6523,649.6523,101.5694,120027.750,-113.1332,33.8174,b'N',b'W',b'\x00',b'A',0.0
1.0,4.0,27.8,-0.0904,0.2721,9.8343,0.0091,-0.01,-0.0348,-0.0116,-0.031,0.0166,98963.5731,28.7101,0.3827,0.0,0.0,0.9239,-0.0023,28.2126,18.9663,-18.9663,8.7469,651.0875,651.0875,101.5652,120027.800,-113.1332,33.8174,b'N',b'W',b'\x00',b'A',0.0
1.0,4.0,27.85,-0.1239,-0.1237,10.0993,-0.0266,0.0028,0.0092,0.0096,0.0377,-0.0193,98958.4198,28.7072,0.3827,0.0,0.0,0.9239,-0.0115,28.2114,18.9663,-18.9663,8.7431,652.522,652.522,101.561,120027.850,-113.1332,33.8174,b'N',b'W',b'\x00',b'A',0.0
1.0,4.0,27.9,-0.1493,0.0085,9.6163,-0.0266,0.0385,-0.009,0.0283,0.0201,-0.0094,98953.269,28.7044,0.3827,0.0,0.0,0.9239,-0.0008,28.2102,18.9663,-18.9663,8.7392,653.9559,653.9559,101.5567,120027.900,-113.1332,33.8174,b'N',b'W',b'\x00',b'A',0.0
1.0,4.0,27.95,-0.1067,-0.1411,9.8025,0.0107,-0.0065,0.0252,-0.0008,-0.0067,-0.0043,98948.1207,28.7015,0.3827,0.0,0.0,0.9239,-0.005,28.209,18.9663,-18.9663,8.7353,655.3892,655.3892,101.5524,120027.950,-113.1332,33.8173,b'N',b'W',b'\x00',b'A',0.0
1.0,4.0,28.0,-0.0085,-0.0933,9.8523,-0.0269,0.0058,0.0118,0.0111,-0.0059,0.0008,98942.9749,28.6987,0.3827,0.0,0.0,0.9239,-0.0119,28.2078,18.9663,-18.9663,8.7314,656.8218,656.8218,101.548,120028.000,-113.1332,33.8173,b'N',b'W',b'\x00',b'A',0.0
1.0,4.0,28.05,0.0401,-0.0756,9.6962,-0.0045,0.0399,0.0234,-0.0289,0.0072,-0.0069,98937.8316,28.6959,0.3827,0.0,0.0,0.9239,-0.0066,28.2066,18.9663,-18.9663,8.7275,658.2538,658.2538,101.5436,120028.050,-113.1332,33.8173,b'N',b'W',b'\x00',b'A',0.0
1.0,4.0,28.1,0.0061,-0.1269,9.8109,0.0061,-0.011,-0.0202,0.0049,-0.0226,-0.0013,98932.6909,28.693,0.3827,0.0,0.0,0.9239,-0.0093,28.2053,18.9663,-18.9663,8.7234,659.6852,659.6852,101.5391,120028.100,-113.1331,33.8173,b'N',b'W',b'\x00',b'A',0.0
1.0,4.0,28.15,-0.0919,-0.1262,9.5667,-0.0228,0.0363,-0.0074,-0.0012,0.0065,-0.0012,98927.5528,28.6902,0.3827,0.0,0.0,0.9239,-0.0131,28.2041,18.9663,-18.9663,8.7194,661.1159,661.1159,101.5346,120028.150,-113.1331,33.8173,b'N',b'W',b'\x00',b'A',0.0
1.0,4.0,28.2,0.108,-0.0173,10.0181,-0.0205,0.0001,-0.0248,0.0246,-0.0266,-0.0089,98922.4174,28.6874,0.3827,0.0,0.0,0.9239,0.0108,28.2028,18.9663,-18.9663,8.7153,662.5459,662.5459,101.5301,120028.200,-113.1331,33.8173,b'N',b'W',b'\x00',b'A',0.0
1.0,4.0,28.25,0.0887,-0.146,9.7044,-0.0019,0.0356,-0.0141,-0.0108,-0.0014,-0.0155,98917.2845,28.6845,0.3827,0.0,0.0,0.9239,-0.0036,28.2015,18.9663,-18.9663,8.7112,663.9752,663.9752,101.5255,120028.250,-113.1331,33.8173,b'N',b'W',b'\x00',b'A',0.0
1.0,4.0,28.3,-0.0192,0.1011,10.1114,0.0101,0.015,0.025,-0.0048,-0.0234,0.0216,98912.1543,28.6817,0.3827,0.0,0.0,0.9239,-0.022,28.2002,18.9663,-18.9663,8.707,665.4039,665.4039,101.5208,120028.300,-113.1331,33.8173,b'N',b'W',b'\x00',b'A',0.0
1.0,4.0,28.35,-0.0783,-0.1101,9.8018,0.0212,0.0061,0.0297,0.0212,-0.0224,-0.0421,98907.0268,28.6789,0.3827,0.0,0.0,0.9239,-0.0062,28.1989,18.9663,-18.9663,8.7028,666.8318,666.8318,101.5161,120028.350,-113.1331,33.8173,b'N',b'W',b'\x00',b'A',0.0
1.0,4.0,28.4,0.0658,0.3371,9.9609,0.0121,-0.0013,-0.023,-0.0018,0.0329,-0.0041,98901.902,28.676,0.3827,0.0,0.0,0.9239,0.0091,28.1976,18.9663,-18.9663,8.6985,668.2591,668.2591,101.5114,120028.400,-113.1331,33.8173,b'N',b'W',b'\x00',b'A',0.0
1.0,4.0,28.45,0.0226,-0.0542,9.7987,0.0015,-0.0125,-0.0092,-0.0222,0.0012,-0.0094,98896.78,28.6732,0.3827,0.0,0.0,0.9239,-0.0076,28.1963,18.9663,-18.9663,8.6942,669.6857,669.6857,101.5066,120028.450,-113.1331,33.8173,b'N',b'W',b'\x00',b'A',0.0
1.0,4.0,28.5,-0.1738,0.0086,9.802,-0.0149,0.0015,-0.0015,0.051,0.0041,0.0084,98891.6607,28.6704,0.3827,0.0,0.0,0.9239,0.015,28.1949,18.9663,-18.9663,8.6899,671.1115,671.1115,101.5018,120028.500,-113.1331,33.8172,b'N',b'W',b'\x00',b'A',0.0
1.0,4.0,28.55,-0.0082,-0.1554,9.719,-0.0214,0.0179,0.0117,-0.0216,-0.0402,-0.0291,98886.5441,28.6676,0.3827,0.0,0.0,0.9239,-0.0086,28.1936,18.9663,-18.9663,8.6855,672.5367,672.5367,101.497,120028.550,-113.1331,33.8172,b'N',b'W',b'\x00',b'A',0.0
1.0,4.0,28.6,0.0314,0.2047,9.8245,-0.0102,-0.0003,-0.0352,-0.0013,-0.0119,-0.01,98881.4304,28.6647,0.3827,0.0,0.0,0.9239,0.005,28.1922,18.9663,-18.9663,8.6811,673.9611,673.9611,101.492,120028.600,-113.133,33.8172,b'N',b'W',b'\x00',b'A',0.0
1.0,4.0,28.65,-0.108,0.1343,9.8543,0.0082,-0.0063,-0.0321,0.0069,0.0092,-0.002,98876.3196,28.6619,0.3827,0.0,0.0,0.9239,0.0104,28.1909,18.9663,-18.9663,8.6766,675.3848,675.3848,101.4871,120028.650,-113.133,33.8172,b'N',b'W',b'\x00',b'A',0.0
1.0,4.0,28.7,0.0228,0.0356,9.689,0.0067,-0.005,0.0098,0.0054,0.0039,0.0214,98871.2115,28.6591,0.3827,0.0,0.0,0.9239,0.0045,28.1895,18.9663,-18.9663,8.6721,676.8078,676.8078,101.4821,120028.700,-113.133,33.8172,b'N',b'W',b'\x00',b'A',0.0
1.0,4.0,28.75,-0.1746,-0.1616,9.7879,-0.042,0.0198,-0.039,-0.0038,-0.0431,0.0066,98866.1064,28.6563,0.3827,0.0,0.0,0.9239,-0.0137,28.1881,18.9663,-18.9663,8.6675,678.23,678.23,101.4771,120028.750,-113.133,33.8172,b'N',b'W',b'\x00',b'A',0.0
1.0,4.0,28.8,0.1603,0.0253,9.7151,-0.0157,0.0245,-0.0089,-0.0037,0.0041,-0.0237,98861.0042,28.6535,0.3827,0.0,0.0,0.9239,-0.0094,28.1867,18.9663,-18.9663,8.663,679.6515,679.6515,101.472,120028.800,-113.133,33.8172,b'N',b'W',b'\x00',b'A',0.0
1.0,4.0,28.85,0.1498,-0.1346,10.1516,0.0241,-0.0133,0.0032,-0.0047,0.0073,-0.0097,98855.9049,28.6507,0.3827,0.0,0.0,0.9239,0.0117,28.1852,18.9663,-18.9663,8.6583,681.0722,681.0722,101.4669,120028.850,-113.133,33.8172,b'N',b'W',b'\x00',b'A',0.0
1.0,4.0,28.9,-0.0303,0.1755,9.7932,0.0016,-0.0134,0.0083,-0.0223,0.0257,0.0177,98850.8085,28.6478,0.3827,0.0,0.0,0.9239,-0.008,28.1838,18.9663,-18.9663,8.6537,682.4921,682.4921,101.4617,120028.900,-113.133,33.8172,b'N',b'W',b'\x00',b'A',0.0
1.0,4.0,28.95,0.0436,0.0971,10.0384,-0.0283,0.0076,-0.0028,0.043,-0.0131,-0.024,98845.7151,28.645,0.3827,0.0,0.0,0.9239,0.0098,28.1824,18.9663,-18.9663,8.6489,683.9113,683.9113,101.4565,120028.950,-113.133,33.8172,b'N',b'W',b'\x00',b'A',0.0
1.0,4.0,29.0,-0.2892,0.0115,9.7773,0.0471,0.0306,-0.0073,-0.0044,-0.0448,-0.0016,98840.6248,28.6422,0.3827,0.0,0.0,0.9239,-0.0043,28.1809,18.9663,-18.9663,8.6442,685.3297,685.3297,101.4512,120029.000,-113.133,33.8172,b'N',b'W',b'\x00',b'A',0.0
1.0,4.0,29.05,-0.1388,-0.2924,9.8455,-0.0006,0.0229,0.0169,0.0119,-0.0199,-0.0002,98835.5374,28.6394,0.3827,0.0,0.0,0.9239,0.0014,28.1794,18.9663,-18.9663,8.6394,686.7473,686.7473,101.4459,120029.050,-113.133,33.8172,b'N',b'W',b'\x00',b'A',0.0
1.0,4.0,29.1,-0.0353,-0.118,9.6084,0.0077,-0.025,0.0057,-0.0067,-0.0219,-0.0077,98830.4531,28.6366,0.3827,0.0,0.0,0.9239,-0.0139,28.1779,18.9663,-18.9663,8.6346,688.1641,688.1641,101.4406,120029.100,-113.1329,33.8171,b'N',b'W',b'\x00',b'A',0.0
1.0,4.0,29.15,-0.1287,0.0825,9.7396,0.008,-0.0053,-0.0129,-0.0071,0.0147,0.0539,98825.3719,28.6338,0.3827,0.0,0.0,0.9239,-0.0061,28.1765,18.9663,-18.9663,8.6297,689.5802,689.5802,101.4352,120029.150,-113.1329,33.8171,b'N',b'W',b'\x00',b'A',0.0
1.0,4.0,29.2,0.0857,0.1455,9.8382,-0.0074,-0.0186,0.0008,-0.0091,-0.0543,-0.0083,98820.2937,28.631,0.3827,0.0,0.0,0.9239,-0.0088,28.1749,18.9663,-18.9663,8.6248,690.9954,690.9954,101.4298,120029.200,-113.1329,33.8171,b'N',b'W',b'\x00',b'A',0.0
1.0,4.0,29.25,0.2397,0.1331,10.0446,-0.0146,-0.0054,0.0077,-0.031,-0.009,0.009,98815.2187,28.6282,0.3827,0.0,0.0,0.9239,0.0023,28.1734,18.9663,-18.9663,8.6198,692.4098,692.4098,101.4243,120029.250,-113.1329,33.8171,b'N',b'W',b'\x00',b'A',0.0
1.0,4.0,29.3,-0.1412,-0.191,9.8399,0.0424,0.0321,0.0344,-0.0032,0.0285,-0.0153,98810.1468,28.6254,0.3827,0.0,0.0,0.9239,0.0009,28.1719,18.9663,-18.9663,8.6148,693.8234,693.8234,101.4188,120029.300,-113.1329,33.8171,b'N',b'W',b'\x00',b'A',0.0
1.0,4.0,29.35,-0.1005,0.0362,10.0142,0.0201,-0.0285,0.0157,-0.0081,0.0001,0.0106,98805.0781,28.6226,0.3827,0.0,0.0,0.9239,0.0046,28.1704,18.9663,-18.9663,8.6097,695.2362,695.2362,101.4133,120029.350,-113.1329,33.8171,b'N',b'W',b'\x00',b'A',0.0
1.0,4.0,29.4,0.0283,0.1219,9.9028,0.0164,-0.0324,0.0243,0.0234,0.0179,0.0174,98800.0126,28.6198,0.3827,0.0,0.0,0.9239,-0.0049,28.1688,18.9663,-18.9663,8.6047,696.6481,696.6481,101.4077,120029.400,-113.1329,33.8171,b'N',b'W',b'\x00',b'A',0.0
1.0,4.0,29.45,0.1933,-0.199,10.0508,0.0115,-0.0166,-0.0122,-0.0239,-0.0328,-0.0118,98794.9503,28.617,0.3827,0.0,0.0,0.9239,-0.0093,28.1672,18.9663,-18.9663,8.5995,698.0592,698.0592,101.4021,120029.450,-113.1329,33.8171,b'N',b'W',b'\x00',b'A',0.0
1.0,4.0,29.5,-0.1467,-0.0009,9.7978,-0.0201,0.0057,-0.0105,-0.0115,-0.032,-0.0011,98789.8912,28.6142,0.3827,0.0,0.0,0.9239,0.0018,28.1657,18.9663,-18.9663,8.5944,699.4695,699.4695,101.3964,120029.500,-113.1329,33.8171,b'N',b'W',b'\x00',b'A',0.0
1.0,4.0,29.55,0.0299,0.0329,10.1652,0.0256,0.0124,-0.0047,-0.018,0.0287,-0.0179,98784.8354,28.6114,0.3827,0.0,0.0,0.9239,-0.0103,28.1641,18.9663,-18.9663,8.5892,700.8789,700.8789,101.3907,120029.550,-113.1329,33.8171,b'N',b'W',b'\x00',b'A',0.0
1.0,4.0,29.6,0.2186,-0.0361,9.7338,-0.0169,0.0087,-0.0029,0.0289,0.002,-0.0229,98779.7829,28.6086,0.3827,0.0,0.0,0.9239,0.0108,28.1625,18.9663,-18.9663,8.5839,702.2875,702.2875,101.3849,120029.600,-113.1328,33.8171,b'N',b'W',b'\x00',b'A',0.0
1.0,4.0,29.65,-0.1982,-0.2223,9.6917,0.0057,0.0235,-0.0202,-0.0174,0.0021,0.0207,98774.7336,28.6058,0.3827,0.0,0.0,0.9239,-0.0011,28.1609,18.9663,-18.9663,8.5786,703.6952,703.6952,101.3791,120029.650,-113.1328,33.8171,b'N',b'W',b'\x00',b'A',0.0
1.0,4.0,29.7,-0.1537,-0.0391,9.6251,-0.0328,-0.0353,0.0253,0.0112,-0.0224,-0.0111,98769.6878,28.6031,0.3827,0.0,0.0,0.9239,-0.0033,28.1592,18.9663,-18.9663,8.5733,705.102,705.102,101.3733,120029.700,-113.1328,33.817,b'N',b'W',b'\x00',b'A',0.0
1.0,4.0,29.75,-0.0508,-0.0393,10.1563,-0.0408,0.0238,0.0177,0.0194,0.002,-0.0483,98764.6452,28.6003,0.3827,0.0,0.0,0.9239,0.0046,28.1576,18.9663,-18.9663,8.5679,706.5079,706.5079,101.3674,120029.750,-113.1328,33.817,b'N',b'W',b'\x00',b'A',0.0
1.0,4.0,29.8,-0.0625,-0.0178,9.9296,0.0064,-0.0062,-0.0061,-0.0029,-0.0229,0.0353,98759.6061,28.5975,0.3827,0.0,0.0,0.9239,-0.0008,28.156,18.9663,-18.9663,8.5625,707.913,707.913,101.3615,120029.800,-113.1328,33.817,b'N',b'W',b'\x00',b'A',0.0
1.0,4.0,29.85,0.0975,-0.0676,9.7565,-0.0162,0.0146,0.0128,-0.0275,0.0237,-0.016,98754.5703,28.5947,0.3827,0.0,0.0,0.9239,-0.0166,28.1543,18.9663,-18.9663,8.5571,709.3172,709.3172,101.3555,120029.850,-113.1328,33.817,b'N',b'W',b'\x00',b'A',0.0
1.0,4.0,29.9,0.029,-0.0532,9.994,-0.0398,-0.0265,0.0045,-0.0273,0.0546,-0.0049,98749.538,28.5919,0.3827,0.0,0.0,0.9239,-0.0106,28.1526,18.9663,-18.9663,8.5516,710.7204,710.7204,101.3495,120029.900,-113.1328,33.817,b'N',b'W',b'\x00',b'A',0.0
1.0,4.0,29.95,-0.213,-0.0048,9.9098,0.0108,0.0001,0.0144,0.0172,0.0097,0.0328,98744.5091,28.5891,0.3827,0.0,0.0,0.9239,0.0106,28.151,18.9663,-18.9663,8.5461,712.1228,712.1228,101.3434,120029.950,-113.1328,33.817,b'N',b'W',b'\x00',b'A',0.0
1.0,4.0,30.0,0.0618,0.0531,10.1016,0.0424,0.0047,-0.0269,-0.0252,-0.0127,-0.0028,98739.4837,28.5864,0.3827,0.0,0.0,0.9239,0.0008,28.1493,18.9663,-18.9663,8.5405,713.5243,713.5243,101.3374,120030.000,-113.1328,33.817,b'N',b'W',b'\x00',b'A',0.0
1.0,4.0,30.05,-0.0693,-0.0365,9.5745,0.0278,0.0231,-0.0029,0.0078,-0.0507,-0.0033,98734.4618,28.5836,0.3827,0.0,0.0,0.9239,-0.0168,28.1476,18.9663,-18.9663,8.5349,714.9248,714.9248,101.3312,120030.050,-113.1327,33.817,b'N',b'W',b'\x00',b'A',0.0
1.0,4.0,30.1,0.1529,-0.0492,9.7668,-0.0051,-0.0317,-0.0012,0.0023,-0.0337,-0.0246,98729.4434,28.5808,0.3827,0.0,0.0,0.9239,0.0035,28.1459,18.9663,-18.9663,8.5292,716.3244,716.3244,101.3251,120030.100,-113.1327,33.817,b'N',b'W',b'\x00',b'A',0.0
1.0,4.0,30.15,-0.0753,0.0111,9.7373,0.0002,0.0006,0.0125,0.0075,0.0311,-0.0327,98724.4286,28.578,0.3827,0.0,0.0,0.9239,-0.0056,28.1441,18.9663,-18.9663,8.5235,717.7231,717.7231,101.3189,120030.150,-113.1327,33.817,b'N',b'W',b'\x00',b'A',0.0
1.0,4.0,30.2,-0.0764,-0.2305,9.5106,0.0178,-0.0217,-0.0126,0.0094,-0.0206,-0.0033,98719.4173,28.5753,0.3827,0.0,0.0,0.9239,-0.0087,28.1424,18.9663,-18.9663,8.5178,719.1209,719.1209,101.3126,120030.200,-113.1327,33.817,b'N',b'W',b'\x00',b'A',0.0
1.0,4.0,30.25,0.0649,0.0572,9.9657,0.0224,0.0101,-0.05,-0.0187,-0.0074,0.0073,98714.4096,28.5725,0.3827,0.0,0.0,0.9239,-0.0114,28.1406,18.9663,-18.9663,8.512,720.5177,720.5177,101.3063,120030.250,-113.1327,33.817,b'N',b'W',b'\x00',b'A',0.0
1.0,4.0,30.3,0.0916,-0.0001,9.7661,-0.0069,0.0155,-0.0216,-0.0195,0.0131,0.0061,98709.4055,28.5697,0.3827,0.0,0.0,0.9239,0.01,28.1389,18.9663,-18.9663,8.5062,721.9135,721.9135,101.3,120030.300,-113.1327,33.8169,b'N',b'W',b'\x00',b'A',0.0
1.0,4.0,30.35,0.0538,0.0048,9.9176,0.0007,0.0257,-0.0012,0.0143,0.0296,-0.0096,98704.405,28.567,0.3827,0.0,0.0,0.9239,-0.0197,28.1371,18.9663,-18.9663,8.5004,723.3084,723.3084,101.2936,120030.350,-113.1327,33.8169,b'N',b'W',b'\x00',b'A',0.0
1.0,4.0,30.4,-0.2023,0.1153,10.1606,0.006,-0.0107,0.0013,-0.0126,-0.004,0.0004,98699.4082,28.5642,0.3827,0.0,0.0,0.9239,-0.0084,28.1353,18.9663,-18.9663,8.4945,724.7024,724.7024,101.2872,120030.400,-113.1327,33.8169,b'N',b'W',b'\x00',b'A',0.0
1.0,4.0,30.45,0.0646,-0.2343,9.7537,0.0111,0.0185,0.0337,-0.055,-0.0081,-0.0367,98694.4151,28.5615,0.3827,0.0,0.0,0.9239,0.0012,28.1336,18.9663,-18.9663,8.4886,726.0953,726.0953,101.2808,120030.450,-113.1327,33.8169,b'N',b'W',b'\x00',b'A',0.0
1.0,4.0,30.5,-0.1241,-0.2369,9.7435,-0.0027,0.0272,0.0117,0.013,0.0014,0.0092,98689.4257,28.5587,0.3827,0.0,0.0,0.9239,0.0158,28.1318,18.9663,-18.9663,8.4826,727.4873,727.4873,101.2743,120030.500,-113.1327,33.8169,b'N',b'W',b'\x00',b'A',0.0
1.0,4.0,30.55,0.0282,0.0329,9.8244,-0.0024,-0.0329,0.0016,-0.0207,-0.0126,0.0032,98684.44,28.5559,0.3827,0.0,0.0,0.9239,0.0055,28.1299,18.9663,-18.9663,8.4766,728.8784,728.8784,101.2678,120030.550,-113.1326,33.8169,b'N',b'W',b'\x00',b'A',0.0
1.0,4.0,30.6,-0.1708,-0.0009,9.9547,0.0276,0.0122,-0.0006,0.0093,-0.0115,0.0395,98679.4581,28.5532,0.3827,0.0,0.0,0.9239,-0.0085,28.1281,18.9663,-18.9663,8.4705,730.2684,730.2684,101.2612,120030.600,-113.1326,33.8169,b'N',b'W',b'\x00',b'A',0.0
1.0,4.0,30.65,0.0536,0.0204,9.7216,0.0242,0.0192,0.0221,0.0279,0.0082,0.0001,98674.4799,28.5504,0.3827,0.0,0.0,0.9239,0.0153,28.1263,18.9663,-18.9663,8.4644,731.6574,731.6574,101.2546,120030.650,-113.1326,33.8169,b'N',b'W',b'\x00',b'A',0.0
1.0,4.0,30.7,-0.0968,-0.0555,9.712,0.0095,-0.0052,-0.0118,0.0003,0.0037,-0.0189,98669.5055,28.5477,0.3827,0.0,0.0,0.9239,-0.0136,28.1244,18.9663,-18.9663,8.4583,733.0454,733.0454,101.248,120030.700,-113.1326,33.8169,b'N',b'W',b'\x00',b'A',0.0
1.0,4.0,30.75,-0.1539,0.0797,9.9652,0.0344,-0.0242,-0.0028,0.0199,0.0426,-0.001,98664.535,28.5449,0.3827,0.0,0.0,0.9239,0.0027,28.1226,18.9663,-18.9663,8.4522,734.4324,734.4324,101.2413,120030.750,-113.1326,33.8169,b'N',b'W',b'\x00',b'A',0.0
1.0,4.0,30.8,0.0857,0.1119,9.8634,-0.0077,0.0189,-0.0218,0.0031,0.0088,-0.0066,98659.5682,28.5422,0.3827,0.0,0.0,0.9239,0.0049,28.1207,18.9663,-18.9663,8.4459,735.8184,735.8184,101.2346,120030.800,-113.1326,33.8169,b'N',b'W',b'\x00',b'A',0.0
1.0,4.0,30.85,0.029,0.0581,9.4999,0.0325,-0.024,0.0284,0.0317,0.023,0.0087,98654.6054,28.5395,0.3827,0.0,0.0,0.9239,-0.0088,28.1188,18.9663,-18.9663,8.4397,737.2034,737.2034,101.2279,120030.850,-113.1326,33.8168,b'N',b'W',b'\x00',b'A',0.0
1.0,4.0,30.9,-0.0737,-0.0313,9.6228,0.0109,-0.0036,0.0078,-0.0212,-0.0214,0.0005,98649.6464,28.5367,0.3827,0.0,0.0,0.9239,0.007,28.117,18.9663,-18.9663,8.4334,738.5874,738.5874,101.2211,120030.900,-113.1326,33.8168,b'N',b'W',b'\x00',b'A',0.0
1.0,4.0,30.95,0.1741,-0.2529,10.0318,0.0654,-0.0008,-0.0142,-0.0002,0.0105,-0.0252,98644.6914,28.534,0.3827,0.0,0.0,0.9239,-0.0051,28.1151,18.9663,-18.9663,8.4271,739.9703,739.9703,101.2142,120030.950,-113.1326,33.8168,b'N',b'W',b'\x00',b'A',0.0
1.0,4.0,31.0,-0.0529,0.0923,9.8669,-0.0238,0.0143,-0.0023,0.0135,-0.0145,-0.0327,98639.7402,28.5312,0.3827,0.0,0.0,0.9239,0.007,28.1132,18.9663,-18.9663,8.4207,741.3522,741.3522,101.2074,120031.000,-113.1326,33.8168,b'N',b'W',b'\x00',b'A',0.0
1.0,4.0,31.05,0.0039,0.1466,9.6923,-0.0138,-0.0125,0.0102,-0.0038,0.0079,0.0053,98634.7931,28.5285,0.3827,0.0,0.0,0.9239,-0.0184,28.1112,18.9663,-18.9663,8.4143,742.733,742.733,101.2005,120031.050,-113.1325,33.8168,b'N',b'W',b'\x00',b'A',0.0
1.0,4.0,31.1,0.0323,0.0773,9.7811,0.0084,-0.0137,-0.005,0.023,0.0138,0.0277,98629.8499,28.5258,0.3827,0.0,0.0,0.9239,0.0033,28.1093,18.9663,-18.9663,8.4079,744.1128,744.1128,101.1935,120031.100,-113.1325,33.8168,b'N',b'W',b'\x00',b'A',0.0
1.0,4.0,31.15,-0.0744,-0.1056,9.8086,0.0079,0.002,-0.0107,-0.0086,0.001,0.0016,98624.9107,28.523,0.3827,0.0,0.0,0.9239,-0.0041,28.1074,18.9663,-18.9663,8.4014,745.4915,745.4915,101.1865,120031.150,-113.1325,33.8168,b'N',b'W',b'\x00',b'A',0.0
1.0,4.0,31.2,0.0565,0.0809,9.917,0.039,0.0201,-0.0131,0.0414,0.0481,0.0163,98619.9755,28.5203,0.3827,0.0,0.0,0.9239,0.0115,28.1054,18.9663,-18.9663,8.3949,746.8691,746.8691,101.1795,120031.200,-113.1325,33.8168,b'N',b'W',b'\x00',b'A',0.0
1.0,4.0,31.25,-0.064,0.1033,9.6029,-0.0134,0.0457,0.0068,0.0424,0.0286,0.0203,98615.0444,28.5176,0.3827,0.0,0.0,0.9239,-0.0004,28.1035,18.9663,-18.9663,8.3883,748.2457,748.2457,101.1725,120031.250,-113.1325,33.8168,b'N',b'W',b'\x00',b'A',0.0
1.0,4.0,31.3,-0.0494,0.1871,9.6805,0.0181,-0.0301,-0.0072,0.0056,0.0235,0.0053,98610.1173,28.5149,0.3827,0.0,0.0,0.9239,0.0125,28.1015,18.9663,-18.9663,8.3817,749.6212,749.6212,101.1654,120031.300,-113.1325,33.8168,b'N',b'W',b'\x00',b'A',0.0
1.0,4.0,31.35,0.1635,-0.1051,9.8476,0.0232,0.0063,-0.0091,0.0111,0.0153,-0.0163,98605.1943,28.5121,0.3827,0.0,0.0,0.9239,0.0051,28.0995,18.9663,-18.9663,8.3751,750.9956,750.9956,101.1583,120031.350,-113.1325,33.8168,b'N',b'W',b'\x00',b'A',0.0
1.0,4.0,31.4,-0.1249,-0.0272,9.7917,0.0141,-0.0217,-0.0267,0.0238,0.0353,0.0039,98600.2755,28.5094,0.3827,0.0,0.0,0.9239,-0.0013,28.0975,18.9663,-18.9663,8.3684,752.3689,752.3689,101.1511,120031.400,-113.1325,33.8168,b'N',b'W',b'\x00',b'A',0.0
1.0,4.0,31.45,-0.2895,0.0897,9.8924,-0.0192,0.0204,0.0016,-0.0237,-0.0287,0.0241,98595.3607,28.5067,0.3827,0.0,0.0,0.9239,0.0079,28.0955,18.9663,-18.9663,8.3617,753.7411,753.7411,101.1439,120031.450,-113.1325,33.8167,b'N',b'W',b'\x00',b'A',0.0
1.0,4.0,31.5,0.1933,0.0069,9.6222,0.0282,-0.0188,-0.0036,-0.0262,0.0274,0.0106,98590.4502,28.504,0.3827,0.0,0.0,0.9239,0.0079,28.0935,18.9663,-18.9663,8.3549,755.1122,755.1122,101.1367,120031.500,-113.1324,33.8167,b'N',b'W',b'\x00',b'A',0.0
1.0,4.0,31.55,0.3059,-0.1341,9.8602,0.0246,-0.0135,-0.0064,0.0251,-0.0198,0.015,98585.5438,28.5013,0.3827,0.0,0.0,0.9239,0.0047,28.0915,18.9663,-18.9663,8.3481,756.4822,756.4822,101.1294,120031.550,-113.1324,33.8167,b'N',b'W',b'\x00',b'A',0.0
1.0,4.0,31.6,-0.0486,0.0498,9.9704,0.012,-0.0118,0.004,0.0055,-0.0113,-0.0093,98580.6416,28.4985,0.3827,0.0,0.0,0.9239,-0.0229,28.0895,18.9663,-18.9663,8.3413,757.8511,757.8511,101.1221,120031.600,-113.1324,33.8167,b'N',b'W',b'\x00',b'A',0.0
1.0,4.0,31.65,-0.2324,0.0694,9.8797,0.0041,-0.0015,0.015,-0.0045,0.0112,-0.004,98575.7436,28.4958,0.3827,0.0,0.0,0.9239,-0.0098,28.0874,18.9663,-18.9663,8.3344,759.2189,759.2189,101.1147,120031.650,-113.1324,33.8167,b'N',b'W',b'\x00',b'A',0.0
1.0,4.0,31.7,-0.0373,0.0106,9.8275,0.0045,0.0065,0.014,0.0002,0.0247,-0.0024,98570.8499,28.4931,0.3827,0.0,0.0,0.9239,0.0138,28.0854,18.9663,-18.9663,8.3275,760.5855,760.5855,101.1073,120031.700,-113.1324,33.8167,b'N',b'W',b'\x00',b'A',0.0
1.0,4.0,31.75,-0.0343,0.0264,9.7923,-0.0016,0.0097,0.0111,-0.0477,-0.0231,-0.001,98565.9604,28.4904,0.3827,0.0,0.0,0.9239,-0.0126,28.0833,18.9663,-18.9663,8.3205,761.951,761.951,101.0999,120031.750,-113.1324,33.8167,b'N',b'W',b'\x00',b'A',0.0
1.0,4.0,31.8,-0.0228,-0.031,9.6814,0.0128,-0.0001,-0.0048,-0.0038,-0.0103,0.0234,98561.0753,28.4877,0.3827,0.0,0.0,0.9239,0.0088,28.0812,18.9663,-18.9663,8.3135,763.3153,763.3153,101.0925,120031.800,-113.1324,33.8167,b'N',b'W',b'\x00',b'A',0.0
1.0,4.0,31.85,-0.1336,0.1774,9.7959,0.0006,-0.0266,-0.0113,-0.0151,0.002,-0.0469,98556.1944,28.485,0.3827,0.0,0.0,0.9239,0.0071,28.0792,18.9663,-18.9663,8.3065,764.6785,764.6785,101.085,120031.850,-113.1324,33.8167,b'N',b'W',b'\x00',b'A',0.0
1.0,4.0,31.9,0.0695,-0.1081,9.9956,-0.017,0.0146,-0.0209,0.0184,-0.0037,0.0006,98551.3179,28.4823,0.3827,0.0,0.0,0.9239,-0.0073,28.0771,18.9663,-18.9663,8.2995,766.0406,766.0406,101.0775,120031.900,-113.1324,33.8167,b'N',b'W',b'\x00',b'A',0.0
1.0,4.0,31.95,0.0629,-0.0705,9.7888,-0.021,-0.0011,-0.0119,0.0199,0.0171,-0.0016,98546.4457,28.4796,0.3827,0.0,0.0,0.9239,-0.02,28.075,18.9663,-18.9663,8.2924,767.4015,767.4015,101.0699,120031.950,-113.1324,33.8167,b'N',b'W',b'\x00',b'A',0.0
1.0,4.0,32.0,-0.1793,0.0013,9.6732,-0.015,0.0232,0.0004,0.0115,0.0687,-0.0274,98541.5779,28.4769,0.3827,0.0,0.0,0.9239,-0.0057,28.0729,18.9663,-18.9663,8.2852,768.7612,768.7612,101.0623,120032.000,-113.1323,33.8167,b'N',b'W',b'\x00',b'A',0.0
1.0,4.0,32.05,0.0839,0.1055,9.7328,0.0044,-0.0142,-0.0157,0.0079,0.0084,0.0134,98536.7146,28.4742,0.3827,0.0,0.0,0.9239,0.0208,28.0707,18.9663,-18.9663,8.278,770.1197,770.1197,101.0547,120032.050,-113.1323,33.8166,b'N',b'W',b'\x00',b'A',0.0
1.0,4.0,32.1,0.2463,-0.1797,9.8368,-0.0005,-0.032,0.0019,-0.0299,-0.0147,-0.0145,98531.8556,28.4715,0.3827,0.0,0.0,0.9239,-0.0086,28.0686,18.9663,-18.9663,8.2708,771.477,771.477,101.047,120032.100,-113.1323,33.8166,b'N',b'W',b'\x00',b'A',0.0
1.0,4.0,32.15,0.0206,-0.1572,9.7506,0.0043,-0.0007,-0.0193,0.0118,-0.0259,-0.0071,98527.0011,28.4689,0.3827,0.0,0.0,0.9239,-0.0079,28.0665,18.9663,-18.9663,8.2635,772.8332,772.8332,101.0393,120032.150,-113.1323,33.8166,b'N',b'W',b'\x00',b'A',0.0
1.0,4.0,32.2,-0.0405,-0.2445,9.8794,0.01,0.0259,-0.0332,0.0126,-0.0065,0.037,98522.151,28.4662,0.3827,0.0,0.0,0.9239,-0.01,28.0643,18.9663,-18.9663,8.2563,774.1882,774.1882,101.0316,120032.200,-113.1323,33.8166,b'N',b'W',b'\x00',b'A',0.0
1.0,4.0,32.25,-0.017,0.0039,9.8851,-0.0125,0.0032,0.0164,0.0249,-0.0188,0.0202,98517.3055,28.4635,0.3827,0.0,0.0,0.9239,0.0121,28.0622,18.9663,-18.9663,8.2489,775.542,775.542,101.0238,120032.250,-113.1323,33.8166,b'N',b'W',b'\x00',b'A',0.0
1.0,4.0,32.3,0.0738,-0.1342,9.94,0.0293,-0.004,-0.0095,0.0424,0.0094,0.0115,98512.4644,28.4608,0.3827,0.0,0.0,0.9239,-0.0024,28.06,18.9663,-18.9663,8.2415,776.8945,776.8945,101.016,120032.300,-113.1323,33.8166,b'N',b'W',b'\x00',b'A',0.0
1.0,4.0,32.35,-0.2077,-0.0461,10.0202,-0.0054,-0.0174,-0.0167,-0.0339,0.009,0.0076,98507.6279,28.4581,0.3827,0.0,0.0,0.9239,-0.0063,28.0578,18.9663,-18.9663,8.2341,778.2459,778.2459,101.0082,120032.350,-113.1323,33.8166,b'N',b'W',b'\x00',b'A',0.0
1.0,4.0,32.4,0.0197,0.0794,9.956,-0.0087,0.0352,-0.0219,-0.0078,-0.0093,-0.0033,98502.796,28.4555,0.3827,0.0,0.0,0.9239,0.0141,28.0556,18.9663,-18.9663,8.2267,779.596,779.596,101.0003,120032.400,-113.1323,33.8166,b'N',b'W',b'\x00',b'A',0.0
1.0,4.0,32.45,-0.0469,-0.077,9.6665,0.0096,-0.0206,0.0085,-0.0148,0.0397,0.04,98497.9686,28.4528,0.3827,0.0,0.0,0.9239,0.0058,28.0535,18.9663,-18.9663,8.2192,780.9449,780.9449,100.9924,120032.450,-113.1323,33.8166,b'N',b'W',b'\x00',b'A',0.0
1.0,4.0,32.5,0.2217,0.0278,9.6711,-0.0367,-0.0145,0.0275,0.0035,-0.0147,0.016,98493.1458,28.4501,0.3827,0.0,0.0,0.9239,-0.0092,28.0513,18.9663,-18.9663,8.2117,782.2926,782.2926,100.9845,120032.500,-113.1322,33.8166,b'N',b'W',b'\x00',b'A',0.0
1.0,4.0,32.55,-0.0209,-0.0359,9.7953,-0.0158,0.0114,-0.0081,0.0003,-0.0024,-0.015,98488.3276,28.4475,0.3827,0.0,0.0,0.9239,-0.0122,28.049,18.9663,-18.9663,8.2041,783.639,783.639,100.9765,120032.550,-113.1322,33.8166,b'N',b'W',b'\x00',b'A',0.0
1.0,4.0,32.6,0.2001,0.0807,9.739,0.0196,-0.0371,-0.0043,-0.0047,0.0128,-0.028,98483.5141,28.4448,0.3827,0.0,0.0,0.9239,0.0116,28.0468,18.9663,-18.9663,8.1965,784.9842,784.9842,100.9685,120032.600,-113.1322,33.8166,b'N',b'W',b'\x00',b'A',0.0
1.0,4.0,32.65,-0.1324,0.057,9.6359,-0.0347,0.0255,0.0214,0.0206,0.0178,0.0113,98478.7052,28.4421,0.3827,0.0,0.0,0.9239,0.0002,28.0446,18.9663,-18.9663,8.1889,786.3282,786.3282,100.9605,120032.650,-113.1322,33.8165,b'N',b'W',b'\x00',b'A',0.0
1.0,4.0,32.7,0.0705,-0.083,9.7404,0.0224,0.0125,-0.0362,-0.022,0.0256,-0.0011,98473.901,28.4395,0.3827,0.0,0.0,0.9239,-0.0155,28.0423,18.9663,-18.9663,8.1812,787.6709,787.6709,100.9524,120032.700,-113.1322,33.8165,b'N',b'W',b'\x00',b'A',0.0
1.0,4.0,32.75,0.0383,-0.0202,9.7355,0.0302,0.018,0.0393,-0.0208,0.0086,-0.0286,98469.1016,28.4368,0.3827,0.0,0.0,0.9239,-0.0178,28.0401,18.9663,-18.9663,8.1735,789.0123,789.0123,100.9443,120032.750,-113.1322,33.8165,b'N',b'W',b'\x00',b'A',0.0
1.0,4.0,32.8,-0.1043,0.1252,9.7059,-0.0074,0.0112,0.0489,-0.0205,0.021,0.0086,98464.3068,28.4342,0.3827,0.0,0.0,0.9239,-0.0112,28.0378,18.9663,-18.9663,8.1657,790.3525,790.3525,100.9362,120032.800,-113.1322,33.8165,b'N',b'W',b'\x00',b'A',0.0
1.0,4.0,32.85,0.0213,0.0472,9.7593,0.0058,-0.0032,-0.0541,-0.0072,-0.0133,-0.0054,98459.5168,28.4315,0.3827,0.0,0.0,0.9239,-0.0124,28.0356,18.9663,-18.9663,8.1579,791.6913,791.6913,100.9281,120032.850,-113.1322,33.8165,b'N',b'W',b'\x00',b'A',0.0
1.0,4.0,32.9,0.1455,-0.1676,9.9834,0.0224,-0.0213,-0.002,-0.0246,0.0184,0.0106,98454.7316,28.4289,0.3827,0.0,0.0,0.9239,-0.0205,28.0333,18.9663,-18.9663,8.1501,793.029,793.029,100.9199,120032.900,-113.1322,33.8165,b'N',b'W',b'\x00',b'A',0.0
1.0,4.0,32.95,-0.0389,0.0787,9.8365,-0.0093,-0.0028,-0.0144,-0.001,0.0181,0.0088,98449.9512,28.4262,0.3827,0.0,0.0,0.9239,-0.011,28.031,18.9663,-18.9663,8.1423,794.3653,794.3653,100.9116,120032.950,-113.1322,33.8165,b'N',b'W',b'\x00',b'A',0.0
1.0,4.0,33.0,-0.203,-0.1302,10.1774,0.0174,-0.0195,-0.0053,-0.0033,0.0303,-0.0122,98445.1755,28.4236,0.3827,0.0,0.0,0.9239,-0.0092,28.0287,18.9663,-18.9663,8.1344,795.7003,795.7003,100.9034,120033.000,-113.1321,33.8165,b'N',b'W',b'\x00',b'A',0.0
1.0,4.0,33.05,-0.0021,0.1695,9.8322,-0.0134,0.0097,-0.0084,-0.0157,-0.0334,0.0127,98440.4047,28.4209,0.3827,0.0,0.0,0.9239,-0.0046,28.0264,18.9663,-18.9663,8.1264,797.034,797.034,100.8951,120033.050,-113.1321,33.8165,b'N',b'W',b'\x00',b'A',0.0
1.0,4.0,33.1,-0.1083,0.1229,9.7631,-0.0096,0.0161,0.0162,0.0175,-0.0181,-0.01,98435.6388,28.4183,0.3827,0.0,0.0,0.9239,0.0169,28.0241,18.9663,-18.9663,8.1184,798.3664,798.3664,100.8868,120033.100,-113.1321,33.8165,b'N',b'W',b'\x00',b'A',0.0
1.0,4.0,33.15,-0.0411,0.0348,9.8073,-0.016,0.0295,-0.0023,-0.0012,0.0165,-0.0087,98430.8778,28.4156,0.3827,0.0,0.0,0.9239,-0.0027,28.0218,18.9663,-18.9663,8.1104,799.6975,799.6975,100.8784,120033.150,-113.1321,33.8165,b'N',b'W',b'\x00',b'A',0.0
1.0,4.0,33.2,-0.0098,0.0189,9.8451,0.0069,0.0074,-0.0182,0.0213,-0.053,-0.0106,98426.1216,28.413,0.3827,0.0,0.0,0.9239,-0.0017,28.0195,18.9663,-18.9663,8.1024,801.0273,801.0273,100.87,120033.200,-113.1321,33.8164,b'N',b'W',b'\x00',b'A',0.0
1.0,4.0,33.25,-0.2047,-0.0251,9.8719,0.0232,0.0185,-0.0034,-0.0039,0.0098,0.0226,98421.3704,28.4104,0.3827,0.0,0.0,0.9239,0.0051,28.0171,18.9663,-18.9663,8.0943,802.3558,802.3558,100.8616,120033.250,-113.1321,33.8164,b'N',b'W',b'\x00',b'A',0.0
1.0,4.0,33.3,-0.1939,0.0814,10.1182,-0.0037,-0.0059,0.0103,-0.0005,0.0212,-0.0056,98416.6241,28.4077,0.3827,0.0,0.0,0.9239,-0.0024,28.0148,18.9663,-18.9663,8.0862,803.6829,803.6829,100.8532,120033.300,-113.1321,33.8164,b'N',b'W',b'\x00',b'A',0.0
1.0,4.0,33.35,0.0578,-0.0445,9.6799,-0.0254,-0.0096,-0.0237,-0.0113,-0.0115,0.0274,98411.8827,28.4051,0.3827,0.0,0.0,0.9239,0.004,28.0124,18.9663,-18.9663,8.078,805.0087,805.0087,100.8447,120033.350,-113.1321,33.8164,b'N',b'W',b'\x00',b'A',0.0
1.0,4.0,33.4,-0.0627,0.0283,9.9355,-0.0217,0.0095,-0.0329,-0.0001,-0.0086,0.0357,98407.1464,28.4025,0.3827,0.0,0.0,0.9239,0.0028,28.01,18.9663,-18.9663,8.0698,806.3332,806.3332,100.8362,120033.400,-113.1321,33.8164,b'N',b'W',b'\x00',b'A',0.0
1.0,4.0,33.45,-0.3078,0.1046,9.8378,0.0079,-0.0077,0.0399,0.0142,-0.0215,-0.0148,98402.415,28.3999,0.3827,0.0,0.0,0.9239,0.0012,28.0077,18.9663,-18.9663,8.0616,807.6563,807.6563,100.8276,120033.450,-113.132,33.8164,b'N',b'W',b'\x00',b'A',0.0
1.0,4.0,33.5,0.0942,-0.0674,9.571,0.0369,0.0054,-0.0128,-0.0082,-0.0104,-0.0584,98397.6887,28.3973,0.3827,0.0,0.0,0.9239,0.0277,28.0053,18.9663,-18.9663,8.0533,808.9781,808.9781,100.8191,120033.500,-113.132,33.8164,b'N',b'W',b'\x00',b'A',0.0
1.0,4.0,33.55,0.0327,-0.0739,9.9223,0.0079,-0.0212,-0.0027,0.0104,-0.0099,0.0209,98392.9675,28.3946,0.3827,0.0,0.0,0.9239,0.0091,28.0029,18.9663,-18.9663,8.045,810.2985,810.2985,100.8105,120033.550,-113.132,33.8164,b'N',b'W',b'\x00',b'A',0.0
1.0,4.0,33.6,-0.0857,-0.1433,9.9968,-0.0077,-0.0176,-0.008,-0.0163,-0.0137,-0.0068,98388.2513,28.392,0.3827,0.0,0.0,0.9239,-0.0108,28.0005,18.9663,-18.9663,8.0366,811.6175,811.6175,100.8018,120033.600,-113.132,33.8164,b'N',b'W',b'\x00',b'A',0.0
1.0,4.0,33.65,-0.158,-0.1277,9.6781,0.0153,0.0127,0.011,0.0152,-0.0148,-0.0173,98383.5401,28.3894,0.3827,0.0,0.0,0.9239,0.0037,27.9981,18.9663,-18.9663,8.0283,812.9352,812.9352,100.7932,120033.650,-113.132,33.8164,b'N',b'W',b'\x00',b'A',0.0
1.0,4.0,33.7,0.1003,-0.2194,9.8053,-0.0048,0.0177,0.0355,-0.0116,-0.0054,-0.0118,98378.8341,28.3868,0.3827,0.0,0.0,0.9239,-0.0079,27.9957,18.9663,-18.9663,8.0198,814.2514,814.2514,100.7845,120033.700,-113.132,33.8164,b'N',b'W',b'\x00',b'A',0.0
1.0,4.0,33.75,0.0419,0.0876,9.5478,-0.0076,-0.0197,0.0116,0.017,-0.0057,-0.0083,98374.1333,28.3842,0.3827,0.0,0.0,0.9239,0.0045,27.9933,18.9663,-18.9663,8.0114,815.5663,815.5663,100.7758,120033.750,-113.132,33.8164,b'N',b'W',b'\x00',b'A',0.0
1.0,4.0,33.8,0.2859,0.2171,9.6178,-0.0192,0.0134,-0.0304,0.0012,0.0375,0.0259,98369.4375,28.3816,0.3827,0.0,0.0,0.9239,-0.0138,27.9908,18.9663,-18.9663,8.0029,816.8799,816.8799,100.767,120033.800,-113.132,33.8163,b'N',b'W',b'\x00',b'A',0.0
1.0,4.0,33.85,0.0504,0.171,9.9639,0.0282,-0.0107,-0.0277,0.0304,-0.0079,0.0032,98364.747,28.379,0.3827,0.0,0.0,0.9239,-0.0111,27.9884,18.9663,-18.9663,7.9944,818.192,818.192,100.7583,120033.850,-113.132,33.8163,b'N',b'W',b'\x00',b'A',0.0
1.0,4.0,33.9,0.0465,-0.1951,9.7367,-0.0508,0.0003,-0.008,-0.0231,0.0069,0.0257,98360.0616,28.3764,0.3827,0.0,0.0,0.9239,0.0034,27.986,18.9663,-18.9663,7.9858,819.5027,819.5027,100.7495,120033.900,-113.132,33.8163,b'N',b'W',b'\x00',b'A',0.0
1.0,4.0,33.95,-0.02,0.087,9.6403,0.016,0.0283,-0.0054,-0.0295,-0.0115,0.0099,98355.3815,28.3738,0.3827,0.0,0.0,0.9239,0.01,27.9835,18.9663,-18.9663,7.9772,820.812,820.812,100.7406,120033.950,-113.1319,33.8163,b'N',b'W',b'\x00',b'A',0.0
1.0,4.0,34.0,0.098,0.1707,9.8411,-0.0093,0.0161,-0.0344,-0.0123,-0.0118,-0.0062,98350.7066,28.3712,0.3827,0.0,0.0,0.9239,0.005,27.981,18.9663,-18.9663,7.9685,822.1199,822.1199,100.7318,120034.000,-113.1319,33.8163,b'N',b'W',b'\x00',b'A',0.0
1.0,4.0,34.05,0.075,-0.0548,9.7283,-0.0082,0.0159,0.0164,-0.0277,-0.0341,-0.0078,98346.037,28.3686,0.3827,0.0,0.0,0.9239,0.0085,27.9786,18.9663,-18.9663,7.9599,823.4263,823.4263,100.7229,120034.050,-113.1319,33.8163,b'N',b'W',b'\x00',b'A',0.0
1.0,4.0,34.1,0.1502,0.0122,9.736,0.0338,0.0382,-0.0217,-0.0277,-0.0314,0.0112,98341.3726,28.366,0.3827,0.0,0.0,0.9239,0.0037,27.9761,18.9663,-18.9663,7.9512,824.7314,824.7314,100.7139,120034.100,-113.1319,33.8163,b'N',b'W',b'\x00',b'A',0.0
1.0,4.0,34.15,-0.0626,-0.2409,9.9175,-0.0143,-0.0141,0.0299,0.0124,-0.0241,0.0164,98336.7135,28.3635,0.3827,0.0,0.0,0.9239,0.0017,27.9736,18.9663,-18.9663,7.9424,826.035,826.035,100.705,120034.150,-113.1319,33.8163,b'N',b'W',b'\x00',b'A',0.0
1.0,4.0,34.2,-0.0522,0.032,9.6324,-0.0136,-0.0197,0.0364,-0.0001,0.0037,0.0199,98332.0598,28.3609,0.3827,0.0,0.0,0.9239,-0.005,27.9711,18.9663,-18.9663,7.9336,827.3371,827.3371,100.696,120034.200,-113.1319,33.8163,b'N',b'W',b'\x00',b'A',0.0
1.0,4.0,34.25,-0.0575,-0.1276,9.6708,-0.0026,-0.0144,-0.005,-0.0096,0.0215,-0.0052,98327.4113,28.3583,0.3827,0.0,0.0,0.9239,0.0081,27.9686,18.9663,-18.9663,7.9248,828.6379,828.6379,100.687,120034.250,-113.1319,33.8163,b'N',b'W',b'\x00',b'A',0.0
1.0,4.0,34.3,0.0949,0.024,9.8298,0.0083,-0.0051,0.0088,-0.0077,-0.0357,0.0035,98322.7683,28.3557,0.3827,0.0,0.0,0.9239,0.0102,27.9661,18.9663,-18.9663,7.9159,829.9371,829.9371,100.678,120034.300,-113.1319,33.8163,b'N',b'W',b'\x00',b'A',0.0
1.0,4.0,34.35,0.1798,-0.1873,9.9521,-0.0088,-0.0471,-0.0246,-0.0119,-0.011,0.0117,98318.1306,28.3532,0.3827,0.0,0.0,0.9239,-0.0006,27.9636,18.9663,-18.9663,7.9071,831.235,831.235,100.6689,120034.350,-113.1319,33.8163,b'N',b'W',b'\x00',b'A',0.0
1.0,4.0,34.4,-0.0551,0.0651,9.9924,-0.0315,-0.0041,0.0125,0.033,-0.0273,-0.0077,98313.4983,28.3506,0.3827,0.0,0.0,0.9239,-0.0012,27.9611,18.9663,-18.9663,7.8981,832.5313,832.5313,100.6599,120034.400,-113.1319,33.8162,b'N',b'W',b'\x00',b'A',0.0
1.0,4.0,34.45,-0.051,0.1229,9.7069,-0.0173,-0.0109,-0.01,-0.0147,-0.0053,-0.0227,98308.8715,28.348,0.3827,0.0,0.0,0.9239,0.0159,27.9585,18.9663,-18.9663,7.8892,833.8262,833.8262,100.6507,120034.450,-113.1318,33.8162,b'N',b'W',b'\x00',b'A',0.0
1.0,4.0,34.5,0.0377,-0.094,9.9473,0.0256,0.0157,-0.0217,-0.0264,0.0215,-0.0161,98304.2501,28.3455,0.3827,0.0,0.0,0.9239,-0.0002,27.956,18.9663,-18.9663,7.8802,835.1196,835.1196,100.6416,120034.500,-113.1318,33.8162,b'N',b'W',b'\x00',b'A',0.0
1.0,4.0,34.55,-0.0295,-0.1364,9.689,0.0015,0.007,-0.0058,0.0159,-0.0089,-0.0048,98299.6341,28.3429,0.3827,0.0,0.0,0.9239,0.0008,27.9535,18.9663,-18.9663,7.8711,836.4116,836.4116,100.6324,120034.550,-113.1318,33.8162,b'N',b'W',b'\x00',b'A',0.0
1.0,4.0,34.6,0.1142,-0.2587,10.0806,0.009,-0.012,-0.0093,-0.0043,-0.001,0.0132,98295.0236,28.3403,0.3827,0.0,0.0,0.9239,0.0048,27.9509,18.9663,-18.9663,7.862,837.702,837.702,100.6232,120034.600,-113.1318,33.8162,b'N',b'W',b'\x00',b'A',0.0
1.0,4.0,34.65,-0.2702,-0.032,9.6366,-0.0052,0.0118,-0.0065,0.0408,0.0291,0.0252,98290.4187,28.3378,0.3827,0.0,0.0,0.9239,-0.001,27.9483,18.9663,-18.9663,7.8529,838.991,838.991,100.614,120034.650,-113.1318,33.8162,b'N',b'W',b'\x00',b'A',0.0
1.0,4.0,34.7,-0.0992,-0.0698,10.0059,-0.0132,0.0145,0.019,-0.0105,0.0092,-0.0271,98285.8192,28.3352,0.3827,0.0,0.0,0.9239,-0.0082,27.9458,18.9663,-18.9663,7.8438,840.2784,840.2784,100.6048,120034.700,-113.1318,33.8162,b'N',b'W',b'\x00',b'A',0.0
1.0,4.0,34.75,-0.0939,-0.1861,9.7082,0.0336,-0.0154,-0.0157,0.0169,-0.0152,-0.0119,98281.2253,28.3327,0.3827,0.0,0.0,0.9239,0.0038,27.9432,18.9663,-18.9663,7.8346,841.5644,841.5644,100.5955,120034.750,-113.1318,33.8162,b'N',b'W',b'\x00',b'A',0.0
1.0,4.0,34.8,-0.2784,0.0544,10.1086,-0.0038,-0.0099,0.0347,0.0216,0.0032,-0.0072,98276.637,28.3301,0.3827,0.0,0.0,0.9239,-0.0004,27.9406,18.9663,-18.9663,7.8254,842.8488,842.8488,100.5862,120034.800,-113.1318,33.8162,b'N',b'W',b'\x00',b'A',0.0
1.0,4.0,34.85,-0.1156,-0.054,9.8953,-0.0089,-0.0445,-0.0265,-0.0104,-0.0166,0.0159,98272.0542,28.3276,0.3827,0.0,0.0,0.9239,0.0184,27.938,18.9663,-18.9663,7.8161,844.1318,844.1318,100.5769,120034.850,-113.1318,33.8162,b'N',b'W',b'\x00',b'A',0.0
1.0,4.0,34.9,-0.1098,-0.1291,9.6542,0.0219,-0.0218,0.0323,-0.0149,0.0084,-0.0106,98267.4771,28.3251,0.3827,0.0,0.0,0.9239,0.0079,27.9354,18.9663,-18.9663,7.8069,845.4132,845.4132,100.5675,120034.900,-113.1318,33.8162,b'N',b'W',b'\x00',b'A',0.0
1.0,4.0,34.95,-0.0241,-0.0665,9.7283,-0.0144,-0.0148,-0.0203,0.0148,0.0103,-0.0086,98262.9055,28.3225,0.3827,0.0,0.0,0.9239,-0.006,27.9328,18.9663,-18.9663,7.7975,846.6931,846.6931,100.5582,120034.950,-113.1317,33.8161,b'N',b'W',b'\x00',b'A',0.0
1.0,4.0,35.0,0.1336,0.1286,9.9238,-0.0119,0.0015,-0.0,0.0115,-0.0273,-0.0282,98258.3397,28.32,0.3827,0.0,0.0,0.9239,0.0073,27.9302,18.9663,-18.9663,7.7882,847.9714,847.9714,100.5488,120035.000,-113.1317,33.8161,b'N',b'W',b'\x00',b'A',0.0
1.0,4.0,35.05,-0.0294,0.0724,9.9645,0.0002,-0.0189,-0.0098,-0.0282,0.0035,0.0097,98253.7794,28.3175,0.3827,0.0,0.0,0.9239,0.0031,27.9276,18.9663,-18.9663,7.7788,849.2483,849.2483,100.5394,120035.050,-113.1317,33.8161,b'N',b'W',b'\x00',b'A',0.0
1.0,4.0,35.1,-0.1237,-0.0156,9.796,0.0,-0.0103,-0.0069,-0.0226,-0.0024,-0.0032,98249.2249,28.3149,0.3827,0.0,0.0,0.9239,0.0131,27.925,18.9663,-18.9663,7.7694,850.5235,850.5235,100.5299,120035.100,-113.1317,33.8161,b'N',b'W',b'\x00',b'A',0.0
1.0,4.0,35.15,-0.0068,0.0743,9.8133,0.0052,-0.0245,0.016,-0.0507,0.0109,-0.0131,98244.6761,28.3124,0.3827,0.0,0.0,0.9239,-0.0052,27.9223,18.9663,-18.9663,7.7599,851.7973,851.7973,100.5204,120035.150,-113.1317,33.8161,b'N',b'W',b'\x00',b'A',0.0
1.0,4.0,35.2,0.1259,-0.1393,9.9204,0.0418,0.0034,0.03,0.0119,0.0166,-0.0052,98240.133,28.3099,0.3827,0.0,0.0,0.9239,0.0019,27.9197,18.9663,-18.9663,7.7504,853.0694,853.0694,100.5109,120035.200,-113.1317,33.8161,b'N',b'W',b'\x00',b'A',0.0
1.0,4.0,35.25,-0.1171,0.0039,9.8264,0.0067,0.0085,0.0238,-0.0052,0.0095,0.0225,98235.5956,28.3074,0.3827,0.0,0.0,0.9239,-0.001,27.9171,18.9663,-18.9663,7.7409,854.3401,854.3401,100.5014,120035.250,-113.1317,33.8161,b'N',b'W',b'\x00',b'A',0.0
1.0,4.0,35.3,-0.1093,0.0177,9.6126,-0.0476,0.008,-0.0081,-0.0032,-0.0061,-0.0201,98231.064,28.3049,0.3827,0.0,0.0,0.9239,0.0006,27.9144,18.9663,-18.9663,7.7313,855.6091,855.6091,100.4919,120035.300,-113.1317,33.8161,b'N',b'W',b'\x00',b'A',0.0
1.0,4.0,35.35,0.067,-0.0564,9.6847,0.0065,0.0002,0.0037,-0.0338,0.0187,-0.0168,98226.5382,28.3024,0.3827,0.0,0.0,0.9239,-0.0089,27.9117,18.9663,-18.9663,7.7217,856.8766,856.8766,100.4823,120035.350,-113.1317,33.8161,b'N',b'W',b'\x00',b'A',0.0
1.0,4.0,35.4,-0.0266,0.0523,9.8419,0.0008,-0.0308,-0.0156,-0.022,-0.0175,0.025,98222.0182,28.2998,0.3827,0.0,0.0,0.9239,0.0058,27.9091,18.9663,-18.9663,7.7121,858.1425,858.1425,100.4727,120035.400,-113.1316,33.8161,b'N',b'W',b'\x00',b'A',0.0
1.0,4.0,35.45,0.0777,-0.0937,9.989,0.0009,-0.0124,-0.0198,-0.0096,-0.0264,0.0015,98217.504,28.2973,0.3827,0.0,0.0,0.9239,0.0042,27.9064,18.9663,-18.9663,7.7024,859.4068,859.4068,100.4631,120035.450,-113.1316,33.8161,b'N',b'W',b'\x00',b'A',0.0
1.0,4.0,35.5,-0.0016,0.0612,10.049,0.0049,-0.0081,-0.0229,-0.0134,-0.0639,0.0134,98212.9956,28.2948,0.3827,0.0,0.0,0.9239,0.0129,27.9037,18.9663,-18.9663,7.6927,860.6695,860.6695,100.4534,120035.500,-113.1316,33.8161,b'N',b'W',b'\x00',b'A',0.0
1.0,4.0,35.55,0.0842,0.0662,9.9236,-0.0006,-0.0081,-0.0088,0.0024,-0.0014,0.008,98208.4932,28.2923,0.3827,0.0,0.0,0.9239,-0.0001,27.9011,18.9663,-18.9663,7.6829,861.9306,861.9306,100.4438,120035.550,-113.1316,33.816,b'N',b'W',b'\x00',b'A',0.0
1.0,4.0,35.6,-0.1242,-0.3501,9.8497,-0.0011,0.0015,0.005,0.0117,-0.0164,-0.0007,98203.9966,28.2898,0.3827,0.0,0.0,0.9239,-0.0041,27.8984,18.9663,-18.9663,7.6732,863.1901,863.1901,100.4341,120035.600,-113.1316,33.816,b'N',b'W',b'\x00',b'A',0.0
1.0,4.0,35.65,-0.0015,0.1428,9.919,0.0123,0.0285,-0.0382,0.0454,0.008,-0.007,98199.5059,28.2874,0.3827,0.0,0.0,0.9239,0.0079,27.8957,18.9663,-18.9663,7.6633,864.4481,864.4481,100.4244,120035.650,-113.1316,33.816,b'N',b'W',b'\x00',b'A',0.0
1.0,4.0,35.7,-0.0253,-0.3657,9.7066,-0.0108,0.0162,-0.0009,-0.0004,-0.0394,0.0166,98195.0211,28.2849,0.3827,0.0,0.0,0.9239,-0.0079,27.893,18.9663,-18.9663,7.6535,865.7044,865.7044,100.4147,120035.700,-113.1316,33.816,b'N',b'W',b'\x00',b'A',0.0
1.0,4.0,35.75,-0.1459,-0.0739,9.7837,-0.019,-0.0198,0.0303,0.0223,-0.0129,0.0232,98190.5423,28.2824,0.3827,0.0,0.0,0.9239,0.0108,27.8903,18.9663,-18.9663,7.6436,866.9591,866.9591,100.4049,120035.750,-113.1316,33.816,b'N',b'W',b'\x00',b'A',0.0
1.0,4.0,35.8,-0.1876,0.123,9.683,0.0605,0.0136,0.0224,-0.0166,0.0094,0.0217,98186.0694,28.2799,0.3827,0.0,0.0,0.9239,0.0108,27.8875,18.9663,-18.9663,7.6337,868.2121,868.2121,100.3951,120035.800,-113.1316,33.816,b'N',b'W',b'\x00',b'A',0.0
1.0,4.0,35.85,0.0823,-0.0381,9.6193,-0.0143,0.0128,-0.0117,-0.0335,-0.0206,-0.0237,98181.6025,28.2774,0.3827,0.0,0.0,0.9239,0.0126,27.8848,18.9663,-18.9663,7.6238,869.4635,869.4635,100.3853,120035.850,-113.1316,33.816,b'N',b'W',b'\x00',b'A',0.0
1.0,4.0,35.9,-0.0421,-0.1759,9.8567,0.002,-0.0161,-0.0279,-0.007,0.0082,0.0261,98177.1416,28.2749,0.3827,0.0,0.0,0.9239,0.0038,27.8821,18.9663,-18.9663,7.6138,870.7133,870.7133,100.3755,120035.900,-113.1315,33.816,b'N',b'W',b'\x00',b'A',0.0
1.0,4.0,35.95,-0.1227,-0.1312,9.8345,-0.0299,0.017,0.0092,-0.032,-0.0111,-0.0072,98172.6868,28.2725,0.3827,0.0,0.0,0.9239,-0.0049,27.8794,18.9663,-18.9663,7.6038,871.9615,871.9615,100.3657,120035.950,-113.1315,33.816,b'N',b'W',b'\x00',b'A',0.0
1.0,4.0,36.0,-0.0115,0.1232,9.9098,0.0023,-0.0032,-0.0463,0.0003,-0.0007,-0.0151,98168.2379,28.27,0.3827,0.0,0.0,0.9239,0.0011,27.8766,18.9663,-18.9663,7.5937,873.208,873.208,100.3558,120036.000,-113.1315,33.816,b'N',b'W',b'\x00',b'A',0.0
1.0,4.0,36.05,0.1354,-0.2306,9.8886,-0.0187,-0.0282,0.0222,-0.0156,0.0119,-0.0034,98163.7952,28.2675,0.3827,0.0,0.0,0.9239,0.0038,27.8739,18.9663,-18.9663,7.5836,874.4529,874.4529,100.3459,120036.050,-113.1315,33.816,b'N',b'W',b'\x00',b'A',0.0
1.0,4.0,36.1,-0.2737,0.1355,9.843,-0.0088,0.0091,-0.0043,-0.0391,0.0191,0.0166,98159.3585,28.2651,0.3827,0.0,0.0,0.9239,-0.0056,27.8711,18.9663,-18.9663,7.5735,875.6961,875.6961,100.336,120036.100,-113.1315,33.816,b'N',b'W',b'\x00',b'A',0.0
1.0,4.0,36.15,-0.1796,-0.0066,9.8901,0.0209,0.0043,0.0366,0.0347,0.0018,0.0108,98154.9279,28.2626,0.3827,0.0,0.0,0.9239,0.0133,27.8684,18.9663,-18.9663,7.5633,876.9376,876.9376,100.3261,120036.150,-113.1315,33.8159,b'N',b'W',b'\x00',b'A',0.0
1.0,4.0,36.2,-0.1107,-0.1431,9.8002,0.0094,-0.0046,-0.0345,-0.0108,-0.0163,-0.0051,98150.5034,28.2602,0.3827,0.0,0.0,0.9239,0.0058,27.8656,18.9663,-18.9663,7.5531,878.1775,878.1775,100.3161,120036.200,-113.1315,33.8159,b'N',b'W',b'\x00',b'A',0.0
1.0,4.0,36.25,0.1753,-0.07,9.8686,0.0114,-0.0007,0.0184,-0.0328,-0.0092,0.0168,98146.0851,28.2577,0.3827,0.0,0.0,0.9239,-0.0089,27.8628,18.9663,-18.9663,7.5429,879.4157,879.4157,100.3062,120036.250,-113.1315,33.8159,b'N',b'W',b'\x00',b'A',0.0
1.0,4.0,36.3,0.0339,-0.1221,9.6977,-0.0354,-0.0144,-0.002,0.018,0.0127,0.0028,98141.6729,28.2553,0.3827,0.0,0.0,0.9239,0.0188,27.86,18.9663,-18.9663,7.5327,880.6522,880.6522,100.2962,120036.300,-113.1315,33.8159,b'N',b'W',b'\x00',b'A',0.0
1.0,4.0,36.35,0.0921,0.1039,9.8621,0.0367,0.0122,-0.0066,-0.0146,-0.0204,-0.0115,98137.2669,28.2528,0.3827,0.0,0.0,0.9239,0.001,27.8573,18.9663,-18.9663,7.5224,881.887,881.887,100.2862,120036.350,-113.1315,33.8159,b'N',b'W',b'\x00',b'A',0.0
1.0,4.0,36.4,-0.1368,0.0879,9.9069,-0.0238,-0.0009,-0.0274,0.0218,-0.0036,-0.0142,98132.867,28.2504,0.3827,0.0,0.0,0.9239,-0.0109,27.8545,18.9663,-18.9663,7.512,883.1202,883.1202,100.2761,120036.400,-113.1314,33.8159,b'N',b'W',b'\x00',b'A',0.0
1.0,4.0,36.45,-0.1343,-0.2063,9.7062,0.0306,0.0033,0.0119,-0.0147,-0.0077,0.0082,98128.4734,28.2479,0.3827,0.0,0.0,0.9239,-0.0083,27.8517,18.9663,-18.9663,7.5017,884.3516,884.3516,100.2661,120036.450,-113.1314,33.8159,b'N',b'W',b'\x00',b'A',0.0
1.0,4.0,36.5,0.0537,-0.0484,9.8144,0.0204,0.0071,0.0135,-0.0108,-0.0021,-0.0017,98124.0861,28.2455,0.3827,0.0,0.0,0.9239,0.0149,27.8489,18.9663,-18.9663,7.4913,885.5813,885.5813,100.256,120036.500,-113.1314,33.8159,b'N',b'W',b'\x00',b'A',0.0
1.0,4.0,36.55,0.007,-0.1036,9.7131,0.0115,-0.0231,0.0357,0.0069,-0.0202,-0.0275,98119.7049,28.2431,0.3827,0.0,0.0,0.9239,0.0182,27.8461,18.9663,-18.9663,7.4809,886.8094,886.8094,100.2459,120036.550,-113.1314,33.8159,b'N',b'W',b'\x00',b'A',0.0
1.0,4.0,36.6,0.0658,0.1552,9.7277,-0.0171,-0.0179,0.0202,0.0119,-0.037,0.0169,98115.3301,28.2406,0.3827,0.0,0.0,0.9239,0.0101,27.8433,18.9663,-18.9663,7.4704,888.0357,888.0357,100.2358,120036.600,-113.1314,33.8159,b'N',b'W',b'\x00',b'A',0.0
1.0,4.0,36.65,-0.0225,-0.162,9.6379,0.003,-0.0442,-0.0119,0.0154,0.0104,-0.0096,98110.9615,28.2382,0.3827,0.0,0.0,0.9239,0.0132,27.8405,18.9663,-18.9663,7.4599,889.2603,889.2603,100.2257,120036.650,-113.1314,33.8159,b'N',b'W',b'\x00',b'A',0.0
1.0,4.0,36.7,0.0334,0.1925,9.9965,-0.0094,0.0113,-0.0201,-0.0018,0.0193,0.0318,98106.5993,28.2358,0.3827,0.0,0.0,0.9239,0.0122,27.8376,18.9663,-18.9663,7.4494,890.4832,890.4832,100.2155,120036.700,-113.1314,33.8159,b'N',b'W',b'\x00',b'A',0.0
1.0,4.0,36.75,0.019,-0.004,9.9665,0.0006,-0.0242,-0.0274,0.0106,-0.0358,-0.0281,98102.2434,28.2334,0.3827,0.0,0.0,0.9239,0.0056,27.8348,18.9663,-18.9663,7.4388,891.7043,891.7043,100.2053,120036.750,-113.1314,33.8158,b'N',b'W',b'\x00',b'A',0.0
1.0,4.0,36.8,0.0933,-0.1394,9.8873,-0.005,0.0027,0.0295,0.0149,0.0074,-0.0036,98097.8938,28.2309,0.3827,0.0,0.0,0.9239,0.0033,27.832,18.9663,-18.9663,7.4282,892.9237,892.9237,100.1952,120036.800,-113.1314,33.8158,b'N',b'W',b'\x00',b'A',0.0
1.0,4.0,36.85,0.0968,-0.0813,10.1025,-0.0408,0.0074,-0.0156,0.004,0.0217,-0.014,98093.5506,28.2285,0.3827,0.0,0.0,0.9239,0.0054,27.8292,18.9663,-18.9663,7.4176,894.1414,894.1414,100.185,120036.850,-113.1314,33.8158,b'N',b'W',b'\x00',b'A',0.0
1.0,4.0,36.9,-0.1944,-0.0962,9.7783,0.0224,0.012,0.0296,-0.0029,0.0119,-0.0195,98089.2137,28.2261,0.3827,0.0,0.0,0.9239,0.0074,27.8263,18.9663,-18.9663,7.4069,895.3573,895.3573,100.1747,120036.900,-113.1313,33.8158,b'N',b'W',b'\x00',b'A',0.0
1.0,4.0,36.95,-0.2697,-0.153,10.2614,-0.0016,-0.0241,0.0105,-0.0289,-0.0083,-0.0097,98084.8833,28.2237,0.3827,0.0,0.0,0.9239,-0.0074,27.8235,18.9663,-18.9663,7.3962,896.5715,896.5715,100.1645,120036.950,-113.1313,33.8158,b'N',b'W',b'\x00',b'A',0.0
1.0,4.0,37.0,0.1202,0.0114,9.7725,-0.0097,-0.0013,0.0066,0.012,-0.0189,0.0354,98080.5593,28.2213,0.3827,0.0,0.0,0.9239,0.0073,27.8206,18.9663,-18.9663,7.3855,897.7839,897.7839,100.1542,120037.000,-113.1313,33.8158,b'N',b'W',b'\x00',b'A',0.0
1.0,4.0,37.05,0.1425,-0.1473,9.8449,-0.0112,0.0334,-0.0061,0.0008,0.0016,0.0029,98076.2417,28.2189,0.3827,0.0,0.0,0.9239,0.0146,27.8178,18.9663,-18.9663,7.3748,898.9946,898.9946,100.144,120037.050,-113.1313,33.8158,b'N',b'W',b'\x00',b'A',0.0
1.0,4.0,37.1,-0.1225,-0.2616,9.747,0.0072,0.0343,0.0132,-0.0083,0.005,-0.0158,98071.9306,28.2165,0.3827,0.0,0.0,0.9239,-0.0021,27.8149,18.9663,-18.9663,7.364,900.2035,900.2035,100.1337,120037.100,-113.1313,33.8158,b'N',b'W',b'\x00',b'A',0.0
1.0,4.0,37.15,-0.2232,-0.0456,9.8625,-0.0179,0.0197,-0.0003,0.0256,0.0019,-0.0366,98067.626,28.2141,0.3827,0.0,0.0,0.9239,-0.0031,27.812,18.9663,-18.9663,7.3531,901.4106,901.4106,100.1234,120037.150,-113.1313,33.8158,b'N',b'W',b'\x00',b'A',0.0
1.0,4.0,37.2,0.0119,-0.2163,9.932,-0.0451,0.0067,-0.0074,-0.0286,-0.0036,-0.0344,98063.3278,28.2117,0.3827,0.0,0.0,0.9239,0.0048,27.8092,18.9663,-18.9663,7.3423,902.6159,902.6159,100.113,120037.200,-113.1313,33.8158,b'N',b'W',b'\x00',b'A',0.0
1.0,4.0,37.25,0.1117,-0.0903,9.7896,0.0081,-0.0201,0.0139,0.0329,-0.0217,-0.0107,98059.0362,28.2094,0.3827,0.0,0.0,0.9239,-0.0065,27.8063,18.9663,-18.9663,7.3314,903.8194,903.8194,100.1027,120037.250,-113.1313,33.8158,b'N',b'W',b'\x00',b'A',0.0
1.0,4.0,37.3,0.2157,-0.1091,10.0732,0.0104,0.0144,-0.0029,-0.0004,0.0085,-0.0127,98054.7511,28.207,0.3827,0.0,0.0,0.9239,-0.0132,27.8034,18.9663,-18.9663,7.3205,905.0212,905.0212,100.0923,120037.300,-113.1313,33.8157,b'N',b'W',b'\x00',b'A',0.0
1.0,4.0,37.35,0.062,-0.1045,9.8425,-0.004,-0.0032,-0.016,0.0064,0.0094,-0.0045,98050.4726,28.2046,0.3827,0.0,0.0,0.9239,0.0115,27.8005,18.9663,-18.9663,7.3095,906.2212,906.2212,100.0819,120037.350,-113.1312,33.8157,b'N',b'W',b'\x00',b'A',0.0
1.0,4.0,37.4,-0.0446,0.2401,9.8472,-0.023,0.0112,0.012,-0.0079,0.004,-0.0454,98046.2006,28.2022,0.3827,0.0,0.0,0.9239,-0.0045,27.7976,18.9663,-18.9663,7.2985,907.4193,907.4193,100.0715,120037.400,-113.1312,33.8157,b'N',b'W',b'\x00',b'A',0.0
1.0,4.0,37.45,-0.1072,0.0068,9.6703,0.0018,-0.0127,-0.0013,-0.0333,0.0022,-0.0018,98041.9352,28.1999,0.3827,0.0,0.0,0.9239,0.0002,27.7948,18.9663,-18.9663,7.2875,908.6157,908.6157,100.0611,120037.450,-113.1312,33.8157,b'N',b'W',b'\x00',b'A',0.0
1.0,4.0,37.5,0.0014,0.0294,9.8694,-0.0293,-0.0035,0.0098,-0.0028,0.0336,0.0206,98037.6765,28.1975,0.3827,0.0,0.0,0.9239,-0.0061,27.7919,18.9663,-18.9663,7.2764,909.8102,909.8102,100.0507,120037.500,-113.1312,33.8157,b'N',b'W',b'\x00',b'A',0.0
1.0,4.0,37.55,-0.0359,-0.2132,9.7865,-0.0205,0.0033,-0.0091,0.0067,-0.0125,0.0325,98033.4243,28.1951,0.3827,0.0,0.0,0.9239,0.0128,27.789,18.9663,-18.9663,7.2653,911.003,911.003,100.0403,120037.550,-113.1312,33.8157,b'N',b'W',b'\x00',b'A',0.0
1.0,4.0,37.6,-0.1218,-0.0785,9.7154,-0.015,0.0049,-0.0242,0.0135,0.0256,-0.0379,98029.1788,28.1928,0.3827,0.0,0.0,0.9239,0.0085,27.7861,18.9663,-18.9663,7.2542,912.1939,912.1939,100.0298,120037.600,-113.1312,33.8157,b'N',b'W',b'\x00',b'A',0.0
1.0,4.0,37.65,0.2459,0.0258,9.6902,0.0169,0.0099,0.0347,-0.004,-0.0147,-0.016,98024.94,28.1904,0.3827,0.0,0.0,0.9239,-0.0024,27.7831,18.9663,-18.9663,7.2431,913.383,913.383,100.0193,120037.650,-113.1312,33.8157,b'N',b'W',b'\x00',b'A',0.0
1.0,4.0,37.7,0.2142,-0.1229,10.2074,-0.0073,-0.0116,0.0309,-0.0439,0.0222,-0.0171,98020.7078,28.1881,0.3827,0.0,0.0,0.9239,-0.0118,27.7802,18.9663,-18.9663,7.2319,914.5702,914.5702,100.0088,120037.700,-113.1312,33.8157,b'N',b'W',b'\x00',b'A',0.0
1.0,4.0,37.75,0.1363,0.109,9.7671,-0.009,-0.0269,0.0177,-0.0308,0.0247,0.0029,98016.4824,28.1857,0.3827,0.0,0.0,0.9239,-0.0035,27.7773,18.9663,-18.9663,7.2207,915.7556,915.7556,99.9983,120037.750,-113.1312,33.8157,b'N',b'W',b'\x00',b'A',0.0
1.0,4.0,37.8,-0.1105,-0.1443,9.5881,0.0391,0.0325,-0.0078,0.041,-0.0059,-0.0244,98012.2636,28.1834,0.3827,0.0,0.0,0.9239,0.0057,27.7744,18.9663,-18.9663,7.2094,916.9392,916.9392,99.9878,120037.800,-113.1312,33.8157,b'N',b'W',b'\x00',b'A',0.0
1.0,4.0,37.85,0.1026,-0.0344,9.7019,0.007,0.0498,-0.006,-0.0219,0.0332,0.0336,98008.0516,28.181,0.3827,0.0,0.0,0.9239,0.0019,27.7715,18.9663,-18.9663,7.1981,918.1209,918.1209,99.9773,120037.850,-113.1311,33.8157,b'N',b'W',b'\x00',b'A',0.0
1.0,4.0,37.9,0.0768,-0.0703,9.7989,0.0068,0.0089,0.0276,0.0285,0.0094,0.0009,98003.8463,28.1787,0.3827,0.0,0.0,0.9239,0.0011,27.7685,18.9663,-18.9663,7.1868,919.3008,919.3008,99.9667,120037.900,-113.1311,33.8156,b'N',b'W',b'\x00',b'A',0.0
1.0,4.0,37.95,0.0531,0.0197,9.8887,-0.0074,-0.0265,-0.0071,-0.0187,-0.0175,-0.0025,97999.6479,28.1763,0.3827,0.0,0.0,0.9239,0.0021,27.7656,18.9663,-18.9663,7.1755,920.4788,920.4788,99.9561,120037.950,-113.1311,33.8156,b'N',b'W',b'\x00',b'A',0.0
1.0,4.0,38.0,0.15,-0.0769,9.8899,-0.0119,-0.0155,-0.0127,-0.0036,-0.0075,0.0319,97995.4562,28.174,0.3827,0.0,0.0,0.9239,0.0076,27.7627,18.9663,-18.9663,7.1641,921.6549,921.6549,99.9456,120038.000,-113.1311,33.8156,b'N',b'W',b'\x00',b'A',0.0
1.0,4.0,38.05,0.0762,-0.0325,9.9081,-0.0437,0.0102,0.0374,0.0125,0.0227,-0.0003,97991.2713,28.1717,0.3827,0.0,0.0,0.9239,-0.0004,27.7597,18.9663,-18.9663,7.1527,922.8292,922.8292,99.935,120038.050,-113.1311,33.8156,b'N',b'W',b'\x00',b'A',0.0
1.0,4.0,38.1,0.0888,-0.0283,9.7099,0.0194,0.0268,-0.001,-0.0164,0.0185,0.008,97987.0932,28.1694,0.3827,0.0,0.0,0.9239,0.0045,27.7568,18.9663,-18.9663,7.1412,924.0016,924.0016,99.9244,120038.100,-113.1311,33.8156,b'N',b'W',b'\x00',b'A',0.0
1.0,4.0,38.15,0.0764,-0.0881,9.8577,0.009,-0.0243,0.0354,0.0318,-0.0212,-0.015,97982.922,28.167,0.3827,0.0,0.0,0.9239,-0.0099,27.7538,18.9663,-18.9663,7.1297,925.1721,925.1721,99.9137,120038.150,-113.1311,33.8156,b'N',b'W',b'\x00',b'A',0.0
1.0,4.0,38.2,0.0409,0.0582,9.6752,-0.0036,-0.0025,-0.028,0.0015,-0.0028,-0.0274,97978.7576,28.1647,0.3827,0.0,0.0,0.9239,0.0255,27.7509,18.9663,-18.9663,7.1182,926.3408,926.3408,99.9031,120038.200,-113.1311,33.8156,b'N',b'W',b'\x00',b'A',0.0
1.0,4.0,38.25,-0.214,0.0286,9.7137,-0.0027,0.0039,0.0104,0.0092,0.0041,-0.0122,97974.6001,28.1624,0.3827,0.0,0.0,0.9239,-0.0028,27.7479,18.9663,-18.9663,7.1067,927.5075,927.5075,99.8925,120038.250,-113.1311,33.8156,b'N',b'W',b'\x00',b'A',0.0
1.0,4.0,38.3,0.01,-0.0106,9.669,0.0147,0.0173,0.0414,-0.0054,-0.0102,0.0437,97970.4495,28.1601,0.3827,0.0,0.0,0.9239,0.002,27.7449,18.9663,-18.9663,7.0951,928.6724,928.6724,99.8818,120038.300,-113.1311,33.8156,b'N',b'W',b'\x00',b'A',0.0
1.0,4.0,38.35,-0.0667,-0.0517,9.6284,-0.0311,-0.0069,0.0006,0.0132,0.0472,0.0127,97966.3059,28.1578,0.3827,0.0,0.0,0.9239,0.0057,27.742,18.9663,-18.9663,7.0835,929.8353,929.8353,99.8711,120038.350,-113.131,33.8156,b'N',b'W',b'\x00',b'A',0.0
1.0,4.0,38.4,-0.1536,0.0956,9.9663,-0.0118,-0.0313,-0.0053,0.0316,0.0047,0.0055,97962.1691,28.1555,0.3827,0.0,0.0,0.9239,-0.0041,27.739,18.9663,-18.9663,7.0719,930.9963,930.9963,99.8604,120038.400,-113.131,33.8156,b'N',b'W',b'\x00',b'A',0.0
1.0,4.0,38.45,0.2018,-0.0283,9.9099,-0.0227,0.0124,-0.0234,-0.0026,-0.0012,-0.0195,97958.0393,28.1532,0.3827,0.0,0.0,0.9239,0.0001,27.736,18.9663,-18.9663,7.0602,932.1555,932.1555,99.8497,120038.450,-113.131,33.8156,b'N',b'W',b'\x00',b'A',0.0
1.0,4.0,38.5,0.2075,-0.0368,9.9531,0.0354,0.0225,0.0216,0.0346,0.0238,0.0182,97953.9165,28.1509,0.3827,0.0,0.0,0.9239,-0.0,27.7331,18.9663,-18.9663,7.0485,933.3127,933.3127,99.839,120038.500,-113.131,33.8155,b'N',b'W',b'\x00',b'A',0.0
1.0,4.0,38.55,0.1631,0.0126,9.8125,0.0175,-0.0017,-0.0154,-0.0122,-0.0073,-0.0272,97949.8007,28.1486,0.3827,0.0,0.0,0.9239,-0.0091,27.7301,18.9663,-18.9663,7.0368,934.468,934.468,99.8283,120038.550,-113.131,33.8155,b'N',b'W',b'\x00',b'A',0.0
1.0,4.0,38.6,0.0306,0.2036,9.9232,-0.0441,0.0081,-0.0019,0.0153,0.0201,-0.0313,97945.6918,28.1463,0.3827,0.0,0.0,0.9239,0.0044,27.7271,18.9663,-18.9663,7.025,935.6214,935.6214,99.8176,120038.600,-113.131,33.8155,b'N',b'W',b'\x00',b'A',0.0
1.0,4.0,38.65,0.1621,-0.1608,9.5425,-0.0303,-0.0095,-0.0247,0.0098,-0.0334,-0.0112,97941.59,28.1441,0.3827,0.0,0.0,0.9239,-0.0165,27.7241,18.9663,-18.9663,7.0133,936.7728,936.7728,99.8068,120038.650,-113.131,33.8155,b'N',b'W',b'\x00',b'A',0.0
1.0,4.0,38.7,0.0014,0.0924,9.9361,-0.0026,-0.0169,0.0311,-0.0214,-0.0091,0.0391,97937.4952,28.1418,0.3827,0.0,0.0,0.9239,0.0175,27.7211,18.9663,-18.9663,7.0014,937.9223,937.9223,99.7961,120038.700,-113.131,33.8155,b'N',b'W',b'\x00',b'A',0.0
1.0,4.0,38.75,0.0243,-0.2272,9.8332,-0.0094,0.0205,0.0231,0.0043,0.021,0.038,97933.4075,28.1395,0.3827,0.0,0.0,0.9239,0.0079,27.7181,18.9663,-18.9663,6.9896,939.0699,939.0699,99.7853,120038.750,-113.131,33.8155,b'N',b'W',b'\x00',b'A',0.0
1.0,4.0,38.8,-0.1312,0.0261,9.9007,-0.0265,0.0077,-0.0006,0.0001,0.0314,-0.009,97929.3269,28.1372,0.3827,0.0,0.0,0.9239,0.0064,27.7151,18.9663,-18.9663,6.9777,940.2155,940.2155,99.7745,120038.800,-113.131,33.8155,b'N',b'W',b'\x00',b'A',0.0
1.0,4.0,38.85,0.0476,0.189,9.8637,0.0389,0.0098,-0.0231,-0.0171,-0.0155,-0.0135,97925.2533,28.135,0.3827,0.0,0.0,0.9239,-0.0174,27.7121,18.9663,-18.9663,6.9658,941.3591,941.3591,99.7637,120038.850,-113.1309,33.8155,b'N',b'W',b'\x00',b'A',0.0
1.0,4.0,38.9,0.0072,0.0586,9.6586,0.0063,0.03,0.0307,0.0072,-0.0178,-0.0328,97921.1869,28.1327,0.3827,0.0,0.0,0.9239,-0.0079,27.7091,18.9663,-18.9663,6.9538,942.5008,942.5008,99.7529,120038.900,-113.1309,33.8155,b'N',b'W',b'\x00',b'A',0.0
1.0,4.0,38.95,-0.1563,0.0205,9.5819,0.0095,-0.0211,-0.0073,0.0029,0.0113,0.0016,97917.1275,28.1305,0.3827,0.0,0.0,0.9239,0.0139,27.7061,18.9663,-18.9663,6.9419,943.6406,943.6406,99.7421,120038.950,-113.1309,33.8155,b'N',b'W',b'\x00',b'A',0.0
1.0,4.0,39.0,-0.0061,-0.0673,9.6998,-0.0138,-0.011,-0.0221,-0.0015,-0.0125,0.0032,97913.0754,28.1282,0.3827,0.0,0.0,0.9239,0.0415,27.7031,18.9663,-18.9663,6.9298,944.7783,944.7783,99.7313,120039.000,-113.1309,33.8155,b'N',b'W',b'\x00',b'A',0.0
1.0,4.0,39.05,-0.0096,0.0037,9.8914,0.0144,0.0032,-0.0352,-0.0014,-0.0054,0.0158,97909.0303,28.126,0.3827,0.0,0.0,0.9239,0.0119,27.7001,18.9663,-18.9663,6.9178,945.9141,945.9141,99.7205,120039.050,-113.1309,33.8155,b'N',b'W',b'\x00',b'A',0.0
1.0,4.0,39.1,0.2157,-0.0302,9.9102,-0.0076,-0.0113,-0.0129,-0.0018,0.0175,0.0182,97904.9925,28.1237,0.3827,0.0,0.0,0.9239,0.0104,27.6971,18.9663,-18.9663,6.9057,947.048,947.048,99.7096,120039.100,-113.1309,33.8154,b'N',b'W',b'\x00',b'A',0.0
1.0,4.0,39.15,0.1073,-0.0943,9.6015,-0.0057,0.0157,-0.0291,-0.0074,-0.0109,-0.0039,97900.9618,28.1215,0.3827,0.0,0.0,0.9239,0.0052,27.6941,18.9663,-18.9663,6.8936,948.1798,948.1798,99.6988,120039.150,-113.1309,33.8154,b'N',b'W',b'\x00',b'A',0.0
1.0,4.0,39.2,0.0014,-0.0348,9.6595,0.0122,-0.0037,-0.0125,0.0028,-0.0393,0.0111,97896.9384,28.1192,0.3827,0.0,0.0,0.9239,-0.0085,27.6911,18.9663,-18.9663,6.8815,949.3097,949.3097,99.6879,120039.200,-113.1309,33.8154,b'N',b'W',b'\x00',b'A',0.0
1.0,4.0,39.25,0.0299,0.0238,9.6982,-0.0326,-0.0199,0.0149,-0.0129,-0.026,-0.014,97892.9222,28.117,0.3827,0.0,0.0,0.9239,0.01,27.6881,18.9663,-18.9663,6.8693,950.4375,950.4375,99.677,120039.250,-113.1309,33.8154,b'N',b'W',b'\x00',b'A',0.0
1.0,4.0,39.3,0.0053,-0.0921,9.7531,0.0319,0.0013,-0.0075,0.0531,0.0002,0.0107,97888.9132,28.1148,0.3827,0.0,0.0,0.9239,-0.011,27.685,18.9663,-18.9663,6.8572,951.5634,951.5634,99.6662,120039.300,-113.1308,33.8154,b'N',b'W',b'\x00',b'A',0.0
1.0,4.0,39.35,-0.0243,-0.0968,9.6023,0.0036,0.0034,0.0071,-0.0282,-0.0373,-0.0101,97884.9115,28.1125,0.3827,0.0,0.0,0.9239,-0.0121,27.682,18.9663,-18.9663,6.8449,952.6872,952.6872,99.6553,120039.350,-113.1308,33.8154,b'N',b'W',b'\x00',b'A',0.0
1.0,4.0,39.4,-0.1299,-0.1632,9.5933,0.0256,0.0187,-0.0145,-0.0117,-0.0059,0.0092,97880.9171,28.1103,0.3827,0.0,0.0,0.9239,-0.0127,27.679,18.9663,-18.9663,6.8327,953.8091,953.8091,99.6444,120039.400,-113.1308,33.8154,b'N',b'W',b'\x00',b'A',0.0
1.0,4.0,39.45,-0.0181,0.0469,9.6834,-0.0215,0.0079,0.0013,-0.0101,-0.0278,0.0076,97876.93,28.1081,0.3827,0.0,0.0,0.9239,0.0098,27.676,18.9663,-18.9663,6.8204,954.9289,954.9289,99.6335,120039.450,-113.1308,33.8154,b'N',b'W',b'\x00',b'A',0.0
1.0,4.0,39.5,-0.0895,0.0654,9.8196,-0.0185,0.0092,0.0384,0.0408,0.0328,0.0014,97872.9502,28.1059,0.3827,0.0,0.0,0.9239,-0.0006,27.6729,18.9663,-18.9663,6.8081,956.0468,956.0468,99.6226,120039.500,-113.1308,33.8154,b'N',b'W',b'\x00',b'A',0.0
1.0,4.0,39.55,-0.15,0.0278,9.6296,-0.0232,0.0064,-0.007,-0.0264,0.0433,0.0159,97868.9777,28.1037,0.3827,0.0,0.0,0.9239,0.001,27.6699,18.9663,-18.9663,6.7957,957.1626,957.1626,99.6116,120039.550,-113.1308,33.8154,b'N',b'W',b'\x00',b'A',0.0
1.0,4.0,39.6,0.0613,0.1158,9.7893,0.005,-0.0038,0.0077,0.0085,-0.0212,-0.0314,97865.0126,28.1015,0.3827,0.0,0.0,0.9239,-0.0002,27.6669,18.9663,-18.9663,6.7834,958.2763,958.2763,99.6007,120039.600,-113.1308,33.8154,b'N',b'W',b'\x00',b'A',0.0
1.0,4.0,39.65,0.047,0.0105,9.9654,0.0013,-0.0143,-0.0313,0.005,0.0051,-0.0213,97861.0548,28.0993,0.3827,0.0,0.0,0.9239,-0.0113,27.6638,18.9663,-18.9663,6.771,959.3881,959.3881,99.5898,120039.650,-113.1308,33.8153,b'N',b'W',b'\x00',b'A',0.0
1.0,4.0,39.7,-0.2144,0.047,9.6114,-0.0093,0.0058,0.0304,0.0067,-0.0192,-0.0054,97857.1044,28.0971,0.3827,0.0,0.0,0.9239,-0.0067,27.6608,18.9663,-18.9663,6.7585,960.4978,960.4978,99.5788,120039.700,-113.1308,33.8153,b'N',b'W',b'\x00',b'A',0.0
1.0,4.0,39.75,-0.0147,0.0365,9.7757,-0.0203,-0.0067,-0.0095,0.0247,-0.0062,-0.0289,97853.1614,28.0949,0.3827,0.0,0.0,0.9239,-0.0062,27.6577,18.9663,-18.9663,6.7461,961.6054,961.6054,99.5679,120039.750,-113.1308,33.8153,b'N',b'W',b'\x00',b'A',0.0
1.0,4.0,39.8,0.1195,-0.011,9.9604,-0.0253,0.0338,0.021,0.0243,0.0361,-0.0081,97849.2259,28.0927,0.3827,0.0,0.0,0.9239,-0.0141,27.6547,18.9663,-18.9663,6.7336,962.711,962.711,99.5569,120039.800,-113.1307,33.8153,b'N',b'W',b'\x00',b'A',0.0
1.0,4.0,39.85,0.1271,-0.0637,9.7439,-0.001,0.0268,-0.0025,-0.009,-0.0093,-0.0075,97845.2977,28.0905,0.3827,0.0,0.0,0.9239,-0.005,27.6516,18.9663,-18.9663,6.7211,963.8146,963.8146,99.5459,120039.850,-113.1307,33.8153,b'N',b'W',b'\x00',b'A',0.0
1.0,4.0,39.9,0.1231,0.2657,9.7206,-0.0093,0.0127,0.0122,0.0039,-0.0057,0.0262,97841.377,28.0883,0.3827,0.0,0.0,0.9239,-0.0108,27.6486,18.9663,-18.9663,6.7085,964.9161,964.9161,99.535,120039.900,-113.1307,33.8153,b'N',b'W',b'\x00',b'A',0.0
1.0,4.0,39.95,0.0047,-0.0542,9.9812,-0.0137,0.0076,0.0134,-0.0373,-0.0189,0.0029,97837.4638,28.0861,0.3827,0.0,0.0,0.9239,0.0058,27.6455,18.9663,-18.9663,6.6959,966.0156,966.0156,99.524,120039.950,-113.1307,33.8153,b'N',b'W',b'\x00',b'A',0.0
1.0,4.0,40.0,-0.1014,-0.0799,9.7607,0.0309,-0.0018,-0.009,0.002,0.0229,0.0206,97833.5581,28.084,0.3827,0.0,0.0,0.9239,0.0066,27.6425,18.9663,-18.9663,6.6833,967.1129,967.1129,99.513,120040.000,-113.1307,33.8153,b'N',b'W',b'\x00',b'A',0.0
1.0,4.0,40.05,-0.13,0.0521,9.9723,-0.0016,-0.0252,0.0218,-0.0159,-0.0653,0.006,97829.6598,28.0818,0.3827,0.0,0.0,0.9239,-0.0129,27.6394,18.9663,-18.9663,6.6707,968.2082,968.2082,99.502,120040.050,-113.1307,33.8153,b'N',b'W',b'\x00',b'A',0.0
1.0,4.0,40.1,0.0414,0.0302,9.871,0.0254,-0.0043,-0.0152,-0.0037,-0.0089,-0.0107,97825.7691,28.0796,0.3827,0.0,0.0,0.9239,-0.003,27.6364,18.9663,-18.9663,6.658,969.3015,969.3015,99.491,120040.100,-113.1307,33.8153,b'N',b'W',b'\x00',b'A',0.0
1.0,4.0,40.15,0.0455,-0.1686,9.7552,-0.0107,0.002,0.0156,-0.0337,-0.0009,0.0027,97821.8859,28.0775,0.3827,0.0,0.0,0.9239,0.0186,27.6333,18.9663,-18.9663,6.6453,970.3926,970.3926,99.48,120040.150,-113.1307,33.8153,b'N',b'W',b'\x00',b'A',0.0
1.0,4.0,40.2,0.1545,0.1347,9.8786,0.0049,0.0046,-0.0078,0.0081,-0.0132,0.0146,97818.0102,28.0753,0.3827,0.0,0.0,0.9239,-0.0098,27.6303,18.9663,-18.9663,6.6326,971.4817,971.4817,99.469,120040.200,-113.1307,33.8153,b'N',b'W',b'\x00',b'A',0.0
1.0,4.0,40.25,0.132,-0.0113,9.8547,-0.0011,0.0094,0.007,-0.0339,0.0173,0.0239,97814.1421,28.0731,0.3827,0.0,0.0,0.9239,0.0043,27.6272,18.9663,-18.9663,6.6198,972.5687,972.5687,99.458,120040.250,-113.1307,33.8152,b'N',b'W',b'\x00',b'A',0.0
1.0,4.0,40.3,-0.0159,-0.1333,9.9598,-0.034,0.0184,-0.0092,0.003,0.024,-0.0026,97810.2816,28.071,0.3827,0.0,0.0,0.9239,0.0011,27.6242,18.9663,-18.9663,6.607,973.6535,973.6535,99.4469,120040.300,-113.1306,33.8152,b'N',b'W',b'\x00',b'A',0.0
1.0,4.0,40.35,-0.1493,0.1427,9.7244,0.0286,-0.0138,0.001,-0.0245,-0.0282,-0.033,97806.4287,28.0689,0.3827,0.0,0.0,0.9239,0.0109,27.6211,18.9663,-18.9663,6.5942,974.7363,974.7363,99.4359,120040.350,-113.1306,33.8152,b'N',b'W',b'\x00',b'A',0.0
1.0,4.0,40.4,-0.0383,0.0751,9.8128,-0.0027,-0.0137,-0.0215,-0.017,0.0419,-0.0344,97802.5834,28.0667,0.3827,0.0,0.0,0.9239,0.003,27.618,18.9663,-18.9663,6.5813,975.817,975.817,99.4249,120040.400,-113.1306,33.8152,b'N',b'W',b'\x00',b'A',0.0
1.0,4.0,40.45,0.0261,-0.1517,9.7974,0.0149,0.029,0.005,0.0231,-0.0285,-0.0065,97798.7458,28.0646,0.3827,0.0,0.0,0.9239,-0.0043,27.615,18.9663,-18.9663,6.5685,976.8955,976.8955,99.4138,120040.450,-113.1306,33.8152,b'N',b'W',b'\x00',b'A',0.0
1.0,4.0,40.5,-0.0242,0.2133,9.9123,-0.015,0.0154,0.0009,0.0118,0.0258,-0.0468,97794.9157,28.0624,0.3827,0.0,0.0,0.9239,0.0007,27.6119,18.9663,-18.9663,6.5556,977.972,977.972,99.4028,120040.500,-113.1306,33.8152,b'N',b'W',b'\x00',b'A',0.0
1.0,4.0,40.55,-0.0693,0.0791,9.6529,-0.0033,-0.0078,-0.0108,0.023,0.003,0.0359,97791.0934,28.0603,0.3827,0.0,0.0,0.9239,0.0008,27.6088,18.9663,-18.9663,6.5426,979.0463,979.0463,99.3918,120040.550,-113.1306,33.8152,b'N',b'W',b'\x00',b'A',0.0
1.0,4.0,40.6,0.0303,-0.0012,9.9592,-0.0173,-0.0021,-0.0011,0.0312,-0.0101,0.0119,97787.2787,28.0582,0.3827,0.0,0.0,0.9239,-0.0009,27.6058,18.9663,-18.9663,6.5297,980.1185,980.1185,99.3807,120040.600,-113.1306,33.8152,b'N',b'W',b'\x00',b'A',0.0
1.0,4.0,40.65,-0.0605,0.1908,9.8766,0.0247,-0.0021,0.0027,-0.0155,-0.0082,-0.0127,97783.4717,28.0561,0.3827,0.0,0.0,0.9239,-0.0132,27.6027,18.9663,-18.9663,6.5167,981.1886,981.1886,99.3697,120040.650,-113.1306,33.8152,b'N',b'W',b'\x00',b'A',0.0
1.0,4.0,40.7,-0.0754,0.0191,9.6091,0.0062,0.0006,-0.0123,0.03,-0.0007,-0.0222,97779.6724,28.054,0.3827,0.0,0.0,0.9239,0.0124,27.5996,18.9663,-18.9663,6.5036,982.2565,982.2565,99.3586,120040.700,-113.1306,33.8152,b'N',b'W',b'\x00',b'A',0.0
1.0,4.0,40.75,0.0374,-0.0034,9.9879,0.0073,0.0095,-0.0026,-0.0293,0.0042,0.0206,97775.8809,28.0518,0.3827,0.0,0.0,0.9239,0.0107,27.5965,18.9663,-18.9663,6.4906,983.3223,983.3223,99.3475,120040.750,-113.1306,33.8152,b'N',b'W',b'\x00',b'A',0.0
1.0,4.0,40.8,-0.0482,-0.0792,10.1418,0.0272,0.0507,-0.0201,0.0149,-0.0184,-0.0223,97772.0971,28.0497,0.3827,0.0,0.0,0.9239,-0.0104,27.5935,18.9663,-18.9663,6.4775,984.386,984.386,99.3365,120040.800,-113.1305,33.8152,b'N',b'W',b'\x00',b'A',0.0
1.0,4.0,40.85,0.0293,0.0698,9.9569,0.0231,0.0038,0.0469,-0.0099,-0.0047,-0.0204,97768.321,28.0476,0.3827,0.0,0.0,0.9239,-0.003,27.5904,18.9663,-18.9663,6.4644,985.4475,985.4475,99.3254,120040.850,-113.1305,33.8151,b'N',b'W',b'\x00',b'A',0.0
1.0,4.0,40.9,0.0328,0.0572,10.0207,0.0153,0.0133,0.0212,-0.0186,-0.0154,-0.0153,97764.5528,28.0455,0.3827,0.0,0.0,0.9239,-0.0023,27.5873,18.9663,-18.9663,6.4513,986.5069,986.5069,99.3143,120040.900,-113.1305,33.8151,b'N',b'W',b'\x00',b'A',0.0
1.0,4.0,40.95,-0.1367,0.0018,9.8195,-0.0284,-0.0337,0.0055,0.0123,-0.0243,0.0023,97760.7923,28.0434,0.3827,0.0,0.0,0.9239,-0.0116,27.5842,18.9663,-18.9663,6.4381,987.5641,987.5641,99.3033,120040.950,-113.1305,33.8151,b'N',b'W',b'\x00',b'A',0.0
1.0,4.0,41.0,-0.0577,-0.0948,9.5574,-0.0139,-0.0097,0.0234,0.0189,-0.0163,0.0124,97757.0396,28.0413,0.3827,0.0,0.0,0.9239,-0.0187,27.5812,18.9663,-18.9663,6.4249,988.6191,988.6191,99.2922,120041.000,-113.1305,33.8151,b'N',b'W',b'\x00',b'A',0.0
1.0,4.0,41.05,0.1725,0.0156,9.53,-0.0201,0.0246,-0.0396,0.0183,-0.023,0.0239,97753.2947,28.0393,0.3827,0.0,0.0,0.9239,-0.0067,27.5781,18.9663,-18.9663,6.4117,989.672,989.672,99.2811,120041.050,-113.1305,33.8151,b'N',b'W',b'\x00',b'A',0.0
1.0,4.0,41.1,-0.1394,-0.0084,9.8449,0.0146,0.008,-0.0512,0.0043,-0.0084,0.0209,97749.5577,28.0372,0.3827,0.0,0.0,0.9239,-0.0036,27.575,18.9663,-18.9663,6.3985,990.7227,990.7227,99.27,120041.100,-113.1305,33.8151,b'N',b'W',b'\x00',b'A',0.0
1.0,4.0,41.15,-0.254,-0.16,9.7179,0.0034,-0.0878,-0.008,0.0026,0.0086,0.0,97745.8286,28.0351,0.3827,0.0,0.0,0.9239,-0.0144,27.5719,18.9663,-18.9663,6.3852,991.7712,991.7712,99.259,120041.150,-113.1305,33.8151,b'N',b'W',b'\x00',b'A',0.0
1.0,4.0,41.2,-0.2234,-0.1766,9.6695,-0.0278,0.0135,-0.0276,0.0105,0.0024,0.0204,97742.1073,28.033,0.3827,0.0,0.0,0.9239,0.0018,27.5689,18.9663,-18.9663,6.3719,992.8176,992.8176,99.2479,120041.200,-113.1305,33.8151,b'N',b'W',b'\x00',b'A',0.0
1.0,4.0,41.25,0.0035,0.0678,9.7972,-0.0038,0.0384,-0.0047,0.0061,0.0395,-0.0134,97738.3939,28.031,0.3827,0.0,0.0,0.9239,0.0116,27.5658,18.9663,-18.9663,6.3585,993.8617,993.8617,99.2368,120041.250,-113.1304,33.8151,b'N',b'W',b'\x00',b'A',0.0
1.0,4.0,41.3,0.0037,-0.3122,9.899,-0.0299,-0.0399,0.0041,0.0108,-0.0442,-0.0364,97734.6884,28.0289,0.3827,0.0,0.0,0.9239,0.0084,27.5627,18.9663,-18.9663,6.3452,994.9037,994.9037,99.2257,120041.300,-113.1304,33.8151,b'N',b'W',b'\x00',b'A',0.0
1.0,4.0,41.35,-0.0141,0.0246,9.5887,-0.0011,0.0304,0.0184,0.0041,0.0094,-0.0134,97730.9908,28.0268,0.3827,0.0,0.0,0.9239,-0.0013,27.5596,18.9663,-18.9663,6.3318,995.9435,995.9435,99.2146,120041.350,-113.1304,33.8151,b'N',b'W',b'\x00',b'A',0.0
1.0,4.0,41.4,0.1457,-0.0574,9.7393,-0.0331,-0.0554,-0.0228,0.0169,0.0001,-0.0161,97727.3011,28.0248,0.3827,0.0,0.0,0.9239,-0.0184,27.5565,18.9663,-18.9663,6.3184,996.9811,996.9811,99.2035,120041.400,-113.1304,33.815,b'N',b'W',b'\x00',b'A',0.0
1.0,4.0,41.45,-0.3207,0.157,10.0331,0.0106,0.0188,0.008,-0.0325,0.0163,-0.0126,97723.6194,28.0227,0.3827,0.0,0.0,0.9239,0.0072,27.5535,18.9663,-18.9663,6.3049,998.0164,998.0164,99.1925,120041.450,-113.1304,33.815,b'N',b'W',b'\x00',b'A',0.0
1.0,4.0,41.5,0.0475,-0.0592,9.6454,0.0076,-0.0002,0.0003,-0.0026,0.0143,-0.0192,97719.9456,28.0207,0.3827,0.0,0.0,0.9239,0.0015,27.5504,18.9663,-18.9663,6.2915,999.0496,999.0496,99.1814,120041.500,-113.1304,33.815,b'N',b'W',b'\x00',b'A',0.0
1.0,4.0,41.55,0.1874,0.0791,9.9371,0.0382,-0.047,0.007,-0.0277,-0.0033,-0.0092,97716.2799,28.0186,0.3827,0.0,0.0,0.9239,0.0042,27.5473,18.9663,-18.9663,6.278,1000.0806,1000.0806,99.1703,120041.550,-113.1304,33.815,b'N',b'W',b'\x00',b'A',0.0
1.0,4.0,41.6,-0.1353,-0.0476,9.7339,0.017,0.0089,-0.0104,0.0055,0.0035,0.0124,97712.6221,28.0166,0.3827,0.0,0.0,0.9239,0.0194,27.5442,18.9663,-18.9663,6.2644,1001.1093,1001.1093,99.1592,120041.600,-113.1304,33.815,b'N',b'W',b'\x00',b'A',0.0
1.0,4.0,41.65,-0.0456,0.0136,9.8885,-0.0085,0.023,0.0277,0.0328,-0.0149,0.0343,97708.9723,28.0146,0.3827,0.0,0.0,0.9239,-0.0082,27.5411,18.9663,-18.9663,6.2509,1002.1358,1002.1358,99.1481,120041.650,-113.1304,33.815,b'N',b'W',b'\x00',b'A',0.0
1.0,4.0,41.7,-0.0903,0.0884,9.9712,0.0164,0.0073,-0.0021,-0.0095,0.0123,-0.0345,97705.3306,28.0125,0.3827,0.0,0.0,0.9239,-0.0287,27.5381,18.9663,-18.9663,6.2373,1003.1601,1003.1601,99.137,120041.700,-113.1304,33.815,b'N',b'W',b'\x00',b'A',0.0
1.0,4.0,41.75,-0.1073,-0.0555,9.9178,-0.028,0.0117,0.0355,0.0025,-0.0376,-0.0258,97701.6969,28.0105,0.3827,0.0,0.0,0.9239,-0.0105,27.535,18.9663,-18.9663,6.2237,1004.1822,1004.1822,99.1259,120041.750,-113.1303,33.815,b'N',b'W',b'\x00',b'A',0.0
1.0,4.0,41.8,-0.0392,0.1196,9.943,-0.0192,-0.0082,-0.0158,0.0151,0.0155,-0.0158,97698.0712,28.0085,0.3827,0.0,0.0,0.9239,0.0049,27.5319,18.9663,-18.9663,6.21,1005.202,1005.202,99.1149,120041.800,-113.1303,33.815,b'N',b'W',b'\x00',b'A',0.0
1.0,4.0,41.85,0.1713,-0.1192,9.6339,0.0067,-0.0372,0.0149,-0.0414,-0.0005,0.0153,97694.4536,28.0065,0.3827,0.0,0.0,0.9239,0.0003,27.5288,18.9663,-18.9663,6.1964,1006.2196,1006.2196,99.1038,120041.850,-113.1303,33.815,b'N',b'W',b'\x00',b'A',0.0
1.0,4.0,41.9,0.2205,0.0354,9.9737,-0.0432,0.0138,-0.0012,-0.0104,-0.0097,-0.0041,97690.8441,28.0045,0.3827,0.0,0.0,0.9239,-0.0122,27.5257,18.9663,-18.9663,6.1827,1007.2349,1007.2349,99.0927,120041.900,-113.1303,33.815,b'N',b'W',b'\x00',b'A',0.0
1.0,4.0,41.95,-0.0403,0.1107,9.6787,-0.0007,0.035,-0.0066,0.0073,-0.0047,-0.0145,97687.2427,28.0025,0.3827,0.0,0.0,0.9239,-0.0142,27.5227,18.9663,-18.9663,6.169,1008.248,1008.248,99.0816,120041.950,-113.1303,33.815,b'N',b'W',b'\x00',b'A',0.0
1.0,4.0,42.0,0.2286,0.0792,9.8456,-0.0204,0.0226,0.0126,-0.0579,-0.0032,0.0143,97683.6495,28.0005,0.3827,0.0,0.0,0.9239,-0.0035,27.5196,18.9663,-18.9663,6.1552,1009.2589,1009.2589,99.0705,120042.000,-113.1303,33.8149,b'N',b'W',b'\x00',b'A',0.0
1.0,4.0,42.05,0.0043,0.23,9.8454,0.002,-0.0398,-0.006,-0.0195,0.0259,0.0191,97680.0643,27.9985,0.3827,0.0,0.0,0.9239,-0.0125,27.5165,18.9663,-18.9663,6.1414,1010.2674,1010.2674,99.0594,120042.050,-113.1303,33.8149,b'N',b'W',b'\x00',b'A',0.0
1.0,4.0,42.1,0.2104,-0.0916,9.8794,-0.0216,-0.0303,-0.0532,0.022,0.0647,-0.0004,97676.4873,27.9965,0.3827,0.0,0.0,0.9239,0.0052,27.5134,18.9663,-18.9663,6.1276,1011.2738,1011.2738,99.0484,120042.100,-113.1303,33.8149,b'N',b'W',b'\x00',b'A',0.0
1.0,4.0,42.15,-0.0112,-0.1655,9.8572,0.0085,-0.0169,-0.0613,0.0201,0.0244,-0.0163,97672.9185,27.9945,0.3827,0.0,0.0,0.9239,-0.0041,27.5104,18.9663,-18.9663,6.1138,1012.2778,1012.2778,99.0373,120042.150,-113.1303,33.8149,b'N',b'W',b'\x00',b'A',0.0
1.0,4.0,42.2,0.0157,-0.1193,9.6801,0.0004,-0.0319,0.0254,0.0075,-0.0113,0.0054,97669.3578,27.9925,0.3827,0.0,0.0,0.9239,-0.0063,27.5073,18.9663,-18.9663,6.1,1013.2796,1013.2796,99.0262,120042.200,-113.1303,33.8149,b'N',b'W',b'\x00',b'A',0.0
1.0,4.0,42.25,0.0439,0.0793,9.6042,0.028,0.0009,0.0246,0.0176,0.0126,-0.0047,97665.8053,27.9905,0.3827,0.0,0.0,0.9239,-0.0076,27.5042,18.9663,-18.9663,6.0861,1014.2791,1014.2791,99.0151,120042.250,-113.1302,33.8149,b'N',b'W',b'\x00',b'A',0.0
1.0,4.0,42.3,0.3815,0.0598,9.9375,0.0001,0.0079,0.0377,0.0043,0.0135,-0.0048,97662.2611,27.9885,0.3827,0.0,0.0,0.9239,0.0026,27.5011,18.9663,-18.9663,6.0722,1015.2764,1015.2764,99.0041,120042.300,-113.1302,33.8149,b'N',b'W',b'\x00',b'A',0.0
1.0,4.0,42.35,0.1022,0.0123,9.8345,-0.0154,-0.0286,-0.0004,0.0111,-0.0185,-0.0102,97658.725,27.9866,0.3827,0.0,0.0,0.9239,0.0004,27.4981,18.9663,-18.9663,6.0582,1016.2713,1016.2713,98.993,120042.350,-113.1302,33.8149,b'N',b'W',b'\x00',b'A',0.0
1.0,4.0,42.4,-0.0849,-0.1348,9.9791,-0.0049,0.0155,-0.0259,-0.0063,-0.0252,0.0185,97655.1972,27.9846,0.3827,0.0,0.0,0.9239,0.002,27.495,18.9663,-18.9663,6.0443,1017.264,1017.264,98.982,120042.400,-113.1302,33.8149,b'N',b'W',b'\x00',b'A',0.0
1.0,4.0,42.45,0.1163,0.092,9.7999,-0.0269,0.012,-0.0084,0.0023,-0.0013,0.005,97651.6776,27.9826,0.3827,0.0,0.0,0.9239,0.0018,27.4919,18.9663,-18.9663,6.0303,1018.2543,1018.2543,98.9709,120042.450,-113.1302,33.8149,b'N',b'W',b'\x00',b'A',0.0
1.0,4.0,42.5,-0.0434,-0.147,9.5959,0.0081,-0.011,0.0002,-0.0126,0.0162,0.0207,97648.1663,27.9807,0.3827,0.0,0.0,0.9239,-0.0007,27.4888,18.9663,-18.9663,6.0163,1019.2424,1019.2424,98.9598,120042.500,-113.1302,33.8149,b'N',b'W',b'\x00',b'A',0.0
1.0,4.0,42.55,-0.0588,0.1391,9.9516,0.0118,-0.0035,-0.0201,0.0253,-0.0322,0.0267,97644.6633,27.9787,0.3827,0.0,0.0,0.9239,-0.0103,27.4858,18.9663,-18.9663,6.0022,1020.2282,1020.2282,98.9488,120042.550,-113.1302,33.8149,b'N',b'W',b'\x00',b'A',0.0
1.0,4.0,42.6,0.109,0.3429,9.7511,0.0494,-0.039,0.033,0.0304,-0.0144,0.0092,97641.1686,27.9768,0.3827,0.0,0.0,0.9239,-0.0073,27.4827,18.9663,-18.9663,5.9882,1021.2116,1021.2116,98.9377,120042.600,-113.1302,33.8148,b'N',b'W',b'\x00',b'A',0.0
1.0,4.0,42.65,0.0037,0.044,9.858,-0.0124,-0.0066,0.0448,0.0276,0.0115,-0.0101,97637.6822,27.9748,0.3827,0.0,0.0,0.9239,-0.0039,27.4796,18.9663,-18.9663,5.9741,1022.1928,1022.1928,98.9267,120042.650,-113.1302,33.8148,b'N',b'W',b'\x00',b'A',0.0
1.0,4.0,42.7,0.0334,0.07,9.7095,-0.0054,0.0001,0.0096,-0.0082,0.0008,0.0208,97634.2041,27.9729,0.3827,0.0,0.0,0.9239,0.0207,27.4766,18.9663,-18.9663,5.9599,1023.1716,1023.1716,98.9157,120042.700,-113.1302,33.8148,b'N',b'W',b'\x00',b'A',0.0
1.0,4.0,42.75,0.0017,-0.0591,10.0533,-0.0115,0.0034,-0.0002,-0.0191,0.0283,0.0093,97630.7343,27.971,0.3827,0.0,0.0,0.9239,-0.0135,27.4735,18.9663,-18.9663,5.9458,1024.1482,1024.1482,98.9046,120042.750,-113.1301,33.8148,b'N',b'W',b'\x00',b'A',0.0
1.0,4.0,42.8,0.0404,-0.2172,9.6752,0.0042,0.0076,-0.0259,0.0255,-0.0282,0.0521,97627.2729,27.969,0.3827,0.0,0.0,0.9239,-0.0042,27.4704,18.9663,-18.9663,5.9316,1025.1224,1025.1224,98.8936,120042.800,-113.1301,33.8148,b'N',b'W',b'\x00',b'A',0.0
1.0,4.0,42.85,0.051,-0.0723,9.756,0.0076,0.0049,0.0309,0.0109,0.047,0.0062,97623.8199,27.9671,0.3827,0.0,0.0,0.9239,0.001,27.4674,18.9663,-18.9663,5.9174,1026.0942,1026.0942,98.8826,120042.850,-113.1301,33.8148,b'N',b'W',b'\x00',b'A',0.0
1.0,4.0,42.9,-0.2324,-0.1311,9.8228,-0.0011,-0.0053,0.0015,0.0066,-0.0308,0.014,97620.3752,27.9652,0.3827,0.0,0.0,0.9239,-0.003,27.4643,18.9663,-18.9663,5.9032,1027.0638,1027.0638,98.8716,120042.900,-113.1301,33.8148,b'N',b'W',b'\x00',b'A',0.0
1.0,4.0,42.95,0.08,-0.1736,9.6428,0.0217,0.0057,-0.0058,-0.0127,-0.0406,0.0058,97616.939,27.9633,0.3827,0.0,0.0,0.9239,0.0107,27.4613,18.9663,-18.9663,5.889,1028.031,1028.031,98.8605,120042.950,-113.1301,33.8148,b'N',b'W',b'\x00',b'A',0.0
1.0,4.0,43.0,-0.1178,0.2067,9.8562,-0.0123,0.02,0.0096,0.0085,-0.0012,-0.002,97613.5111,27.9614,0.3827,0.0,0.0,0.9239,-0.0031,27.4582,18.9663,-18.9663,5.8747,1028.9958,1028.9958,98.8495,120043.000,-113.1301,33.8148,b'N',b'W',b'\x00',b'A',0.0
1.0,4.0,43.05,-0.1731,0.0327,10.0484,0.0197,-0.0019,-0.0117,-0.0217,-0.0227,-0.0052,97610.0917,27.9594,0.3827,0.0,0.0,0.9239,-0.0023,27.4551,18.9663,-18.9663,5.8604,1029.9584,1029.9584,98.8385,120043.050,-113.1301,33.8148,b'N',b'W',b'\x00',b'A',0.0
1.0,4.0,43.1,-0.007,0.0456,9.7331,0.0108,0.0064,0.0029,0.0127,-0.0008,0.0059,97606.6807,27.9575,0.3827,0.0,0.0,0.9239,0.0081,27.4521,18.9663,-18.9663,5.8461,1030.9185,1030.9185,98.8275,120043.100,-113.1301,33.8148,b'N',b'W',b'\x00',b'A',0.0
1.0,4.0,43.15,0.0101,-0.0371,9.8659,-0.0002,-0.0037,-0.0288,0.0276,-0.0015,0.0104,97603.2781,27.9556,0.3827,0.0,0.0,0.9239,0.0181,27.449,18.9663,-18.9663,5.8317,1031.8764,1031.8764,98.8165,120043.150,-113.1301,33.8148,b'N',b'W',b'\x00',b'A',0.0
1.0,4.0,43.2,-0.0832,-0.0207,9.3942,-0.0063,-0.0129,0.0217,0.0326,-0.0039,0.0231,97599.8841,27.9538,0.3827,0.0,0.0,0.9239,0.0141,27.446,18.9663,-18.9663,5.8173,1032.8318,1032.8318,98.8056,120043.200,-113.13,33.8147,b'N',b'W',b'\x00',b'A',0.0
1.0,4.0,43.25,0.0997,0.1157,9.8008,0.0485,0.0105,-0.0021,0.0142,-0.0168,0.0062,97596.4985,27.9519,0.3827,0.0,0.0,0.9239,-0.0014,27.4429,18.9663,-18.9663,5.8029,1033.7849,1033.7849,98.7946,120043.250,-113.13,33.8147,b'N',b'W',b'\x00',b'A',0.0
1.0,4.0,43.3,-0.1611,-0.0039,9.7597,-0.0163,-0.0111,0.0232,-0.0276,0.0087,-0.0093,97593.1214,27.95,0.3827,0.0,0.0,0.9239,-0.0005,27.4399,18.9663,-18.9663,5.7885,1034.7357,1034.7357,98.7836,120043.300,-113.13,33.8147,b'N',b'W',b'\x00',b'A',0.0
1.0,4.0,43.35,-0.0488,0.0637,9.6839,0.006,0.0077,-0.004,0.0039,-0.0063,-0.0065,97589.7528,27.9481,0.3827,0.0,0.0,0.9239,0.0005,27.4368,18.9663,-18.9663,5.774,1035.684,1035.684,98.7727,120043.350,-113.13,33.8147,b'N',b'W',b'\x00',b'A',0.0
1.0,4.0,43.4,-0.0702,-0.0235,9.9689,-0.015,0.0006,-0.0027,0.0428,0.0221,-0.0265,97586.3928,27.9462,0.3827,0.0,0.0,0.9239,0.0015,27.4338,18.9663,-18.9663,5.7596,1036.63,1036.63,98.7617,120043.400,-113.13,33.8147,b'N',b'W',b'\x00',b'A',0.0
1.0,4.0,43.45,-0.0056,-0.0411,9.7577,0.0357,-0.0061,-0.0242,-0.0174,-0.0036,0.0332,97583.0412,27.9444,0.3827,0.0,0.0,0.9239,-0.0085,27.4308,18.9663,-18.9663,5.7451,1037.5737,1037.5737,98.7507,120043.450,-113.13,33.8147,b'N',b'W',b'\x00',b'A',0.0
1.0,4.0,43.5,0.0335,-0.1688,9.78,0.0177,-0.0066,0.0152,-0.0012,-0.0193,-0.0108,97579.6983,27.9425,0.3827,0.0,0.0,0.9239,0.0094,27.4277,18.9663,-18.9663,5.7305,1038.5149,1038.5149,98.7398,120043.500,-113.13,33.8147,b'N',b'W',b'\x00',b'A',0.0
1.0,4.0,43.55,-0.1209,-0.2373,9.7501,-0.0136,-0.0102,-0.0175,0.0283,-0.0338,0.0193,97576.3639,27.9406,0.3827,0.0,0.0,0.9239,0.0021,27.4247,18.9663,-18.9663,5.716,1039.4537,1039.4537,98.7289,120043.550,-113.13,33.8147,b'N',b'W',b'\x00',b'A',0.0
1.0,4.0,43.6,0.0869,-0.0314,9.5191,0.0103,-0.0329,-0.0097,0.0123,-0.0034,0.0055,97573.038,27.9388,0.3827,0.0,0.0,0.9239,-0.0004,27.4217,18.9663,-18.9663,5.7014,1040.3902,1040.3902,98.7179,120043.600,-113.13,33.8147,b'N',b'W',b'\x00',b'A',0.0
1.0,4.0,43.65,0.0076,0.0068,9.6369,0.0052,0.0077,0.0,0.0496,-0.0254,0.0061,97569.7208,27.9369,0.3827,0.0,0.0,0.9239,-0.0127,27.4186,18.9663,-18.9663,5.6868,1041.3243,1041.3243,98.707,120043.650,-113.13,33.8147,b'N',b'W',b'\x00',b'A',0.0
1.0,4.0,43.7,-0.227,-0.1543,9.9508,-0.0103,0.0046,0.0024,-0.0147,-0.027,-0.0023,97566.4122,27.9351,0.3827,0.0,0.0,0.9239,0.0006,27.4156,18.9663,-18.9663,5.6722,1042.256,1042.256,98.6961,120043.700,-113.1299,33.8147,b'N',b'W',b'\x00',b'A',0.0
1.0,4.0,43.75,-0.235,-0.0041,9.4902,0.0152,0.017,-0.0341,-0.0198,0.0105,-0.0158,97563.1122,27.9332,0.3827,0.0,0.0,0.9239,-0.0189,27.4126,18.9663,-18.9663,5.6575,1043.1852,1043.1852,98.6852,120043.750,-113.1299,33.8146,b'N',b'W',b'\x00',b'A',0.0
1.0,4.0,43.8,-0.0015,0.0065,9.6917,0.0078,-0.0106,-0.0046,0.0245,-0.0356,-0.0194,97559.8208,27.9314,0.3827,0.0,0.0,0.9239,-0.0058,27.4095,18.9663,-18.9663,5.6428,1044.1121,1044.1121,98.6743,120043.800,-113.1299,33.8146,b'N',b'W',b'\x00',b'A',0.0
1.0,4.0,43.85,-0.0265,-0.2587,9.7467,0.0043,0.0379,0.0159,-0.0239,0.0282,0.0346,97556.5381,27.9296,0.3827,0.0,0.0,0.9239,-0.0056,27.4065,18.9663,-18.9663,5.6281,1045.0365,1045.0365,98.6634,120043.850,-113.1299,33.8146,b'N',b'W',b'\x00',b'A',0.0
1.0,4.0,43.9,-0.0124,-0.1098,10.0682,-0.0008,-0.0076,-0.0076,-0.0039,0.0032,0.0023,97553.264,27.9277,0.3827,0.0,0.0,0.9239,0.0029,27.4035,18.9663,-18.9663,5.6134,1045.9586,1045.9586,98.6526,120043.900,-113.1299,33.8146,b'N',b'W',b'\x00',b'A',0.0
1.0,4.0,43.95,-0.0034,0.0489,9.9219,0.0086,-0.0175,-0.0045,-0.0013,-0.0009,0.0225,97549.9986,27.9259,0.3827,0.0,0.0,0.9239,0.0188,27.4005,18.9663,-18.9663,5.5986,1046.8782,1046.8782,98.6417,120043.950,-113.1299,33.8146,b'N',b'W',b'\x00',b'A',0.0
1.0,4.0,44.0,0.0271,0.0464,9.7231,0.0046,-0.0199,0.0032,0.0207,-0.0207,0.0277,97546.7419,27.9241,0.3827,0.0,0.0,0.9239,0.0057,27.3975,18.9663,-18.9663,5.5839,1047.7954,1047.7954,98.6308,120044.000,-113.1299,33.8146,b'N',b'W',b'\x00',b'A',0.0
1.0,4.0,44.05,0.1137,-0.1384,10.0023,0.0012,-0.0347,-0.0025,0.0123,0.0153,-0.0082,97543.4939,27.9223,0.3827,0.0,0.0,0.9239,0.0145,27.3944,18.9663,-18.9663,5.5691,1048.7102,1048.7102,98.62,120044.050,-113.1299,33.8146,b'N',b'W',b'\x00',b'A',0.0
1.0,4.0,44.1,-0.1333,0.019,9.6956,-0.0128,0.0307,-0.0206,0.0091,-0.0001,0.0085,97540.2546,27.9205,0.3827,0.0,0.0,0.9239,0.0065,27.3914,18.9663,-18.9663,5.5542,1049.6225,1049.6225,98.6092,120044.100,-113.1299,33.8146,b'N',b'W',b'\x00',b'A',0.0
1.0,4.0,44.15,-0.1406,0.1227,9.958,0.0339,0.0274,-0.0007,-0.008,-0.0137,0.0009,97537.0241,27.9187,0.3827,0.0,0.0,0.9239,0.0113,27.3884,18.9663,-18.9663,5.5394,1050.5324,1050.5324,98.5983,120044.150,-113.1299,33.8146,b'N',b'W',b'\x00',b'A',0.0
1.0,4.0,44.2,-0.1312,0.0932,9.6028,-0.021,0.012,0.0199,0.0243,0.004,-0.0231,97533.8022,27.9169,0.3827,0.0,0.0,0.9239,0.0186,27.3854,18.9663,-18.9663,5.5245,1051.4399,1051.4399,98.5875,120044.200,-113.1298,33.8146,b'N',b'W',b'\x00',b'A',0.0
1.0,4.0,44.25,0.0347,-0.0114,9.9676,0.0086,-0.0179,-0.021,0.0805,-0.0337,-0.0037,97530.5892,27.9151,0.3827,0.0,0.0,0.9239,-0.0073,27.3824,18.9663,-18.9663,5.5096,1052.3449,1052.3449,98.5767,120044.250,-113.1298,33.8146,b'N',b'W',b'\x00',b'A',0.0
1.0,4.0,44.3,0.1494,-0.0562,9.7457,-0.0064,0.0362,-0.0075,0.0138,-0.0327,0.0118,97527.3849,27.9133,0.3827,0.0,0.0,0.9239,-0.008,27.3794,18.9663,-18.9663,5.4947,1053.2475,1053.2475,98.5659,120044.300,-113.1298,33.8146,b'N',b'W',b'\x00',b'A',0.0
1.0,4.0,44.35,-0.0518,-0.0755,9.6524,0.0352,-0.007,-0.0276,0.002,-0.0224,-0.01,97524.1894,27.9115,0.3827,0.0,0.0,0.9239,0.0067,27.3764,18.9663,-18.9663,5.4797,1054.1476,1054.1476,98.5551,120044.350,-113.1298,33.8145,b'N',b'W',b'\x00',b'A',0.0
1.0,4.0,44.4,-0.3002,0.0561,9.7741,-0.0181,-0.0054,0.0188,-0.026,0.007,-0.0065,97521.0027,27.9097,0.3827,0.0,0.0,0.9239,-0.0,27.3734,18.9663,-18.9663,5.4648,1055.0453,1055.0453,98.5444,120044.400,-113.1298,33.8145,b'N',b'W',b'\x00',b'A',0.0
1.0,4.0,44.45,-0.2045,0.0234,9.8483,-0.0147,0.0287,-0.0018,-0.0127,-0.0001,-0.0035,97517.8248,27.908,0.3827,0.0,0.0,0.9239,0.0022,27.3704,18.9663,-18.9663,5.4498,1055.9406,1055.9406,98.5336,120044.450,-113.1298,33.8145,b'N',b'W',b'\x00',b'A',0.0
1.0,4.0,44.5,-0.1,0.0755,9.7324,-0.0194,0.0132,-0.017,-0.0043,0.021,0.0422,97514.6557,27.9062,0.3827,0.0,0.0,0.9239,-0.0025,27.3675,18.9663,-18.9663,5.4348,1056.8333,1056.8333,98.5228,120044.500,-113.1298,33.8145,b'N',b'W',b'\x00',b'A',0.0
1.0,4.0,44.55,-0.0669,0.0158,9.8897,0.0065,0.044,0.0018,-0.0107,-0.0184,-0.0367,97511.4955,27.9044,0.3827,0.0,0.0,0.9239,-0.006,27.3645,18.9663,-18.9663,5.4197,1057.7236,1057.7236,98.5121,120044.550,-113.1298,33.8145,b'N',b'W',b'\x00',b'A',0.0
1.0,4.0,44.6,-0.049,0.0983,9.7192,-0.0275,0.005,-0.0241,-0.0003,0.0115,0.01,97508.3441,27.9027,0.3827,0.0,0.0,0.9239,0.0162,27.3615,18.9663,-18.9663,5.4046,1058.6114,1058.6114,98.5014,120044.600,-113.1298,33.8145,b'N',b'W',b'\x00',b'A',0.0
1.0,4.0,44.65,0.0046,0.0114,9.8997,-0.0096,-0.0079,-0.0207,0.0356,-0.0023,-0.0051,97505.2015,27.9009,0.3827,0.0,0.0,0.9239,-0.011,27.3585,18.9663,-18.9663,5.3896,1059.4968,1059.4968,98.4907,120044.650,-113.1298,33.8145,b'N',b'W',b'\x00',b'A',0.0
1.0,4.0,44.7,-0.0374,0.0942,9.873,-0.043,-0.0122,-0.0292,0.0249,-0.0189,-0.0128,97502.0679,27.8992,0.3827,0.0,0.0,0.9239,0.0069,27.3555,18.9663,-18.9663,5.3744,1060.3797,1060.3797,98.48,120044.700,-113.1297,33.8145,b'N',b'W',b'\x00',b'A',0.0
1.0,4.0,44.75,0.1259,0.1045,9.7975,0.0048,-0.0369,-0.0213,-0.0032,0.0077,-0.0056,97498.9431,27.8974,0.3827,0.0,0.0,0.9239,0.0052,27.3526,18.9663,-18.9663,5.3593,1061.26,1061.26,98.4693,120044.750,-113.1297,33.8145,b'N',b'W',b'\x00',b'A',0.0
1.0,4.0,44.8,-0.0811,-0.0965,9.7404,-0.01,-0.0056,0.0271,-0.0242,-0.0013,0.0133,97495.8273,27.8957,0.3827,0.0,0.0,0.9239,-0.0158,27.3496,18.9663,-18.9663,5.3441,1062.138,1062.138,98.4586,120044.800,-113.1297,33.8145,b'N',b'W',b'\x00',b'A',0.0
1.0,4.0,44.85,-0.1035,-0.217,9.8294,-0.0298,0.0229,-0.0147,0.0267,-0.0126,0.0145,97492.7203,27.894,0.3827,0.0,0.0,0.9239,-0.0083,27.3466,18.9663,-18.9663,5.329,1063.0134,1063.0134,98.4479,120044.850,-113.1297,33.8145,b'N',b'W',b'\x00',b'A',0.0
1.0,4.0,44.9,0.0575,0.1852,9.8892,0.0217,0.012,0.0093,-0.001,0.0008,0.0037,97489.6223,27.8922,0.3827,0.0,0.0,0.9239,-0.0066,27.3437,18.9663,-18.9663,5.3138,1063.8863,1063.8863,98.4373,120044.900,-113.1297,33.8145,b'N',b'W',b'\x00',b'A',0.0
1.0,4.0,44.95,-0.1843,0.0308,10.1159,-0.0262,0.0004,-0.0167,-0.0345,-0.0026,0.0219,97486.5332,27.8905,0.3827,0.0,0.0,0.9239,0.0056,27.3407,18.9663,-18.9663,5.2985,1064.7567,1064.7567,98.4266,120044.950,-113.1297,33.8144,b'N',b'W',b'\x00',b'A',0.0
1.0,4.0,45.0,0.0468,-0.2057,9.9476,0.0159,-0.0199,0.0152,0.0142,-0.0031,0.0254,97483.453,27.8888,0.3827,0.0,0.0,0.9239,-0.0037,27.3378,18.9663,-18.9663,5.2833,1065.6247,1065.6247,98.416,120045.000,-113.1297,33.8144,b'N',b'W',b'\x00',b'A',0.0
1.0,4.0,45.05,0.0123,-0.0857,9.953,-0.014,0.0045,-0.0205,0.0205,-0.0083,0.0163,97480.3819,27.8871,0.3827,0.0,0.0,0.9239,-0.0009,27.3348,18.9663,-18.9663,5.268,1066.4901,1066.4901,98.4054,120045.050,-113.1297,33.8144,b'N',b'W',b'\x00',b'A',0.0
1.0,4.0,45.1,-0.0177,0.0926,10.2699,0.032,0.0203,0.0008,-0.0485,-0.0261,-0.0109,97477.3197,27.8854,0.3827,0.0,0.0,0.9239,-0.0146,27.3319,18.9663,-18.9663,5.2527,1067.353,1067.353,98.3948,120045.100,-113.1297,33.8144,b'N',b'W',b'\x00',b'A',0.0
1.0,4.0,45.15,0.1906,-0.0336,9.884,0.015,0.0086,0.0011,-0.0165,0.0015,0.0099,97474.2664,27.8837,0.3827,0.0,0.0,0.9239,0.0233,27.3289,18.9663,-18.9663,5.2374,1068.2134,1068.2134,98.3842,120045.150,-113.1296,33.8144,b'N',b'W',b'\x00',b'A',0.0
1.0,4.0,45.2,-0.0747,-0.0614,9.8793,-0.0202,0.0033,0.0466,-0.0022,-0.0161,0.01,97471.2222,27.882,0.3827,0.0,0.0,0.9239,0.0007,27.326,18.9663,-18.9663,5.222,1069.0713,1069.0713,98.3736,120045.200,-113.1296,33.8144,b'N',b'W',b'\x00',b'A',0.0
1.0,4.0,45.25,0.2472,0.1681,9.9123,-0.0183,-0.0159,0.0126,0.0147,-0.0204,-0.0163,97468.1871,27.8803,0.3827,0.0,0.0,0.9239,0.005,27.3231,18.9663,-18.9663,5.2067,1069.9267,1069.9267,98.3631,120045.250,-113.1296,33.8144,b'N',b'W',b'\x00',b'A',0.0
1.0,4.0,45.3,-0.0271,-0.1257,9.6553,0.0121,0.0173,-0.0119,-0.0103,-0.0048,-0.0314,97465.1609,27.8786,0.3827,0.0,0.0,0.9239,-0.0054,27.3201,18.9663,-18.9663,5.1913,1070.7795,1070.7795,98.3525,120045.300,-113.1296,33.8144,b'N',b'W',b'\x00',b'A',0.0
1.0,4.0,45.35,-0.1532,-0.0958,9.7401,-0.0052,-0.0626,0.0137,-0.0166,0.0147,-0.0405,97462.1438,27.8769,0.3827,0.0,0.0,0.9239,-0.0065,27.3172,18.9663,-18.9663,5.1759,1071.6299,1071.6299,98.342,120045.350,-113.1296,33.8144,b'N',b'W',b'\x00',b'A',0.0
1.0,4.0,45.4,0.0084,0.0254,9.7307,-0.0034,0.0077,0.0428,0.0145,0.0037,0.0014,97459.1357,27.8752,0.3827,0.0,0.0,0.9239,0.0191,27.3143,18.9663,-18.9663,5.1604,1072.4777,1072.4777,98.3315,120045.400,-113.1296,33.8144,b'N',b'W',b'\x00',b'A',0.0
1.0,4.0,45.45,-0.1291,0.0469,9.9038,0.0254,0.0514,-0.0326,-0.0094,-0.0106,0.006,97456.1367,27.8735,0.3827,0.0,0.0,0.9239,-0.0192,27.3114,18.9663,-18.9663,5.145,1073.3229,1073.3229,98.321,120045.450,-113.1296,33.8144,b'N',b'W',b'\x00',b'A',0.0
1.0,4.0,45.5,-0.0902,0.0596,9.7805,-0.015,-0.0302,-0.0168,0.0108,-0.0114,-0.0236,97453.1468,27.8719,0.3827,0.0,0.0,0.9239,0.0028,27.3085,18.9663,-18.9663,5.1295,1074.1656,1074.1656,98.3105,120045.500,-113.1296,33.8143,b'N',b'W',b'\x00',b'A',0.0
1.0,4.0,45.55,0.0476,0.1093,9.8274,0.0018,-0.0048,-0.0047,-0.0222,0.0127,0.0209,97450.1659,27.8702,0.3827,0.0,0.0,0.9239,-0.0121,27.3056,18.9663,-18.9663,5.114,1075.0058,1075.0058,98.3,120045.550,-113.1296,33.8143,b'N',b'W',b'\x00',b'A',0.0
1.0,4.0,45.6,0.0667,0.0238,9.9698,0.0191,-0.0002,-0.0083,-0.027,-0.0479,0.003,97447.1942,27.8685,0.3827,0.0,0.0,0.9239,-0.0041,27.3027,18.9663,-18.9663,5.0985,1075.8435,1075.8435,98.2896,120045.600,-113.1296,33.8143,b'N',b'W',b'\x00',b'A',0.0
1.0,4.0,45.65,-0.0747,0.0587,9.9361,0.0162,-0.0093,-0.0067,0.0151,0.0159,0.027,97444.2316,27.8669,0.3827,0.0,0.0,0.9239,-0.0064,27.2998,18.9663,-18.9663,5.0829,1076.6785,1076.6785,98.2792,120045.650,-113.1295,33.8143,b'N',b'W',b'\x00',b'A',0.0
1.0,4.0,45.7,0.1185,-0.0311,9.7824,-0.0032,0.0207,-0.0261,0.0051,-0.0375,0.0074,97441.2781,27.8652,0.3827,0.0,0.0,0.9239,-0.0099,27.2969,18.9663,-18.9663,5.0674,1077.5111,1077.5111,98.2687,120045.700,-113.1295,33.8143,b'N',b'W',b'\x00',b'A',0.0
1.0,4.0,45.75,0.1389,0.0075,9.7062,-0.0058,0.0094,0.0281,0.0184,-0.0283,-0.0213,97438.3337,27.8636,0.3827,0.0,0.0,0.9239,0.0004,27.294,18.9663,-18.9663,5.0518,1078.3411,1078.3411,98.2583,120045.750,-113.1295,33.8143,b'N',b'W',b'\x00',b'A',0.0
1.0,4.0,45.8,0.1724,0.0129,9.9769,-0.0348,0.003,-0.0285,-0.0107,-0.0103,0.0092,97435.3985,27.862,0.3827,0.0,0.0,0.9239,-0.0257,27.2911,18.9663,-18.9663,5.0362,1079.1685,1079.1685,98.2479,120045.800,-113.1295,33.8143,b'N',b'W',b'\x00',b'A',0.0
1.0,4.0,45.85,0.0635,0.0258,9.9227,-0.0211,0.0159,-0.004,-0.0159,0.0434,0.0134,97432.4725,27.8603,0.3827,0.0,0.0,0.9239,-0.0032,27.2882,18.9663,-18.9663,5.0205,1079.9933,1079.9933,98.2376,120045.850,-113.1295,33.8143,b'N',b'W',b'\x00',b'A',0.0
1.0,4.0,45.9,0.1636,0.0927,9.5657,0.0064,0.0003,0.0209,0.0272,0.0335,-0.011,97429.5556,27.8587,0.3827,0.0,0.0,0.9239,-0.0009,27.2853,18.9663,-18.9663,5.0049,1080.8156,1080.8156,98.2272,120045.900,-113.1295,33.8143,b'N',b'W',b'\x00',b'A',0.0
1.0,4.0,45.95,-0.2257,0.0666,9.7597,-0.0028,0.0636,-0.0006,-0.0305,0.0141,-0.0288,97426.6479,27.8571,0.3827,0.0,0.0,0.9239,-0.0136,27.2825,18.9663,-18.9663,4.9892,1081.6354,1081.6354,98.2169,120045.950,-113.1295,33.8143,b'N',b'W',b'\x00',b'A',0.0
1.0,4.0,46.0,-0.0381,0.0053,9.8315,0.0015,0.003,-0.0196,0.025,0.0071,0.002,97423.7494,27.8554,0.3827,0.0,0.0,0.9239,0.0151,27.2796,18.9663,-18.9663,4.9735,1082.4525,1082.4525,98.2066,120046.000,-113.1295,33.8143,b'N',b'W',b'\x00',b'A',0.0
1.0,4.0,46.05,-0.104,-0.0971,9.9235,0.0208,0.0039,-0.027,0.0264,-0.0372,-0.02,97420.8601,27.8538,0.3827,0.0,0.0,0.9239,-0.0059,27.2767,18.9663,-18.9663,4.9578,1083.2671,1083.2671,98.1963,120046.050,-113.1295,33.8143,b'N',b'W',b'\x00',b'A',0.0
1.0,4.0,46.1,0.0143,0.0081,9.9432,-0.0237,-0.0342,-0.0046,0.0172,0.0031,0.0224,97417.9801,27.8522,0.3827,0.0,0.0,0.9239,-0.0024,27.2739,18.9663,-18.9663,4.942,1084.0791,1084.0791,98.186,120046.100,-113.1295,33.8142,b'N',b'W',b'\x00',b'A',0.0
1.0,4.0,46.15,-0.0686,-0.0034,9.8492,-0.0047,-0.0109,-0.0151,-0.0138,-0.011,-0.0081,97415.1093,27.8506,0.3827,0.0,0.0,0.9239,-0.0059,27.271,18.9663,-18.9663,4.9263,1084.8885,1084.8885,98.1757,120046.150,-113.1294,33.8142,b'N',b'W',b'\x00',b'A',0.0
1.0,4.0,46.2,-0.0199,0.0232,9.8944,0.0038,0.0229,0.0041,-0.0163,-0.0163,0.0345,97412.2477,27.849,0.3827,0.0,0.0,0.9239,-0.0008,27.2682,18.9663,-18.9663,4.9105,1085.6953,1085.6953,98.1655,120046.200,-113.1294,33.8142,b'N',b'W',b'\x00',b'A',0.0
1.0,4.0,46.25,0.2259,0.2648,9.8163,-0.0141,-0.0267,-0.028,-0.0042,0.0031,-0.0425,97409.3954,27.8474,0.3827,0.0,0.0,0.9239,0.0131,27.2653,18.9663,-18.9663,4.8947,1086.4995,1086.4995,98.1552,120046.250,-113.1294,33.8142,b'N',b'W',b'\x00',b'A',0.0
1.0,4.0,46.3,-0.0204,-0.0629,9.7056,0.0286,-0.0432,0.0163,-0.0259,-0.0094,0.0027,97406.5524,27.8458,0.3827,0.0,0.0,0.9239,0.0247,27.2625,18.9663,-18.9663,4.8788,1087.3012,1087.3012,98.145,120046.300,-113.1294,33.8142,b'N',b'W',b'\x00',b'A',0.0
1.0,4.0,46.35,0.0497,0.0507,9.7675,0.0182,0.0006,0.0023,-0.0192,0.0174,0.0286,97403.7186,27.8443,0.3827,0.0,0.0,0.9239,0.0075,27.2597,18.9663,-18.9663,4.863,1088.1002,1088.1002,98.1348,120046.350,-113.1294,33.8142,b'N',b'W',b'\x00',b'A',0.0
1.0,4.0,46.4,-0.0279,0.1282,9.8095,0.0058,0.0274,0.0038,0.0129,-0.0387,-0.0178,97400.8941,27.8427,0.3827,0.0,0.0,0.9239,0.0109,27.2568,18.9663,-18.9663,4.8471,1088.8966,1088.8966,98.1246,120046.400,-113.1294,33.8142,b'N',b'W',b'\x00',b'A',0.0
1.0,4.0,46.45,0.0091,0.0118,9.8014,0.0359,0.0008,0.0288,0.013,0.0015,-0.0032,97398.079,27.8411,0.3827,0.0,0.0,0.9239,0.0172,27.254,18.9663,-18.9663,4.8312,1089.6905,1089.6905,98.1145,120046.450,-113.1294,33.8142,b'N',b'W',b'\x00',b'A',0.0
1.0,4.0,46.5,0.0007,0.2805,9.5238,-0.03,-0.0067,-0.0088,-0.021,-0.0176,-0.0081,97395.2731,27.8395,0.3827,0.0,0.0,0.9239,0.0025,27.2512,18.9663,-18.9663,4.8153,1090.4817,1090.4817,98.1044,120046.500,-113.1294,33.8142,b'N',b'W',b'\x00',b'A',0.0
1.0,4.0,46.55,0.0538,-0.0454,9.747,-0.0002,-0.0372,-0.0145,0.0135,-0.0082,-0.0137,97392.4766,27.838,0.3827,0.0,0.0,0.9239,0.0157,27.2484,18.9663,-18.9663,4.7994,1091.2703,1091.2703,98.0942,120046.550,-113.1294,33.8142,b'N',b'W',b'\x00',b'A',0.0
1.0,4.0,46.6,0.1398,0.0389,9.8151,0.0073,0.009,-0.011,0.0091,0.0061,0.0049,97389.6894,27.8364,0.3827,0.0,0.0,0.9239,0.0079,27.2456,18.9663,-18.9663,4.7834,1092.0563,1092.0563,98.0841,120046.600,-113.1293,33.8142,b'N',b'W',b'\x00',b'A',0.0
1.0,4.0,46.65,0.1977,-0.0959,9.7644,-0.0183,0.0132,-0.0039,0.0302,-0.0223,-0.0259,97386.9116,27.8349,0.3827,0.0,0.0,0.9239,0.0014,27.2428,18.9663,-18.9663,4.7675,1092.8397,1092.8397,98.0741,120046.650,-113.1293,33.8142,b'N',b'W',b'\x00',b'A',0.0
1.0,4.0,46.7,0.0372,-0.0422,9.7696,0.006,-0.0356,-0.0018,0.0114,0.0033,-0.0022,97384.1431,27.8333,0.3827,0.0,0.0,0.9239,0.0035,27.24,18.9663,-18.9663,4.7515,1093.6204,1093.6204,98.064,120046.700,-113.1293,33.8141,b'N',b'W',b'\x00',b'A',0.0
1.0,4.0,46.75,0.0707,0.0299,9.8798,-0.0221,0.0227,-0.0166,0.0212,-0.0042,0.0103,97381.3841,27.8318,0.3827,0.0,0.0,0.9239,-0.0182,27.2372,18.9663,-18.9663,4.7354,1094.3985,1094.3985,98.0539,120046.750,-113.1293,33.8141,b'N',b'W',b'\x00',b'A',0.0
1.0,4.0,46.8,-0.1381,0.1016,9.6448,0.0138,0.0153,-0.0405,0.0095,-0.0132,-0.0043,97378.6343,27.8302,0.3827,0.0,0.0,0.9239,0.0029,27.2344,18.9663,-18.9663,4.7194,1095.174,1095.174,98.0439,120046.800,-113.1293,33.8141,b'N',b'W',b'\x00',b'A',0.0
1.0,4.0,46.85,-0.0105,0.0383,9.5624,0.0212,0.0226,-0.0112,0.0196,-0.0094,-0.02,97375.894,27.8287,0.3827,0.0,0.0,0.9239,-0.0154,27.2316,18.9663,-18.9663,4.7033,1095.9469,1095.9469,98.0339,120046.850,-113.1293,33.8141,b'N',b'W',b'\x00',b'A',0.0
1.0,4.0,46.9,0.1128,0.1511,9.7544,0.0054,0.0117,0.0072,-0.0257,-0.0031,0.0206,97373.1631,27.8272,0.3827,0.0,0.0,0.9239,-0.0163,27.2289,18.9663,-18.9663,4.6873,1096.7171,1096.7171,98.0239,120046.900,-113.1293,33.8141,b'N',b'W',b'\x00',b'A',0.0
1.0,4.0,46.95,0.1039,-0.0114,9.9213,-0.0371,0.0131,0.0027,-0.0024,-0.0154,0.0146,97370.4417,27.8257,0.3827,0.0,0.0,0.9239,0.0019,27.2261,18.9663,-18.9663,4.6712,1097.4847,1097.4847,98.014,120046.950,-113.1293,33.8141,b'N',b'W',b'\x00',b'A',0.0
1.0,4.0,47.0,0.0254,-0.0399,10.0598,-0.0193,0.0104,0.024,-0.0008,0.0001,-0.0208,97367.7296,27.8241,0.3827,0.0,0.0,0.9239,-0.0111,27.2233,18.9663,-18.9663,4.655,1098.2496,1098.2496,98.004,120047.000,-113.1293,33.8141,b'N',b'W',b'\x00',b'A',0.0
1.0,4.0,47.05,0.1064,0.3245,9.924,0.0113,0.0174,0.0391,-0.0049,-0.0056,-0.0259,97365.027,27.8226,0.3827,0.0,0.0,0.9239,-0.0001,27.2206,18.9663,-18.9663,4.6389,1099.012,1099.012,97.9941,120047.050,-113.1293,33.8141,b'N',b'W',b'\x00',b'A',0.0
1.0,4.0,47.1,0.0589,0.0473,9.5864,0.0004,-0.0364,0.0152,0.0089,-0.0122,-0.019,97362.3338,27.8211,0.3827,0.0,0.0,0.9239,0.0014,27.2178,18.9663,-18.9663,4.6228,1099.7716,1099.7716,97.9842,120047.100,-113.1292,33.8141,b'N',b'W',b'\x00',b'A',0.0
1.0,4.0,47.15,0.144,-0.0863,9.7718,-0.0539,-0.03,0.0277,0.0127,0.0318,0.0109,97359.6501,27.8196,0.3827,0.0,0.0,0.9239,0.0018,27.2151,18.9663,-18.9663,4.6066,1100.5286,1100.5286,97.9744,120047.150,-113.1292,33.8141,b'N',b'W',b'\x00',b'A',0.0
1.0,4.0,47.2,0.0347,-0.0833,9.8451,0.0249,-0.0147,0.0153,0.0078,0.0083,0.0055,97356.9759,27.8181,0.3827,0.0,0.0,0.9239,-0.009,27.2124,18.9663,-18.9663,4.5904,1101.2829,1101.2829,97.9645,120047.200,-113.1292,33.8141,b'N',b'W',b'\x00',b'A',0.0
1.0,4.0,47.25,-0.0427,-0.1131,9.8333,0.0027,-0.0026,0.0342,-0.0035,-0.0077,0.0158,97354.3112,27.8166,0.3827,0.0,0.0,0.9239,0.009,27.2096,18.9663,-18.9663,4.5742,1102.0346,1102.0346,97.9547,120047.250,-113.1292,33.8141,b'N',b'W',b'\x00',b'A',0.0
1.0,4.0,47.3,0.0403,0.1124,9.8875,-0.0164,0.0078,0.037,-0.0147,0.0029,-0.0065,97351.6559,27.8152,0.3827,0.0,0.0,0.9239,-0.0009,27.2069,18.9663,-18.9663,4.5579,1102.7837,1102.7837,97.9449,120047.300,-113.1292,33.814,b'N',b'W',b'\x00',b'A',0.0
1.0,4.0,47.35,-0.3517,-0.0437,9.6691,0.0199,0.0065,0.019,0.0219,-0.0205,-0.0185,97349.0102,27.8137,0.3827,0.0,0.0,0.9239,0.0044,27.2042,18.9663,-18.9663,4.5417,1103.53,1103.53,97.9351,120047.350,-113.1292,33.814,b'N',b'W',b'\x00',b'A',0.0
1.0,4.0,47.4,0.0459,0.0153,9.8164,-0.0136,0.0223,0.0141,0.007,-0.0087,0.0184,97346.374,27.8122,0.3827,0.0,0.0,0.9239,-0.012,27.2015,18.9663,-18.9663,4.5254,1104.2737,1104.2737,97.9253,120047.400,-113.1292,33.814,b'N',b'W',b'\x00',b'A',0.0
1.0,4.0,47.45,-0.4378,-0.0076,9.8697,-0.0138,0.023,-0.0041,-0.0204,-0.0064,-0.0111,97343.7473,27.8107,0.3827,0.0,0.0,0.9239,-0.0018,27.1988,18.9663,-18.9663,4.5091,1105.0147,1105.0147,97.9156,120047.450,-113.1292,33.814,b'N',b'W',b'\x00',b'A',0.0
1.0,4.0,47.5,-0.2068,0.0878,9.9305,0.0072,-0.0174,-0.0008,-0.0039,-0.0249,0.0037,97341.1302,27.8093,0.3827,0.0,0.0,0.9239,0.011,27.1961,18.9663,-18.9663,4.4928,1105.7531,1105.7531,97.9058,120047.500,-113.1292,33.814,b'N',b'W',b'\x00',b'A',0.0
1.0,4.0,47.55,0.0542,-0.1016,9.6858,0.0356,0.0048,-0.0068,-0.0349,0.0077,-0.031,97338.5226,27.8078,0.3827,0.0,0.0,0.9239,0.0097,27.1934,18.9663,-18.9663,4.4764,1106.4887,1106.4887,97.8961,120047.550,-113.1292,33.814,b'N',b'W',b'\x00',b'A',0.0
1.0,4.0,47.6,0.0573,-0.1291,9.7549,0.0325,-0.017,0.0124,0.0007,-0.0101,-0.0114,97335.9245,27.8064,0.3827,0.0,0.0,0.9239,-0.008,27.1907,18.9663,-18.9663,4.4601,1107.2217,1107.2217,97.8865,120047.600,-113.1291,33.814,b'N',b'W',b'\x00',b'A',0.0
1.0,4.0,47.65,-0.1395,0.0269,9.4011,0.0072,-0.0038,-0.0144,-0.004,-0.0071,0.0202,97333.3361,27.8049,0.3827,0.0,0.0,0.9239,-0.0055,27.188,18.9663,-18.9663,4.4437,1107.952,1107.952,97.8768,120047.650,-113.1291,33.814,b'N',b'W',b'\x00',b'A',0.0
1.0,4.0,47.7,-0.0855,0.0721,9.7134,0.0092,0.0064,-0.0038,-0.0115,-0.0114,-0.0143,97330.7572,27.8035,0.3827,0.0,0.0,0.9239,-0.0099,27.1853,18.9663,-18.9663,4.4273,1108.6796,1108.6796,97.8672,120047.700,-113.1291,33.814,b'N',b'W',b'\x00',b'A',0.0
1.0,4.0,47.75,0.1645,0.0399,9.728,0.0158,-0.0682,-0.0471,0.0317,0.0592,0.0163,97328.1879,27.802,0.3827,0.0,0.0,0.9239,-0.0066,27.1827,18.9663,-18.9663,4.4109,1109.4045,1109.4045,97.8576,120047.750,-113.1291,33.814,b'N',b'W',b'\x00',b'A',0.0
1.0,4.0,47.8,-0.0581,-0.0971,9.6537,-0.0251,0.0482,0.0345,-0.0231,-0.0133,-0.0466,97325.6282,27.8006,0.3827,0.0,0.0,0.9239,-0.014,27.18,18.9663,-18.9663,4.3945,1110.1268,1110.1268,97.848,120047.800,-113.1291,33.814,b'N',b'W',b'\x00',b'A',0.0
1.0,4.0,47.85,0.2692,0.0813,9.8315,0.0129,0.0113,-0.0044,0.0141,-0.0414,-0.0112,97323.0781,27.7992,0.3827,0.0,0.0,0.9239,-0.0014,27.1773,18.9663,-18.9663,4.378,1110.8463,1110.8463,97.8384,120047.850,-113.1291,33.8139,b'N',b'W',b'\x00',b'A',0.0
1.0,4.0,47.9,-0.0002,-0.0893,9.7983,-0.0147,-0.0119,0.0091,0.0437,-0.032,-0.0034,97320.5377,27.7978,0.3827,0.0,0.0,0.9239,0.0063,27.1747,18.9663,-18.9663,4.3615,1111.5631,1111.5631,97.8289,120047.900,-113.1291,33.8139,b'N',b'W',b'\x00',b'A',0.0
1.0,4.0,47.95,0.049,-0.0626,9.4678,0.0064,0.0385,0.0292,0.0215,0.0152,0.0349,97318.0069,27.7964,0.3827,0.0,0.0,0.9239,-0.0079,27.1721,18.9663,-18.9663,4.345,1112.2772,1112.2772,97.8194,120047.950,-113.1291,33.8139,b'N',b'W',b'\x00',b'A',0.0
1.0,4.0,48.0,0.194,-0.1133,9.839,-0.0045,-0.0069,0.006,-0.0006,0.0267,-0.0234,97315.4857,27.7949,0.3827,0.0,0.0,0.9239,-0.0009,27.1694,18.9663,-18.9663,4.3285,1112.9886,1112.9886,97.8099,120048.000,-113.1291,33.8139,b'N',b'W',b'\x00',b'A',0.0
1.0,4.0,48.05,0.0157,0.1561,9.6674,0.01,0.0027,0.0289,-0.0227,-0.0136,0.0134,97312.9742,27.7935,0.3827,0.0,0.0,0.9239,-0.0022,27.1668,18.9663,-18.9663,4.312,1113.6974,1113.6974,97.8005,120048.050,-113.1291,33.8139,b'N',b'W',b'\x00',b'A',0.0
1.0,4.0,48.1,-0.1203,0.076,9.8795,0.0024,-0.0097,-0.0248,-0.0272,0.0256,0.0211,97310.4723,27.7921,0.3827,0.0,0.0,0.9239,0.0106,27.1642,18.9663,-18.9663,4.2955,1114.4033,1114.4033,97.791,120048.100,-113.129,33.8139,b'N',b'W',b'\x00',b'A',0.0
1.0,4.0,48.15,-0.0132,0.0726,9.6144,-0.0615,0.033,0.0479,-0.0082,0.0148,-0.0144,97307.9802,27.7908,0.3827,0.0,0.0,0.9239,-0.0061,27.1616,18.9663,-18.9663,4.2789,1115.1066,1115.1066,97.7816,120048.150,-113.129,33.8139,b'N',b'W',b'\x00',b'A',0.0
1.0,4.0,48.2,-0.0043,0.1497,9.8112,0.0036,-0.0021,0.0217,-0.0137,-0.0038,-0.0075,97305.4977,27.7894,0.3827,0.0,0.0,0.9239,-0.0058,27.1589,18.9663,-18.9663,4.2623,1115.8072,1115.8072,97.7722,120048.200,-113.129,33.8139,b'N',b'W',b'\x00',b'A',0.0
1.0,4.0,48.25,-0.1638,0.3375,9.7642,0.0128,0.003,0.0042,-0.0144,-0.0052,0.0028,97303.0249,27.788,0.3827,0.0,0.0,0.9239,-0.0085,27.1563,18.9663,-18.9663,4.2457,1116.505,1116.505,97.7629,120048.250,-113.129,33.8139,b'N',b'W',b'\x00',b'A',0.0
1.0,4.0,48.3,-0.0307,-0.2051,9.8521,0.0089,0.0241,0.0285,-0.0065,0.0036,-0.0296,97300.5618,27.7866,0.3827,0.0,0.0,0.9239,-0.0114,27.1538,18.9663,-18.9663,4.2291,1117.2001,1117.2001,97.7535,120048.300,-113.129,33.8139,b'N',b'W',b'\x00',b'A',0.0
1.0,4.0,48.35,-0.0891,-0.0886,9.8254,-0.0021,0.0117,-0.0234,-0.002,0.0175,-0.0091,97298.1084,27.7852,0.3827,0.0,0.0,0.9239,0.0053,27.1512,18.9663,-18.9663,4.2125,1117.8925,1117.8925,97.7442,120048.350,-113.129,33.8139,b'N',b'W',b'\x00',b'A',0.0
1.0,4.0,48.4,0.1109,-0.0739,9.7684,0.0328,-0.0011,-0.0058,0.0097,0.0079,0.0255,97295.6648,27.7839,0.3827,0.0,0.0,0.9239,-0.0014,27.1486,18.9663,-18.9663,4.1958,1118.5822,1118.5822,97.7349,120048.400,-113.129,33.8139,b'N',b'W',b'\x00',b'A',0.0
1.0,4.0,48.45,0.0042,-0.1021,9.5762,0.0062,0.0222,0.0289,-0.0248,-0.0135,0.0105,97293.2309,27.7825,0.3827,0.0,0.0,0.9239,0.0005,27.146,18.9663,-18.9663,4.1791,1119.2691,1119.2691,97.7257,120048.450,-113.129,33.8138,b'N',b'W',b'\x00',b'A',0.0
1.0,4.0,48.5,-0.0339,-0.1293,9.5851,0.0088,0.0508,-0.0373,-0.0136,-0.0035,-0.0031,97290.8067,27.7811,0.3827,0.0,0.0,0.9239,0.0127,27.1435,18.9663,-18.9663,4.1624,1119.9533,1119.9533,97.7164,120048.500,-113.129,33.8138,b'N',b'W',b'\x00',b'A',0.0
1.0,4.0,48.55,-0.0127,-0.036,9.7191,0.0209,0.0063,0.0112,-0.0032,0.0396,0.0023,97288.3923,27.7798,0.3827,0.0,0.0,0.9239,0.0133,27.1409,18.9663,-18.9663,4.1457,1120.6347,1120.6347,97.7072,120048.550,-113.1289,33.8138,b'N',b'W',b'\x00',b'A',0.0
1.0,4.0,48.6,0.0268,-0.146,9.8054,0.0073,0.0023,0.0106,-0.0039,0.005,0.0116,97285.9877,27.7785,0.3827,0.0,0.0,0.9239,-0.0165,27.1383,18.9663,-18.9663,4.129,1121.3134,1121.3134,97.698,120048.600,-113.1289,33.8138,b'N',b'W',b'\x00',b'A',0.0
1.0,4.0,48.65,0.074,0.0402,9.7154,-0.018,0.0034,0.0394,0.0367,0.0174,0.0154,97283.5928,27.7771,0.3827,0.0,0.0,0.9239,0.0065,27.1358,18.9663,-18.9663,4.1123,1121.9894,1121.9894,97.6889,120048.650,-113.1289,33.8138,b'N',b'W',b'\x00',b'A',0.0
1.0,4.0,48.7,-0.12,0.0062,9.9004,-0.0488,0.0262,-0.0317,0.0046,0.0108,-0.0111,97281.2077,27.7758,0.3827,0.0,0.0,0.9239,0.0023,27.1333,18.9663,-18.9663,4.0955,1122.6626,1122.6626,97.6798,120048.700,-113.1289,33.8138,b'N',b'W',b'\x00',b'A',0.0
1.0,4.0,48.75,-0.125,0.0577,9.7648,-0.0095,-0.012,0.0322,-0.0323,0.0055,0.0307,97278.8324,27.7745,0.3827,0.0,0.0,0.9239,-0.0046,27.1307,18.9663,-18.9663,4.0787,1123.3331,1123.3331,97.6707,120048.750,-113.1289,33.8138,b'N',b'W',b'\x00',b'A',0.0
1.0,4.0,48.8,0.1326,0.0609,9.6619,0.0152,-0.0056,-0.0112,0.0084,0.0022,0.0263,97276.467,27.7731,0.3827,0.0,0.0,0.9239,0.0033,27.1282,18.9663,-18.9663,4.0619,1124.0008,1124.0008,97.6616,120048.800,-113.1289,33.8138,b'N',b'W',b'\x00',b'A',0.0
1.0,4.0,48.85,-0.0495,0.0724,9.7649,-0.0071,-0.0307,-0.0089,0.0109,0.0179,0.0135,97274.1113,27.7718,0.3827,0.0,0.0,0.9239,-0.0173,27.1257,18.9663,-18.9663,4.0451,1124.6657,1124.6657,97.6525,120048.850,-113.1289,33.8138,b'N',b'W',b'\x00',b'A',0.0
1.0,4.0,48.9,-0.17,-0.0448,9.8405,0.016,-0.0237,-0.0244,-0.0025,0.0144,-0.0169,97271.7654,27.7705,0.3827,0.0,0.0,0.9239,0.0146,27.1232,18.9663,-18.9663,4.0283,1125.3279,1125.3279,97.6435,120048.900,-113.1289,33.8138,b'N',b'W',b'\x00',b'A',0.0
1.0,4.0,48.95,0.0533,0.2545,9.8554,0.003,-0.0104,-0.0218,-0.0243,0.0053,-0.0204,97269.4294,27.7692,0.3827,0.0,0.0,0.9239,0.0051,27.1207,18.9663,-18.9663,4.0114,1125.9873,1125.9873,97.6345,120048.950,-113.1289,33.8138,b'N',b'W',b'\x00',b'A',0.0
1.0,4.0,49.0,0.0556,0.0281,10.0884,0.0258,-0.0011,0.0081,0.0352,-0.0139,-0.0065,97267.1033,27.7679,0.3827,0.0,0.0,0.9239,-0.0087,27.1182,18.9663,-18.9663,3.9945,1126.644,1126.644,97.6256,120049.000,-113.1289,33.8138,b'N',b'W',b'\x00',b'A',0.0
1.0,4.0,49.05,-0.1837,-0.2235,9.7063,-0.0059,0.0354,-0.0222,-0.0214,0.0077,0.0012,97264.787,27.7666,0.3827,0.0,0.0,0.9239,-0.0059,27.1157,18.9663,-18.9663,3.9776,1127.2978,1127.2978,97.6166,120049.050,-113.1288,33.8137,b'N',b'W',b'\x00',b'A',0.0
1.0,4.0,49.1,0.0275,-0.1203,9.7956,0.0094,0.0107,0.0148,0.0132,-0.0013,-0.0354,97262.4805,27.7653,0.3827,0.0,0.0,0.9239,-0.017,27.1133,18.9663,-18.9663,3.9607,1127.949,1127.949,97.6077,120049.100,-113.1288,33.8137,b'N',b'W',b'\x00',b'A',0.0
1.0,4.0,49.15,0.0883,-0.2089,9.8706,0.0101,-0.0182,-0.0133,0.004,-0.0062,0.0099,97260.1839,27.764,0.3827,0.0,0.0,0.9239,-0.0031,27.1108,18.9663,-18.9663,3.9438,1128.5973,1128.5973,97.5988,120049.150,-113.1288,33.8137,b'N',b'W',b'\x00',b'A',0.0
1.0,4.0,49.2,0.0449,0.0021,9.8031,0.03,-0.0146,-0.0243,0.012,0.0536,0.0257,97257.8972,27.7627,0.3827,0.0,0.0,0.9239,-0.0048,27.1083,18.9663,-18.9663,3.9269,1129.2429,1129.2429,97.59,120049.200,-113.1288,33.8137,b'N',b'W',b'\x00',b'A',0.0
1.0,4.0,49.25,0.0758,-0.0146,9.7316,-0.0341,0.0275,-0.0106,0.0341,-0.0308,0.0115,97255.6204,27.7615,0.3827,0.0,0.0,0.9239,-0.0133,27.1059,18.9663,-18.9663,3.9099,1129.8857,1129.8857,97.5812,120049.250,-113.1288,33.8137,b'N',b'W',b'\x00',b'A',0.0
1.0,4.0,49.3,-0.1685,-0.0562,9.5743,-0.0092,0.0225,0.0067,0.0112,0.0192,-0.0135,97253.3535,27.7602,0.3827,0.0,0.0,0.9239,0.0078,27.1034,18.9663,-18.9663,3.893,1130.5257,1130.5257,97.5724,120049.300,-113.1288,33.8137,b'N',b'W',b'\x00',b'A',0.0
1.0,4.0,49.35,0.0397,0.2413,9.73,0.017,0.0006,-0.0055,-0.0112,-0.0173,-0.0159,97251.0965,27.7589,0.3827,0.0,0.0,0.9239,0.0128,27.101,18.9663,-18.9663,3.876,1131.1629,1131.1629,97.5636,120049.350,-113.1288,33.8137,b'N',b'W',b'\x00',b'A',0.0
1.0,4.0,49.4,-0.0363,0.0659,9.6456,0.0309,-0.0089,0.0007,0.0221,0.0026,0.006,97248.8494,27.7577,0.3827,0.0,0.0,0.9239,-0.0003,27.0986,18.9663,-18.9663,3.859,1131.7973,1131.7973,97.5549,120049.400,-113.1288,33.8137,b'N',b'W',b'\x00',b'A',0.0
1.0,4.0,49.45,-0.0579,0.0871,9.5477,0.0048,0.0225,0.0139,-0.0126,0.0514,-0.0031,97246.6123,27.7564,0.3827,0.0,0.0,0.9239,-0.0031,27.0962,18.9663,-18.9663,3.8419,1132.4289,1132.4289,97.5462,120049.450,-113.1288,33.8137,b'N',b'W',b'\x00',b'A',0.0
1.0,4.0,49.5,0.1045,-0.1117,9.6873,-0.0059,-0.0199,0.0216,0.0033,-0.0192,0.0089,97244.3851,27.7552,0.3827,0.0,0.0,0.9239,0.0043,27.0937,18.9663,-18.9663,3.8249,1133.0578,1133.0578,97.5375,120049.500,-113.1288,33.8137,b'N',b'W',b'\x00',b'A',0.0
1.0,4.0,49.55,0.1775,-0.1199,9.6496,0.0151,0.0078,-0.0062,-0.0259,-0.0145,0.012,97242.1678,27.7539,0.3827,0.0,0.0,0.9239,-0.0002,27.0913,18.9663,-18.9663,3.8078,1133.6838,1133.6838,97.5288,120049.550,-113.1287,33.8137,b'N',b'W',b'\x00',b'A',0.0
1.0,4.0,49.6,0.2153,0.0044,9.8942,0.0174,0.0455,-0.0209,-0.0207,-0.0004,0.0218,97239.9605,27.7527,0.3827,0.0,0.0,0.9239,-0.0108,27.0889,18.9663,-18.9663,3.7908,1134.3071,1134.3071,97.5202,120049.600,-113.1287,33.8137,b'N',b'W',b'\x00',b'A',0.0
1.0,4.0,49.65,0.1578,0.0208,9.8968,-0.0072,0.0041,0.0015,0.001,-0.0169,-0.0226,97237.7631,27.7515,0.3827,0.0,0.0,0.9239,-0.0065,27.0866,18.9663,-18.9663,3.7737,1134.9275,1134.9275,97.5116,120049.650,-113.1287,33.8136,b'N',b'W',b'\x00',b'A',0.0
1.0,4.0,49.7,-0.0132,-0.2228,9.6711,0.0066,-0.0155,0.0094,0.0074,0.0177,0.0044,97235.5757,27.7503,0.3827,0.0,0.0,0.9239,-0.003,27.0842,18.9663,-18.9663,3.7566,1135.5452,1135.5452,97.5031,120049.700,-113.1287,33.8136,b'N',b'W',b'\x00',b'A',0.0
1.0,4.0,49.75,0.0423,-0.0216,9.7676,0.0236,0.0082,-0.0292,-0.034,-0.0107,-0.0073,97233.3983,27.749,0.3827,0.0,0.0,0.9239,0.0025,27.0818,18.9663,-18.9663,3.7395,1136.16,1136.16,97.4945,120049.750,-113.1287,33.8136,b'N',b'W',b'\x00',b'A',0.0
1.0,4.0,49.8,0.092,0.0017,9.5279,0.0378,-0.0094,-0.0178,0.0099,0.0131,-0.002,97231.2309,27.7478,0.3827,0.0,0.0,0.9239,0.0001,27.0795,18.9663,-18.9663,3.7223,1136.772,1136.772,97.486,120049.800,-113.1287,33.8136,b'N',b'W',b'\x00',b'A',0.0
1.0,4.0,49.85,0.0145,-0.0258,9.7325,0.0149,-0.0279,-0.0144,-0.0164,-0.0266,0.0173,97229.0735,27.7466,0.3827,0.0,0.0,0.9239,0.0021,27.0771,18.9663,-18.9663,3.7052,1137.3812,1137.3812,97.4776,120049.850,-113.1287,33.8136,b'N',b'W',b'\x00',b'A',0.0
1.0,4.0,49.9,0.0157,-0.0976,9.8665,0.0009,0.014,-0.0042,0.0256,-0.0361,0.0195,97226.9261,27.7454,0.3827,0.0,0.0,0.9239,-0.0152,27.0748,18.9663,-18.9663,3.688,1137.9876,1137.9876,97.4691,120049.900,-113.1287,33.8136,b'N',b'W',b'\x00',b'A',0.0
1.0,4.0,49.95,0.0989,-0.0647,9.9304,-0.0011,0.0224,-0.0152,-0.007,-0.0046,0.028,97224.7887,27.7442,0.3827,0.0,0.0,0.9239,0.0067,27.0724,18.9663,-18.9663,3.6708,1138.5912,1138.5912,97.4607,120049.950,-113.1287,33.8136,b'N',b'W',b'\x00',b'A',0.0
1.0,4.0,50.0,-0.0071,-0.0212,9.6997,0.0111,-0.0062,0.0141,-0.0225,-0.0314,0.0085,97222.6614,27.743,0.3827,0.0,0.0,0.9239,0.0,27.0701,18.9663,-18.9663,3.6536,1139.192,1139.192,97.4523,120050.000,-113.1287,33.8136,b'N',b'W',b'\x00',b'A',0.0
1.0,4.0,50.05,-0.0875,0.0109,9.9644,-0.0023,-0.0075,-0.0321,0.0015,0.0304,-0.0022,97220.544,27.7418,0.3827,0.0,0.0,0.9239,0.0255,27.0678,18.9663,-18.9663,3.6364,1139.7899,1139.7899,97.444,120050.050,-113.1286,33.8136,b'N',b'W',b'\x00',b'A',0.0
1.0,4.0,50.1,-0.0497,0.0726,9.5793,0.0038,-0.0192,-0.0316,-0.0183,-0.0306,-0.0051,97218.4367,27.7407,0.3827,0.0,0.0,0.9239,-0.0039,27.0655,18.9663,-18.9663,3.6192,1140.385,1140.385,97.4357,120050.100,-113.1286,33.8136,b'N',b'W',b'\x00',b'A',0.0
1.0,4.0,50.15,0.0761,0.1297,9.6195,-0.0212,-0.003,-0.0067,0.0254,-0.0208,-0.0347,97216.3395,27.7395,0.3827,0.0,0.0,0.9239,0.0032,27.0632,18.9663,-18.9663,3.6019,1140.9773,1140.9773,97.4274,120050.150,-113.1286,33.8136,b'N',b'W',b'\x00',b'A',0.0
1.0,4.0,50.2,0.0004,-0.0353,9.9131,0.0259,-0.0112,-0.0035,0.0,0.0083,0.0268,97214.2523,27.7383,0.3827,0.0,0.0,0.9239,0.0283,27.0609,18.9663,-18.9663,3.5847,1141.5667,1141.5667,97.4192,120050.200,-113.1286,33.8135,b'N',b'W',b'\x00',b'A',0.0
1.0,4.0,50.25,0.0408,-0.0547,10.0573,-0.0228,-0.0202,-0.0291,-0.003,-0.0117,-0.0064,97212.1752,27.7372,0.3827,0.0,0.0,0.9239,0.0019,27.0586,18.9663,-18.9663,3.5674,1142.1534,1142.1534,97.4109,120050.250,-113.1286,33.8135,b'N',b'W',b'\x00',b'A',0.0
1.0,4.0,50.3,0.0804,0.0525,9.8807,-0.0086,0.0378,-0.0121,0.0118,-0.0304,0.0101,97210.1082,27.736,0.3827,0.0,0.0,0.9239,-0.0007,27.0563,18.9663,-18.9663,3.5501,1142.7372,1142.7372,97.4027,120050.300,-113.1286,33.8135,b'N',b'W',b'\x00',b'A',0.0
1.0,4.0,50.35,-0.045,0.0733,9.8006,0.002,0.0093,-0.008,-0.0201,0.0408,0.0136,97208.0512,27.7349,0.3827,0.0,0.0,0.9239,-0.0099,27.0541,18.9663,-18.9663,3.5328,1143.3181,1143.3181,97.3946,120050.350,-113.1286,33.8135,b'N',b'W',b'\x00',b'A',0.0
1.0,4.0,50.4,0.0907,-0.0521,9.4774,0.0398,0.0114,-0.0079,-0.0258,-0.02,-0.0249,97206.0044,27.7337,0.3827,0.0,0.0,0.9239,0.0153,27.0518,18.9663,-18.9663,3.5155,1143.8962,1143.8962,97.3865,120050.400,-113.1286,33.8135,b'N',b'W',b'\x00',b'A',0.0
1.0,4.0,50.45,0.0455,0.0948,9.5033,-0.0085,0.0177,0.003,0.0082,-0.0039,-0.0185,97203.9676,27.7326,0.3827,0.0,0.0,0.9239,-0.0116,27.0495,18.9663,-18.9663,3.4981,1144.4715,1144.4715,97.3784,120050.450,-113.1286,33.8135,b'N',b'W',b'\x00',b'A',0.0
1.0,4.0,50.5,-0.1482,0.1176,9.8261,-0.0133,0.0154,-0.0132,-0.022,-0.0042,0.0309,97201.9409,27.7314,0.3827,0.0,0.0,0.9239,0.0043,27.0473,18.9663,-18.9663,3.4808,1145.0439,1145.0439,97.3703,120050.500,-113.1285,33.8135,b'N',b'W',b'\x00',b'A',0.0
1.0,4.0,50.55,0.1731,0.155,9.7529,-0.011,-0.0083,0.0296,-0.022,0.0142,0.0058,97199.9244,27.7303,0.3827,0.0,0.0,0.9239,-0.0047,27.0451,18.9663,-18.9663,3.4634,1145.6134,1145.6134,97.3623,120050.550,-113.1285,33.8135,b'N',b'W',b'\x00',b'A',0.0
1.0,4.0,50.6,-0.0601,0.2134,9.6408,0.0332,0.0055,0.0098,0.0167,0.0092,-0.0116,97197.918,27.7292,0.3827,0.0,0.0,0.9239,-0.0019,27.0429,18.9663,-18.9663,3.446,1146.1802,1146.1802,97.3543,120050.600,-113.1285,33.8135,b'N',b'W',b'\x00',b'A',0.0
1.0,4.0,50.65,-0.1986,-0.104,9.8165,-0.0562,-0.0054,-0.0161,0.0105,-0.0165,-0.0025,97195.9217,27.7281,0.3827,0.0,0.0,0.9239,-0.0142,27.0406,18.9663,-18.9663,3.4286,1146.744,1146.744,97.3463,120050.650,-113.1285,33.8135,b'N',b'W',b'\x00',b'A',0.0
1.0,4.0,50.7,-0.1254,0.0017,9.8239,-0.0201,0.0088,0.0019,-0.0251,-0.0065,0.0217,97193.9356,27.727,0.3827,0.0,0.0,0.9239,0.0134,27.0384,18.9663,-18.9663,3.4112,1147.305,1147.305,97.3384,120050.700,-113.1285,33.8135,b'N',b'W',b'\x00',b'A',0.0
1.0,4.0,50.75,-0.1225,0.0014,9.9483,0.0546,0.0068,0.0025,-0.0124,-0.0045,0.0187,97191.9596,27.7259,0.3827,0.0,0.0,0.9239,-0.0028,27.0363,18.9663,-18.9663,3.3938,1147.8632,1147.8632,97.3305,120050.750,-113.1285,33.8135,b'N',b'W',b'\x00',b'A',0.0
1.0,4.0,50.8,0.0063,-0.0118,9.8271,0.0118,-0.0077,0.0243,-0.0181,0.015,-0.0293,97189.9938,27.7248,0.3827,0.0,0.0,0.9239,-0.0122,27.0341,18.9663,-18.9663,3.3763,1148.4185,1148.4185,97.3226,120050.800,-113.1285,33.8134,b'N',b'W',b'\x00',b'A',0.0
1.0,4.0,50.85,-0.0329,-0.0779,9.9909,-0.0221,-0.0266,-0.012,0.0355,-0.0234,0.0327,97188.0382,27.7237,0.3827,0.0,0.0,0.9239,0.0125,27.0319,18.9663,-18.9663,3.3589,1148.9709,1148.9709,97.3148,120050.850,-113.1285,33.8134,b'N',b'W',b'\x00',b'A',0.0
1.0,4.0,50.9,-0.0404,-0.1783,9.8078,-0.0008,0.0029,0.0153,0.0181,0.0404,0.0193,97186.0927,27.7226,0.3827,0.0,0.0,0.9239,-0.005,27.0297,18.9663,-18.9663,3.3414,1149.5205,1149.5205,97.307,120050.900,-113.1285,33.8134,b'N',b'W',b'\x00',b'A',0.0
1.0,4.0,50.95,0.0744,0.0111,9.7893,0.0013,-0.0041,0.0008,-0.0084,-0.0152,-0.003,97184.1574,27.7215,0.3827,0.0,0.0,0.9239,0.0033,27.0276,18.9663,-18.9663,3.3239,1150.0672,1150.0672,97.2993,120050.950,-113.1285,33.8134,b'N',b'W',b'\x00',b'A',0.0
1.0,4.0,51.0,0.0408,-0.0922,9.9663,0.0169,-0.0378,0.0298,0.0115,-0.0002,-0.0238,97182.2323,27.7204,0.3827,0.0,0.0,0.9239,0.0084,27.0254,18.9663,-18.9663,3.3064,1150.611,1150.611,97.2915,120051.000,-113.1284,33.8134,b'N',b'W',b'\x00',b'A',0.0
1.0,4.0,51.05,0.0379,0.0103,9.6599,0.0368,0.0102,0.0258,-0.0271,-0.0232,0.0211,97180.3174,27.7193,0.3827,0.0,0.0,0.9239,0.0047,27.0233,18.9663,-18.9663,3.2889,1151.1519,1151.1519,97.2838,120051.050,-113.1284,33.8134,b'N',b'W',b'\x00',b'A',0.0
1.0,4.0,51.1,0.0492,-0.0953,10.2288,0.0078,0.0193,0.0039,-0.0135,-0.026,0.0095,97178.4127,27.7183,0.3827,0.0,0.0,0.9239,-0.022,27.0212,18.9663,-18.9663,3.2714,1151.69,1151.69,97.2762,120051.100,-113.1284,33.8134,b'N',b'W',b'\x00',b'A',0.0
1.0,4.0,51.15,0.0739,-0.132,9.8629,-0.0108,0.0506,-0.0052,0.0021,-0.0175,-0.0292,97176.5182,27.7172,0.3827,0.0,0.0,0.9239,0.007,27.019,18.9663,-18.9663,3.2538,1152.2252,1152.2252,97.2685,120051.150,-113.1284,33.8134,b'N',b'W',b'\x00',b'A',0.0
1.0,4.0,51.2,-0.253,0.0281,9.8638,0.0157,-0.0078,0.0101,0.009,-0.0194,-0.0046,97174.6339,27.7162,0.3827,0.0,0.0,0.9239,-0.001,27.0169,18.9663,-18.9663,3.2363,1152.7576,1152.7576,97.261,120051.200,-113.1284,33.8134,b'N',b'W',b'\x00',b'A',0.0
1.0,4.0,51.25,-0.0437,0.0181,9.8854,-0.014,-0.0108,-0.0036,-0.0019,-0.0083,0.0625,97172.7598,27.7151,0.3827,0.0,0.0,0.9239,-0.0033,27.0148,18.9663,-18.9663,3.2187,1153.287,1153.287,97.2534,120051.250,-113.1284,33.8134,b'N',b'W',b'\x00',b'A',0.0
1.0,4.0,51.3,-0.2616,0.0695,10.0882,-0.0207,-0.0222,0.0336,0.005,-0.0196,0.0003,97170.896,27.7141,0.3827,0.0,0.0,0.9239,-0.0011,27.0127,18.9663,-18.9663,3.2011,1153.8136,1153.8136,97.2459,120051.300,-113.1284,33.8134,b'N',b'W',b'\x00',b'A',0.0
1.0,4.0,51.35,0.0043,0.2623,9.9255,-0.0352,0.0042,0.0016,0.0016,0.0139,-0.0148,97169.0425,27.713,0.3827,0.0,0.0,0.9239,-0.0161,27.0107,18.9663,-18.9663,3.1835,1154.3372,1154.3372,97.2384,120051.350,-113.1284,33.8134,b'N',b'W',b'\x00',b'A',0.0
1.0,4.0,51.4,-0.0006,0.0333,9.5659,-0.0313,0.004,-0.0081,-0.0033,-0.0157,-0.0202,97167.1992,27.712,0.3827,0.0,0.0,0.9239,0.0019,27.0086,18.9663,-18.9663,3.1659,1154.858,1154.858,97.2309,120051.400,-113.1284,33.8133,b'N',b'W',b'\x00',b'A',0.0
1.0,4.0,51.45,0.1255,0.0582,10.0172,-0.0179,-0.0162,-0.0092,-0.0059,-0.0179,0.0354,97165.3661,27.711,0.3827,0.0,0.0,0.9239,-0.0136,27.0065,18.9663,-18.9663,3.1483,1155.3759,1155.3759,97.2235,120051.450,-113.1284,33.8133,b'N',b'W',b'\x00',b'A',0.0
1.0,4.0,51.5,0.1425,-0.1293,9.7555,-0.0236,-0.0035,-0.0243,-0.0085,-0.0079,0.017,97163.5433,27.7099,0.3827,0.0,0.0,0.9239,-0.0029,27.0045,18.9663,-18.9663,3.1306,1155.8909,1155.8909,97.2161,120051.500,-113.1283,33.8133,b'N',b'W',b'\x00',b'A',0.0
1.0,4.0,51.55,0.0243,-0.1544,9.8227,0.0063,-0.0396,0.0111,0.0046,0.0199,0.0281,97161.7308,27.7089,0.3827,0.0,0.0,0.9239,0.0016,27.0024,18.9663,-18.9663,3.113,1156.403,1156.403,97.2088,120051.550,-113.1283,33.8133,b'N',b'W',b'\x00',b'A',0.0
1.0,4.0,51.6,-0.06,0.1899,9.6148,-0.024,0.0185,-0.0164,0.0082,0.0043,0.005,97159.9286,27.7079,0.3827,0.0,0.0,0.9239,0.0107,27.0004,18.9663,-18.9663,3.0953,1156.9122,1156.9122,97.2015,120051.600,-113.1283,33.8133,b'N',b'W',b'\x00',b'A',0.0
1.0,4.0,51.65,0.0582,-0.1108,9.8856,-0.0629,-0.0154,0.022,0.004,-0.002,0.0251,97158.1366,27.7069,0.3827,0.0,0.0,0.9239,-0.0082,26.9984,18.9663,-18.9663,3.0776,1157.4185,1157.4185,97.1942,120051.650,-113.1283,33.8133,b'N',b'W',b'\x00',b'A',0.0
1.0,4.0,51.7,-0.0634,-0.1253,9.7089,-0.0209,-0.0007,-0.0259,-0.0236,-0.0287,-0.017,97156.355,27.7059,0.3827,0.0,0.0,0.9239,0.0145,26.9964,18.9663,-18.9663,3.0599,1157.922,1157.922,97.187,120051.700,-113.1283,33.8133,b'N',b'W',b'\x00',b'A',0.0
1.0,4.0,51.75,-0.0002,-0.0047,9.8217,-0.0094,-0.0285,0.0025,-0.02,-0.0229,0.0033,97154.5836,27.7049,0.3827,0.0,0.0,0.9239,0.0095,26.9944,18.9663,-18.9663,3.0422,1158.4225,1158.4225,97.1798,120051.750,-113.1283,33.8133,b'N',b'W',b'\x00',b'A',0.0
1.0,4.0,51.8,0.1183,-0.0108,9.764,-0.0121,-0.0116,0.023,0.008,-0.0256,0.0057,97152.8226,27.7039,0.3827,0.0,0.0,0.9239,-0.0043,26.9924,18.9663,-18.9663,3.0245,1158.9201,1158.9201,97.1726,120051.800,-113.1283,33.8133,b'N',b'W',b'\x00',b'A',0.0
1.0,4.0,51.85,-0.0669,-0.1083,10.0954,0.0304,-0.0056,-0.043,0.0294,0.0261,0.0276,97151.0719,27.703,0.3827,0.0,0.0,0.9239,-0.0111,26.9904,18.9663,-18.9663,3.0068,1159.4147,1159.4147,97.1654,120051.850,-113.1283,33.8133,b'N',b'W',b'\x00',b'A',0.0
1.0,4.0,51.9,0.0967,-0.0366,10.104,-0.0123,-0.0002,0.0404,0.003,0.0106,0.0064,97149.3315,27.702,0.3827,0.0,0.0,0.9239,-0.0144,26.9884,18.9663,-18.9663,2.989,1159.9065,1159.9065,97.1584,120051.900,-113.1283,33.8133,b'N',b'W',b'\x00',b'A',0.0
1.0,4.0,51.95,0.0813,0.1475,9.8136,0.0176,0.0096,-0.0085,-0.0082,-0.0172,-0.0125,97147.6014,27.701,0.3827,0.0,0.0,0.9239,0.0027,26.9865,18.9663,-18.9663,2.9713,1160.3954,1160.3954,97.1513,120051.950,-113.1283,33.8132,b'N',b'W',b'\x00',b'A',0.0
1.0,4.0,52.0,-0.1146,-0.0967,9.8162,-0.0004,0.0288,0.0028,0.0045,-0.0113,0.0013,97145.8817,27.7001,0.3827,0.0,0.0,0.9239,-0.0074,26.9845,18.9663,-18.9663,2.9535,1160.8814,1160.8814,97.1443,120052.000,-113.1282,33.8132,b'N',b'W',b'\x00',b'A',0.0
1.0,4.0,52.05,0.1169,-0.1672,9.7506,-0.0008,0.0147,0.0114,-0.0227,-0.0165,-0.0335,97144.1723,27.6991,0.3827,0.0,0.0,0.9239,0.012,26.9826,18.9663,-18.9663,2.9357,1161.3644,1161.3644,97.1373,120052.050,-113.1282,33.8132,b'N',b'W',b'\x00',b'A',0.0
1.0,4.0,52.1,0.0838,0.1131,9.9726,-0.0167,0.0192,0.0145,0.0262,-0.0177,-0.0464,97142.4733,27.6982,0.3827,0.0,0.0,0.9239,-0.0068,26.9806,18.9663,-18.9663,2.9179,1161.8445,1161.8445,97.1303,120052.100,-113.1282,33.8132,b'N',b'W',b'\x00',b'A',0.0
1.0,4.0,52.15,0.0122,0.0591,9.7573,-0.0012,0.0289,0.0055,0.0037,0.0092,0.0166,97140.7846,27.6972,0.3827,0.0,0.0,0.9239,-0.009,26.9787,18.9663,-18.9663,2.9001,1162.3217,1162.3217,97.1234,120052.150,-113.1282,33.8132,b'N',b'W',b'\x00',b'A',0.0
1.0,4.0,52.2,-0.0915,-0.0745,9.7434,-0.0153,0.0114,0.0199,-0.0134,-0.0058,-0.0075,97139.1063,27.6963,0.3827,0.0,0.0,0.9239,0.0023,26.9768,18.9663,-18.9663,2.8823,1162.796,1162.796,97.1165,120052.200,-113.1282,33.8132,b'N',b'W',b'\x00',b'A',0.0
1.0,4.0,52.25,-0.1031,-0.1899,9.9534,0.0034,-0.0007,0.0104,-0.0033,0.0416,-0.0052,97137.4383,27.6953,0.3827,0.0,0.0,0.9239,-0.0069,26.9749,18.9663,-18.9663,2.8645,1163.2674,1163.2674,97.1097,120052.250,-113.1282,33.8132,b'N',b'W',b'\x00',b'A',0.0
1.0,4.0,52.3,-0.0645,-0.0894,9.7259,-0.0047,0.0202,0.0352,-0.0105,0.025,0.0166,97135.7808,27.6944,0.3827,0.0,0.0,0.9239,0.0001,26.973,18.9663,-18.9663,2.8466,1163.7358,1163.7358,97.1029,120052.300,-113.1282,33.8132,b'N',b'W',b'\x00',b'A',0.0
1.0,4.0,52.35,0.0651,-0.0066,9.801,-0.0189,0.0215,0.0104,0.0262,0.0262,0.0279,97134.1336,27.6935,0.3827,0.0,0.0,0.9239,0.0099,26.9712,18.9663,-18.9663,2.8287,1164.2013,1164.2013,97.0961,120052.350,-113.1282,33.8132,b'N',b'W',b'\x00',b'A',0.0
1.0,4.0,52.4,-0.1147,0.1399,9.5695,0.0198,0.013,0.0393,-0.004,0.0134,0.0107,97132.4968,27.6926,0.3827,0.0,0.0,0.9239,0.0012,26.9693,18.9663,-18.9663,2.8109,1164.6638,1164.6638,97.0894,120052.400,-113.1282,33.8132,b'N',b'W',b'\x00',b'A',0.0
1.0,4.0,52.45,0.0525,-0.1244,9.9123,0.0085,-0.0291,0.018,0.0031,-0.0085,0.0386,97130.8705,27.6917,0.3827,0.0,0.0,0.9239,0.0012,26.9674,18.9663,-18.9663,2.793,1165.1235,1165.1235,97.0827,120052.450,-113.1281,33.8132,b'N',b'W',b'\x00',b'A',0.0
1.0,4.0,52.5,-0.149,-0.0101,10.0978,-0.009,-0.0168,-0.0361,0.0115,0.012,0.0101,97129.2545,27.6908,0.3827,0.0,0.0,0.9239,0.0021,26.9656,18.9663,-18.9663,2.7751,1165.5802,1165.5802,97.0761,120052.500,-113.1281,33.8132,b'N',b'W',b'\x00',b'A',0.0
1.0,4.0,52.55,-0.0245,0.081,9.9148,0.0029,-0.0055,0.0522,-0.0148,-0.007,0.006,97127.6489,27.6899,0.3827,0.0,0.0,0.9239,-0.0169,26.9637,18.9663,-18.9663,2.7572,1166.0339,1166.0339,97.0695,120052.550,-113.1281,33.8131,b'N',b'W',b'\x00',b'A',0.0
1.0,4.0,52.6,0.0132,-0.2858,10.0259,-0.0017,0.0156,-0.0115,0.0039,0.0326,0.0048,97126.0538,27.689,0.3827,0.0,0.0,0.9239,0.0039,26.9619,18.9663,-18.9663,2.7393,1166.4848,1166.4848,97.0629,120052.600,-113.1281,33.8131,b'N',b'W',b'\x00',b'A',0.0
1.0,4.0,52.65,0.2934,0.1241,9.6797,-0.0174,-0.0004,0.0299,0.0055,0.0081,-0.0257,97124.469,27.6881,0.3827,0.0,0.0,0.9239,0.0016,26.9601,18.9663,-18.9663,2.7213,1166.9327,1166.9327,97.0564,120052.650,-113.1281,33.8131,b'N',b'W',b'\x00',b'A',0.0
1.0,4.0,52.7,-0.1653,-0.1419,9.8421,0.0014,0.0227,0.0005,-0.0311,0.0052,0.0191,97122.8948,27.6872,0.3827,0.0,0.0,0.9239,0.0089,26.9583,18.9663,-18.9663,2.7034,1167.3776,1167.3776,97.0499,120052.700,-113.1281,33.8131,b'N',b'W',b'\x00',b'A',0.0
1.0,4.0,52.75,0.1766,0.0398,9.6652,-0.0124,0.0263,0.0212,0.0051,0.0025,-0.0489,97121.3309,27.6863,0.3827,0.0,0.0,0.9239,0.0061,26.9565,18.9663,-18.9663,2.6854,1167.8196,1167.8196,97.0434,120052.750,-113.1281,33.8131,b'N',b'W',b'\x00',b'A',0.0
1.0,4.0,52.8,0.018,0.0296,9.7725,-0.0189,0.024,-0.0138,-0.0009,0.0348,-0.0117,97119.7775,27.6854,0.3827,0.0,0.0,0.9239,-0.002,26.9547,18.9663,-18.9663,2.6675,1168.2587,1168.2587,97.037,120052.800,-113.1281,33.8131,b'N',b'W',b'\x00',b'A',0.0
1.0,4.0,52.85,0.0493,0.1302,9.9225,-0.0325,0.0241,0.0125,0.0026,-0.0287,0.0005,97118.2345,27.6846,0.3827,0.0,0.0,0.9239,0.0103,26.9529,18.9663,-18.9663,2.6495,1168.6948,1168.6948,97.0306,120052.850,-113.1281,33.8131,b'N',b'W',b'\x00',b'A',0.0
1.0,4.0,52.9,0.0142,0.0661,9.8219,-0.0072,-0.0207,-0.0051,0.0007,0.0368,-0.0158,97116.702,27.6837,0.3827,0.0,0.0,0.9239,-0.0029,26.9512,18.9663,-18.9663,2.6315,1169.1279,1169.1279,97.0242,120052.900,-113.1281,33.8131,b'N',b'W',b'\x00',b'A',0.0
1.0,4.0,52.95,0.0534,-0.2853,9.5948,0.0113,0.0097,0.0316,0.0052,-0.0037,-0.009,97115.18,27.6829,0.3827,0.0,0.0,0.9239,0.0025,26.9494,18.9663,-18.9663,2.6135,1169.5581,1169.5581,97.0179,120052.950,-113.128,33.8131,b'N',b'W',b'\x00',b'A',0.0
1.0,4.0,53.0,-0.0184,-0.0942,9.6094,-0.0139,-0.0122,0.0088,0.0267,-0.0281,0.0368,97113.6684,27.682,0.3827,0.0,0.0,0.9239,-0.0031,26.9477,18.9663,-18.9663,2.5955,1169.9854,1169.9854,97.0117,120053.000,-113.128,33.8131,b'N',b'W',b'\x00',b'A',0.0
1.0,4.0,53.05,0.1745,0.0166,9.5995,0.0504,-0.033,0.0187,-0.0236,-0.015,0.0221,97112.1673,27.6812,0.3827,0.0,0.0,0.9239,0.0046,26.946,18.9663,-18.9663,2.5775,1170.4097,1170.4097,97.0054,120053.050,-113.128,33.8131,b'N',b'W',b'\x00',b'A',0.0
1.0,4.0,53.1,-0.0548,-0.0234,9.8804,0.0177,-0.0057,-0.0433,-0.0068,-0.033,-0.0137,97110.6767,27.6803,0.3827,0.0,0.0,0.9239,-0.0038,26.9442,18.9663,-18.9663,2.5594,1170.831,1170.831,96.9993,120053.100,-113.128,33.8131,b'N',b'W',b'\x00',b'A',0.0
1.0,4.0,53.15,0.1359,0.0573,10.1162,0.0261,0.0265,-0.0017,0.0133,0.0131,-0.0094,97109.1966,27.6795,0.3827,0.0,0.0,0.9239,0.0165,26.9425,18.9663,-18.9663,2.5414,1171.2494,1171.2494,96.9931,120053.150,-113.128,33.813,b'N',b'W',b'\x00',b'A',0.0
1.0,4.0,53.2,-0.0773,0.0947,10.011,0.0159,0.0092,0.0082,0.0096,-0.0208,-0.0255,97107.727,27.6787,0.3827,0.0,0.0,0.9239,0.0202,26.9408,18.9663,-18.9663,2.5234,1171.6648,1171.6648,96.987,120053.200,-113.128,33.813,b'N',b'W',b'\x00',b'A',0.0
1.0,4.0,53.25,-0.0072,0.073,9.5223,0.0371,0.0404,0.0045,0.0092,0.0034,0.0141,97106.2678,27.6779,0.3827,0.0,0.0,0.9239,0.0087,26.9391,18.9663,-18.9663,2.5053,1172.0772,1172.0772,96.9809,120053.250,-113.128,33.813,b'N',b'W',b'\x00',b'A',0.0
1.0,4.0,53.3,-0.1286,-0.0257,10.0198,-0.0157,0.0035,0.0192,0.0551,0.0227,-0.005,97104.8192,27.6771,0.3827,0.0,0.0,0.9239,0.0154,26.9375,18.9663,-18.9663,2.4872,1172.4867,1172.4867,96.9749,120053.300,-113.128,33.813,b'N',b'W',b'\x00',b'A',0.0
1.0,4.0,53.35,0.0546,-0.2216,9.9471,-0.0512,0.049,-0.0073,0.0123,-0.0134,-0.0393,97103.3811,27.6763,0.3827,0.0,0.0,0.9239,-0.0154,26.9358,18.9663,-18.9663,2.4691,1172.8933,1172.8933,96.9689,120053.350,-113.128,33.813,b'N',b'W',b'\x00',b'A',0.0
1.0,4.0,53.4,0.1734,-0.0547,9.5749,-0.0089,0.0036,0.001,0.0226,-0.0054,0.002,97101.9535,27.6755,0.3827,0.0,0.0,0.9239,-0.0142,26.9342,18.9663,-18.9663,2.451,1173.2968,1173.2968,96.963,120053.400,-113.128,33.813,b'N',b'W',b'\x00',b'A',0.0
1.0,4.0,53.45,-0.0093,0.05,9.7612,0.0112,0.0004,0.0236,-0.0061,-0.0261,0.0088,97100.5364,27.6747,0.3827,0.0,0.0,0.9239,-0.0032,26.9325,18.9663,-18.9663,2.4329,1173.6974,1173.6974,96.957,120053.450,-113.1279,33.813,b'N',b'W',b'\x00',b'A',0.0
1.0,4.0,53.5,-0.0236,-0.1309,9.971,0.003,-0.0256,-0.0456,-0.0199,-0.0078,0.0193,97099.1299,27.6739,0.3827,0.0,0.0,0.9239,0.0004,26.9309,18.9663,-18.9663,2.4148,1174.095,1174.095,96.9512,120053.500,-113.1279,33.813,b'N',b'W',b'\x00',b'A',0.0
1.0,4.0,53.55,-0.1338,0.0758,9.8892,0.0055,0.0222,0.0118,-0.0063,0.0515,-0.0015,97097.7339,27.6731,0.3827,0.0,0.0,0.9239,-0.002,26.9293,18.9663,-18.9663,2.3967,1174.4897,1174.4897,96.9453,120053.550,-113.1279,33.813,b'N',b'W',b'\x00',b'A',0.0
1.0,4.0,53.6,-0.0275,0.109,9.6103,0.0264,-0.01,-0.0067,0.0142,0.0156,-0.0075,97096.3484,27.6723,0.3827,0.0,0.0,0.9239,-0.0164,26.9277,18.9663,-18.9663,2.3785,1174.8813,1174.8813,96.9396,120053.600,-113.1279,33.813,b'N',b'W',b'\x00',b'A',0.0
1.0,4.0,53.65,-0.1911,0.0152,9.8983,0.0076,-0.0129,-0.0182,0.0081,-0.0053,0.0397,97094.9734,27.6716,0.3827,0.0,0.0,0.9239,0.0115,26.9261,18.9663,-18.9663,2.3604,1175.27,1175.27,96.9338,120053.650,-113.1279,33.813,b'N',b'W',b'\x00',b'A',0.0
1.0,4.0,53.7,-0.1095,-0.3677,9.486,0.016,0.0256,0.0067,0.0081,-0.0122,0.0001,97093.6091,27.6708,0.3827,0.0,0.0,0.9239,0.0215,26.9245,18.9663,-18.9663,2.3422,1175.6557,1175.6557,96.9281,120053.700,-113.1279,33.813,b'N',b'W',b'\x00',b'A',0.0
1.0,4.0,53.75,0.0272,-0.1534,9.7732,-0.0188,0.0232,0.0245,-0.0043,-0.0009,0.0144,97092.2552,27.67,0.3827,0.0,0.0,0.9239,0.0128,26.9229,18.9663,-18.9663,2.324,1176.0385,1176.0385,96.9224,120053.750,-113.1279,33.8129,b'N',b'W',b'\x00',b'A',0.0
1.0,4.0,53.8,0.1583,0.2263,9.9773,-0.0219,0.0226,0.0208,-0.0075,0.0026,-0.0108,97090.912,27.6693,0.3827,0.0,0.0,0.9239,0.0109,26.9213,18.9663,-18.9663,2.3059,1176.4182,1176.4182,96.9168,120053.800,-113.1279,33.8129,b'N',b'W',b'\x00',b'A',0.0
1.0,4.0,53.85,0.3371,-0.0656,9.8094,0.0323,-0.0072,-0.0027,-0.0036,-0.0084,0.0138,97089.5793,27.6685,0.3827,0.0,0.0,0.9239,0.0023,26.9198,18.9663,-18.9663,2.2877,1176.795,1176.795,96.9112,120053.850,-113.1279,33.8129,b'N',b'W',b'\x00',b'A',0.0
1.0,4.0,53.9,-0.0704,-0.2381,9.7318,0.002,-0.001,0.0175,0.0145,0.0106,-0.0291,97088.2571,27.6678,0.3827,0.0,0.0,0.9239,-0.0084,26.9182,18.9663,-18.9663,2.2695,1177.1688,1177.1688,96.9057,120053.900,-113.1279,33.8129,b'N',b'W',b'\x00',b'A',0.0
1.0,4.0,53.95,0.1722,0.1482,9.9401,-0.0125,-0.0012,0.0174,0.0168,-0.0191,-0.0092,97086.9456,27.6671,0.3827,0.0,0.0,0.9239,0.0007,26.9167,18.9663,-18.9663,2.2513,1177.5396,1177.5396,96.9002,120053.950,-113.1278,33.8129,b'N',b'W',b'\x00',b'A',0.0
1.0,4.0,54.0,0.0293,0.0016,9.9529,-0.0124,0.0157,-0.0017,-0.0201,-0.0192,-0.0242,97085.6446,27.6663,0.3827,0.0,0.0,0.9239,0.0211,26.9152,18.9663,-18.9663,2.233,1177.9074,1177.9074,96.8947,120054.000,-113.1278,33.8129,b'N',b'W',b'\x00',b'A',0.0
1.0,4.0,54.05,-0.0181,0.1326,10.0032,-0.013,0.0311,-0.0139,0.0152,0.0074,-0.0121,97084.3543,27.6656,0.3827,0.0,0.0,0.9239,-0.0035,26.9137,18.9663,-18.9663,2.2148,1178.2722,1178.2722,96.8893,120054.050,-113.1278,33.8129,b'N',b'W',b'\x00',b'A',0.0
1.0,4.0,54.1,0.0519,0.0332,9.9378,-0.0142,0.0074,-0.0127,-0.013,-0.0234,0.025,97083.0745,27.6649,0.3827,0.0,0.0,0.9239,-0.0045,26.9122,18.9663,-18.9663,2.1966,1178.634,1178.634,96.8839,120054.100,-113.1278,33.8129,b'N',b'W',b'\x00',b'A',0.0
1.0,4.0,54.15,0.0074,0.055,9.9689,-0.0257,0.0395,0.0168,0.0094,0.0146,-0.0122,97081.8053,27.6642,0.3827,0.0,0.0,0.9239,0.0111,26.9107,18.9663,-18.9663,2.1783,1178.9928,1178.9928,96.8786,120054.150,-113.1278,33.8129,b'N',b'W',b'\x00',b'A',0.0
1.0,4.0,54.2,0.0132,0.0436,9.9166,-0.03,0.0179,-0.0008,-0.0038,-0.0003,0.0144,97080.5467,27.6635,0.3827,0.0,0.0,0.9239,0.0117,26.9092,18.9663,-18.9663,2.1601,1179.3487,1179.3487,96.8733,120054.200,-113.1278,33.8129,b'N',b'W',b'\x00',b'A',0.0
1.0,4.0,54.25,-0.049,0.0837,9.8465,-0.0039,-0.0047,-0.0209,0.0313,-0.0366,0.0303,97079.2987,27.6628,0.3827,0.0,0.0,0.9239,-0.0085,26.9078,18.9663,-18.9663,2.1418,1179.7015,1179.7015,96.868,120054.250,-113.1278,33.8129,b'N',b'W',b'\x00',b'A',0.0
1.0,4.0,54.3,-0.1678,0.2733,9.8201,-0.0119,0.0166,-0.0337,-0.0084,0.0022,-0.0006,97078.0614,27.6621,0.3827,0.0,0.0,0.9239,-0.0026,26.9063,18.9663,-18.9663,2.1235,1180.0514,1180.0514,96.8628,120054.300,-113.1278,33.8128,b'N',b'W',b'\x00',b'A',0.0
1.0,4.0,54.35,-0.1852,0.1165,9.7711,0.0221,0.0341,0.0166,0.0036,-0.0337,0.0199,97076.8346,27.6614,0.3827,0.0,0.0,0.9239,-0.005,26.9049,18.9663,-18.9663,2.1053,1180.3982,1180.3982,96.8576,120054.350,-113.1278,33.8128,b'N',b'W',b'\x00',b'A',0.0
1.0,4.0,54.4,0.0784,-0.1896,9.6248,0.0059,0.04,-0.0109,0.0121,0.0139,0.0106,97075.6185,27.6607,0.3827,0.0,0.0,0.9239,0.0007,26.9035,18.9663,-18.9663,2.087,1180.7421,1180.7421,96.8525,120054.400,-113.1277,33.8128,b'N',b'W',b'\x00',b'A',0.0
1.0,4.0,54.45,-0.0332,0.0536,9.6634,0.0053,0.0237,0.0066,-0.0175,-0.005,0.0023,97074.413,27.66,0.3827,0.0,0.0,0.9239,0.011,26.9021,18.9663,-18.9663,2.0687,1181.0829,1181.0829,96.8474,120054.450,-113.1277,33.8128,b'N',b'W',b'\x00',b'A',0.0
1.0,4.0,54.5,-0.0715,0.137,9.7643,-0.0149,0.0005,0.0248,-0.0015,0.037,0.015,97073.2182,27.6594,0.3827,0.0,0.0,0.9239,-0.008,26.9007,18.9663,-18.9663,2.0503,1181.4208,1181.4208,96.8423,120054.500,-113.1277,33.8128,b'N',b'W',b'\x00',b'A',0.0
1.0,4.0,54.55,0.001,0.1443,9.8429,-0.0024,-0.0043,-0.0262,-0.0053,0.0214,0.0368,97072.0339,27.6587,0.3827,0.0,0.0,0.9239,0.0109,26.8993,18.9663,-18.9663,2.032,1181.7556,1181.7556,96.8373,120054.550,-113.1277,33.8128,b'N',b'W',b'\x00',b'A',0.0
1.0,4.0,54.6,0.0954,-0.0512,10.0228,0.0072,0.0115,-0.0009,-0.0103,-0.0212,-0.0127,97070.8604,27.658,0.3827,0.0,0.0,0.9239,0.001,26.8979,18.9663,-18.9663,2.0137,1182.0874,1182.0874,96.8324,120054.600,-113.1277,33.8128,b'N',b'W',b'\x00',b'A',0.0
1.0,4.0,54.65,0.0216,0.1398,9.8004,0.0143,0.0335,-0.0034,-0.0088,-0.0404,-0.0192,97069.6974,27.6574,0.3827,0.0,0.0,0.9239,0.0233,26.8965,18.9663,-18.9663,1.9954,1182.4163,1182.4163,96.8275,120054.650,-113.1277,33.8128,b'N',b'W',b'\x00',b'A',0.0
1.0,4.0,54.7,-0.0787,0.1113,9.9572,-0.0019,0.0087,0.0076,0.0222,-0.0151,-0.0204,97068.5452,27.6568,0.3827,0.0,0.0,0.9239,0.0032,26.8952,18.9663,-18.9663,1.977,1182.7421,1182.7421,96.8226,120054.700,-113.1277,33.8128,b'N',b'W',b'\x00',b'A',0.0
1.0,4.0,54.75,0.1472,0.3087,9.9685,0.0216,0.0091,0.0248,-0.012,-0.0244,0.0199,97067.4035,27.6561,0.3827,0.0,0.0,0.9239,-0.001,26.8938,18.9663,-18.9663,1.9587,1183.0649,1183.0649,96.8177,120054.750,-113.1277,33.8128,b'N',b'W',b'\x00',b'A',0.0
1.0,4.0,54.8,0.1895,-0.09,9.7719,0.0002,0.001,-0.0266,0.0113,0.0365,0.0226,97066.2726,27.6555,0.3827,0.0,0.0,0.9239,0.0057,26.8925,18.9663,-18.9663,1.9403,1183.3847,1183.3847,96.813,120054.800,-113.1277,33.8128,b'N',b'W',b'\x00',b'A',0.0
1.0,4.0,54.85,0.0593,-0.0609,9.8959,0.0159,-0.0066,0.0114,0.0063,-0.0002,-0.0107,97065.1523,27.6549,0.3827,0.0,0.0,0.9239,-0.0034,26.8912,18.9663,-18.9663,1.9219,1183.7015,1183.7015,96.8082,120054.850,-113.1277,33.8128,b'N',b'W',b'\x00',b'A',0.0
1.0,4.0,54.9,0.1168,-0.0367,9.7701,-0.0098,-0.0032,0.0206,-0.0279,0.0187,-0.0427,97064.0427,27.6542,0.3827,0.0,0.0,0.9239,-0.018,26.8899,18.9663,-18.9663,1.9035,1184.0152,1184.0152,96.8035,120054.900,-113.1276,33.8127,b'N',b'W',b'\x00',b'A',0.0
1.0,4.0,54.95,0.149,-0.0588,10.005,-0.0363,0.0027,-0.0037,0.0104,-0.0057,-0.0135,97062.9437,27.6536,0.3827,0.0,0.0,0.9239,-0.0024,26.8886,18.9663,-18.9663,1.8852,1184.326,1184.326,96.7988,120054.950,-113.1276,33.8127,b'N',b'W',b'\x00',b'A',0.0
1.0,4.0,55.0,0.1356,-0.1068,9.902,0.0054,0.0344,-0.0027,-0.0283,-0.0036,0.011,97061.8555,27.653,0.3827,0.0,0.0,0.9239,-0.0026,26.8873,18.9663,-18.9663,1.8668,1184.6337,1184.6337,96.7942,120055.000,-113.1276,33.8127,b'N',b'W',b'\x00',b'A',0.0
1.0,4.0,55.05,0.0737,-0.3315,9.6281,0.0145,-0.0048,0.0084,0.0126,-0.0007,-0.0013,97060.7779,27.6524,0.3827,0.0,0.0,0.9239,-0.0159,26.886,18.9663,-18.9663,1.8484,1184.9385,1184.9385,96.7896,120055.050,-113.1276,33.8127,b'N',b'W',b'\x00',b'A',0.0
1.0,4.0,55.1,0.0718,-0.0522,9.8309,0.0115,0.0011,0.0069,-0.0101,0.0221,0.0036,97059.711,27.6518,0.3827,0.0,0.0,0.9239,-0.0007,26.8848,18.9663,-18.9663,1.8299,1185.2401,1185.2401,96.7851,120055.100,-113.1276,33.8127,b'N',b'W',b'\x00',b'A',0.0
1.0,4.0,55.15,0.0624,0.0443,10.0539,0.0084,-0.0173,0.0116,0.0002,0.0062,-0.0105,97058.6548,27.6512,0.3827,0.0,0.0,0.9239,-0.0207,26.8835,18.9663,-18.9663,1.8115,1185.5388,1185.5388,96.7806,120055.150,-113.1276,33.8127,b'N',b'W',b'\x00',b'A',0.0
1.0,4.0,55.2,-0.1317,-0.0592,9.7795,-0.007,0.0143,0.0112,-0.0259,-0.0211,0.0203,97057.6093,27.6506,0.3827,0.0,0.0,0.9239,-0.0035,26.8823,18.9663,-18.9663,1.7931,1185.8345,1185.8345,96.7762,120055.200,-113.1276,33.8127,b'N',b'W',b'\x00',b'A',0.0
1.0,4.0,55.25,0.0841,0.2322,9.8738,-0.0161,0.0273,-0.0196,0.0024,0.0325,0.0069,97056.5745,27.65,0.3827,0.0,0.0,0.9239,0.0024,26.881,18.9663,-18.9663,1.7747,1186.1271,1186.1271,96.7718,120055.250,-113.1276,33.8127,b'N',b'W',b'\x00',b'A',0.0
1.0,4.0,55.3,-0.1627,0.0016,9.8885,0.011,0.0325,0.0198,0.0185,-0.0059,0.0117,97055.5504,27.6495,0.3827,0.0,0.0,0.9239,0.001,26.8798,18.9663,-18.9663,1.7562,1186.4167,1186.4167,96.7674,120055.300,-113.1276,33.8127,b'N',b'W',b'\x00',b'A',0.0
1.0,4.0,55.35,-0.0954,0.1549,9.6512,0.0085,0.0041,0.0233,-0.0161,-0.0091,0.0032,97054.537,27.6489,0.3827,0.0,0.0,0.9239,-0.0041,26.8786,18.9663,-18.9663,1.7378,1186.7033,1186.7033,96.7631,120055.350,-113.1276,33.8127,b'N',b'W',b'\x00',b'A',0.0
1.0,4.0,55.4,0.1564,0.0314,9.8833,-0.0112,0.0115,0.0037,-0.0121,-0.0566,0.0105,97053.5343,27.6483,0.3827,0.0,0.0,0.9239,-0.0009,26.8774,18.9663,-18.9663,1.7193,1186.9868,1186.9868,96.7588,120055.400,-113.1275,33.8127,b'N',b'W',b'\x00',b'A',0.0
1.0,4.0,55.45,0.1008,0.0992,9.5976,0.0222,-0.0031,-0.0299,0.0091,0.0127,0.0092,97052.5423,27.6478,0.3827,0.0,0.0,0.9239,-0.0078,26.8763,18.9663,-18.9663,1.7008,1187.2674,1187.2674,96.7546,120055.450,-113.1275,33.8127,b'N',b'W',b'\x00',b'A',0.0
1.0,4.0,55.5,0.1785,0.0335,9.7128,-0.0177,0.0106,-0.0023,0.0096,0.002,-0.0186,97051.5611,27.6472,0.3827,0.0,0.0,0.9239,0.0001,26.8751,18.9663,-18.9663,1.6824,1187.5449,1187.5449,96.7504,120055.500,-113.1275,33.8126,b'N',b'W',b'\x00',b'A',0.0
1.0,4.0,55.55,-0.0326,0.1643,9.968,-0.0117,0.0063,0.0039,-0.0487,0.002,0.0075,97050.5906,27.6467,0.3827,0.0,0.0,0.9239,0.0006,26.874,18.9663,-18.9663,1.6639,1187.8193,1187.8193,96.7463,120055.550,-113.1275,33.8126,b'N',b'W',b'\x00',b'A',0.0
1.0,4.0,55.6,-0.1383,0.0067,9.8602,0.0327,0.0012,-0.0229,0.0403,-0.0081,0.0158,97049.6308,27.6462,0.3827,0.0,0.0,0.9239,-0.009,26.8728,18.9663,-18.9663,1.6454,1188.0908,1188.0908,96.7422,120055.600,-113.1275,33.8126,b'N',b'W',b'\x00',b'A',0.0
1.0,4.0,55.65,-0.0289,0.0595,9.761,0.0174,0.0028,-0.0072,0.0106,-0.0115,0.0231,97048.6817,27.6456,0.3827,0.0,0.0,0.9239,0.0027,26.8717,18.9663,-18.9663,1.6269,1188.3592,1188.3592,96.7381,120055.650,-113.1275,33.8126,b'N',b'W',b'\x00',b'A',0.0
1.0,4.0,55.7,0.0122,0.044,9.8736,-0.0072,0.009,-0.0282,0.0139,-0.0074,0.0083,97047.7434,27.6451,0.3827,0.0,0.0,0.9239,0.0026,26.8706,18.9663,-18.9663,1.6084,1188.6245,1188.6245,96.7341,120055.700,-113.1275,33.8126,b'N',b'W',b'\x00',b'A',0.0
1.0,4.0,55.75,0.0095,-0.0346,9.7976,0.0057,-0.0059,0.0121,-0.0029,0.0093,-0.0193,97046.8159,27.6446,0.3827,0.0,0.0,0.9239,-0.0017,26.8695,18.9663,-18.9663,1.5899,1188.8869,1188.8869,96.7301,120055.750,-113.1275,33.8126,b'N',b'W',b'\x00',b'A',0.0
1.0,4.0,55.8,0.136,0.0486,9.8085,0.0031,-0.0048,0.0033,-0.0371,0.0128,-0.0162,97045.899,27.6441,0.3827,0.0,0.0,0.9239,0.0242,26.8684,18.9663,-18.9663,1.5714,1189.1461,1189.1461,96.7262,120055.800,-113.1275,33.8126,b'N',b'W',b'\x00',b'A',0.0
1.0,4.0,55.85,-0.0434,0.2681,9.9052,-0.0549,0.0341,-0.0329,0.0135,-0.0046,-0.0087,97044.9929,27.6436,0.3827,0.0,0.0,0.9239,-0.0014,26.8673,18.9663,-18.9663,1.5529,1189.4024,1189.4024,96.7223,120055.850,-113.1275,33.8126,b'N',b'W',b'\x00',b'A',0.0
1.0,4.0,55.9,0.0422,-0.0324,9.6975,-0.0181,0.0542,0.007,-0.0113,0.019,0.0038,97044.0976,27.6431,0.3827,0.0,0.0,0.9239,-0.0028,26.8662,18.9663,-18.9663,1.5343,1189.6556,1189.6556,96.7185,120055.900,-113.1274,33.8126,b'N',b'W',b'\x00',b'A',0.0
1.0,4.0,55.95,-0.1186,0.0503,9.8127,-0.001,-0.0241,-0.0011,0.0109,-0.0016,-0.0024,97043.213,27.6426,0.3827,0.0,0.0,0.9239,-0.0042,26.8652,18.9663,-18.9663,1.5158,1189.9058,1189.9058,96.7147,120055.950,-113.1274,33.8126,b'N',b'W',b'\x00',b'A',0.0
1.0,4.0,56.0,0.054,0.1509,9.7598,-0.0071,-0.0252,0.0103,-0.0044,-0.0101,-0.0225,97042.3392,27.6421,0.3827,0.0,0.0,0.9239,-0.0097,26.8642,18.9663,-18.9663,1.4973,1190.1529,1190.1529,96.711,120056.000,-113.1274,33.8126,b'N',b'W',b'\x00',b'A',0.0
1.0,4.0,56.05,0.0004,0.1368,9.5688,0.0049,-0.0191,-0.0078,0.0048,0.004,-0.0226,97041.4762,27.6416,0.3827,0.0,0.0,0.9239,0.0069,26.8631,18.9663,-18.9663,1.4787,1190.397,1190.397,96.7073,120056.050,-113.1274,33.8126,b'N',b'W',b'\x00',b'A',0.0
1.0,4.0,56.1,-0.09,0.0014,9.6686,0.0226,-0.0021,-0.016,-0.0155,-0.0272,-0.042,97040.6239,27.6411,0.3827,0.0,0.0,0.9239,-0.0069,26.8621,18.9663,-18.9663,1.4602,1190.6381,1190.6381,96.7036,120056.100,-113.1274,33.8125,b'N',b'W',b'\x00',b'A',0.0
1.0,4.0,56.15,-0.0283,-0.286,10.0419,-0.0064,0.0179,-0.0154,0.0173,0.0047,-0.0624,97039.7824,27.6406,0.3827,0.0,0.0,0.9239,-0.0057,26.8611,18.9663,-18.9663,1.4416,1190.8761,1190.8761,96.7,120056.150,-113.1274,33.8125,b'N',b'W',b'\x00',b'A',0.0
1.0,4.0,56.2,-0.0221,0.062,9.8644,-0.0212,0.0118,-0.0108,-0.0238,-0.0308,-0.0026,97038.9516,27.6402,0.3827,0.0,0.0,0.9239,-0.0054,26.8601,18.9663,-18.9663,1.423,1191.111,1191.111,96.6964,120056.200,-113.1274,33.8125,b'N',b'W',b'\x00',b'A',0.0
1.0,4.0,56.25,-0.0324,-0.2663,9.6081,0.0065,0.0034,0.0004,0.0449,-0.0206,0.0464,97038.1316,27.6397,0.3827,0.0,0.0,0.9239,-0.0098,26.8591,18.9663,-18.9663,1.4045,1191.343,1191.343,96.6929,120056.250,-113.1274,33.8125,b'N',b'W',b'\x00',b'A',0.0
1.0,4.0,56.3,0.2126,0.1764,9.5756,-0.0065,0.0106,0.003,0.0448,-0.0404,0.0359,97037.3224,27.6393,0.3827,0.0,0.0,0.9239,-0.0175,26.8582,18.9663,-18.9663,1.3859,1191.5718,1191.5718,96.6894,120056.300,-113.1274,33.8125,b'N',b'W',b'\x00',b'A',0.0
1.0,4.0,56.35,-0.0118,0.0203,9.7898,-0.0031,-0.0138,-0.0038,0.0327,-0.0035,-0.0196,97036.524,27.6388,0.3827,0.0,0.0,0.9239,-0.0046,26.8572,18.9663,-18.9663,1.3673,1191.7976,1191.7976,96.686,120056.350,-113.1273,33.8125,b'N',b'W',b'\x00',b'A',0.0
1.0,4.0,56.4,-0.0293,0.12,10.0408,-0.0058,-0.0049,-0.0085,0.0255,0.0322,0.003,97035.7364,27.6384,0.3827,0.0,0.0,0.9239,0.0087,26.8563,18.9663,-18.9663,1.3487,1192.0204,1192.0204,96.6826,120056.400,-113.1273,33.8125,b'N',b'W',b'\x00',b'A',0.0
1.0,4.0,56.45,-0.2517,-0.1083,9.7786,0.0448,-0.0004,-0.007,-0.0017,-0.0023,-0.0293,97034.9596,27.6379,0.3827,0.0,0.0,0.9239,0.002,26.8554,18.9663,-18.9663,1.3301,1192.2401,1192.2401,96.6793,120056.450,-113.1273,33.8125,b'N',b'W',b'\x00',b'A',0.0
1.0,4.0,56.5,-0.1073,-0.1863,10.0027,-0.0448,-0.0317,0.0502,0.0233,0.0129,-0.0262,97034.1935,27.6375,0.3827,0.0,0.0,0.9239,0.0156,26.8544,18.9663,-18.9663,1.3115,1192.4568,1192.4568,96.676,120056.500,-113.1273,33.8125,b'N',b'W',b'\x00',b'A',0.0
1.0,4.0,56.55,-0.0316,0.0313,9.8594,-0.0078,-0.0232,-0.0154,-0.0019,0.047,-0.0239,97033.4383,27.6371,0.3827,0.0,0.0,0.9239,0.0075,26.8535,18.9663,-18.9663,1.2929,1192.6704,1192.6704,96.6728,120056.550,-113.1273,33.8125,b'N',b'W',b'\x00',b'A',0.0
1.0,4.0,56.6,-0.0823,-0.004,9.8773,-0.0001,-0.0224,-0.0112,-0.0311,0.0081,-0.0045,97032.6938,27.6367,0.3827,0.0,0.0,0.9239,0.0052,26.8527,18.9663,-18.9663,1.2743,1192.881,1192.881,96.6695,120056.600,-113.1273,33.8125,b'N',b'W',b'\x00',b'A',0.0
1.0,4.0,56.65,0.1658,-0.059,9.6063,-0.0156,0.0153,0.0659,0.0301,-0.0153,-0.0036,97031.9602,27.6363,0.3827,0.0,0.0,0.9239,0.0188,26.8518,18.9663,-18.9663,1.2557,1193.0885,1193.0885,96.6664,120056.650,-113.1273,33.8124,b'N',b'W',b'\x00',b'A',0.0
1.0,4.0,56.7,-0.0198,0.0102,9.9473,0.018,0.0049,0.0084,0.0226,-0.0126,0.0051,97031.2373,27.6358,0.3827,0.0,0.0,0.9239,-0.001,26.8509,18.9663,-18.9663,1.237,1193.2929,1193.2929,96.6633,120056.700,-113.1273,33.8124,b'N',b'W',b'\x00',b'A',0.0
1.0,4.0,56.75,0.1546,0.3321,9.7564,0.0163,0.0122,-0.0276,-0.0006,0.0,0.0133,97030.5253,27.6354,0.3827,0.0,0.0,0.9239,0.0006,26.8501,18.9663,-18.9663,1.2184,1193.4943,1193.4943,96.6602,120056.750,-113.1273,33.8124,b'N',b'W',b'\x00',b'A',0.0
1.0,4.0,56.8,0.0074,0.1001,9.9361,-0.001,-0.0368,0.0169,-0.0245,-0.0127,-0.0067,97029.8241,27.6351,0.3827,0.0,0.0,0.9239,-0.0001,26.8492,18.9663,-18.9663,1.1998,1193.6927,1193.6927,96.6572,120056.800,-113.1273,33.8124,b'N',b'W',b'\x00',b'A',0.0
1.0,4.0,56.85,0.0045,0.1259,9.6845,-0.0054,-0.0297,-0.0182,-0.0117,-0.0112,0.0007,97029.1337,27.6347,0.3827,0.0,0.0,0.9239,0.0154,26.8484,18.9663,-18.9663,1.1811,1193.888,1193.888,96.6542,120056.850,-113.1272,33.8124,b'N',b'W',b'\x00',b'A',0.0
1.0,4.0,56.9,-0.0107,0.1013,9.8332,-0.0022,0.0133,0.0182,-0.0364,0.0197,-0.0219,97028.4541,27.6343,0.3827,0.0,0.0,0.9239,0.0,26.8476,18.9663,-18.9663,1.1625,1194.0802,1194.0802,96.6513,120056.900,-113.1272,33.8124,b'N',b'W',b'\x00',b'A',0.0
1.0,4.0,56.95,0.0005,0.1775,9.8595,-0.0021,-0.0556,-0.0042,0.0189,0.0205,-0.0269,97027.7853,27.6339,0.3827,0.0,0.0,0.9239,-0.0065,26.8468,18.9663,-18.9663,1.1439,1194.2694,1194.2694,96.6484,120056.950,-113.1272,33.8124,b'N',b'W',b'\x00',b'A',0.0
1.0,4.0,57.0,0.2063,-0.0228,9.7835,-0.0016,0.0245,-0.0088,-0.0321,-0.0329,-0.03,97027.1273,27.6335,0.3827,0.0,0.0,0.9239,0.0059,26.846,18.9663,-18.9663,1.1252,1194.4555,1194.4555,96.6456,120057.000,-113.1272,33.8124,b'N',b'W',b'\x00',b'A',0.0
1.0,4.0,57.05,-0.2784,-0.2466,9.8673,-0.0038,-0.0365,0.0322,0.0057,-0.0164,0.013,97026.4802,27.6332,0.3827,0.0,0.0,0.9239,-0.0082,26.8452,18.9663,-18.9663,1.1065,1194.6385,1194.6385,96.6428,120057.050,-113.1272,33.8124,b'N',b'W',b'\x00',b'A',0.0
1.0,4.0,57.1,-0.2402,-0.0226,9.7667,0.005,0.0169,0.0113,-0.0169,-0.0093,-0.0068,97025.8439,27.6328,0.3827,0.0,0.0,0.9239,0.0053,26.8445,18.9663,-18.9663,1.0879,1194.8185,1194.8185,96.64,120057.100,-113.1272,33.8124,b'N',b'W',b'\x00',b'A',0.0
1.0,4.0,57.15,-0.0652,0.0974,9.7093,0.0151,-0.0178,0.0195,-0.0285,0.012,-0.0374,97025.2184,27.6325,0.3827,0.0,0.0,0.9239,0.0041,26.8437,18.9663,-18.9663,1.0692,1194.9954,1194.9954,96.6373,120057.150,-113.1272,33.8124,b'N',b'W',b'\x00',b'A',0.0
1.0,4.0,57.2,0.0017,-0.1164,10.0475,-0.0246,0.021,0.0087,0.0048,0.0229,-0.0013,97024.6037,27.6321,0.3827,0.0,0.0,0.9239,-0.0019,26.843,18.9663,-18.9663,1.0505,1195.1693,1195.1693,96.6347,120057.200,-113.1272,33.8124,b'N',b'W',b'\x00',b'A',0.0
1.0,4.0,57.25,0.0828,-0.0212,9.964,-0.021,0.0642,-0.0089,-0.0067,0.054,-0.025,97023.9999,27.6318,0.3827,0.0,0.0,0.9239,0.0057,26.8422,18.9663,-18.9663,1.0319,1195.3401,1195.3401,96.6321,120057.250,-113.1272,33.8123,b'N',b'W',b'\x00',b'A',0.0
1.0,4.0,57.3,0.0568,-0.083,9.6925,-0.035,-0.0455,0.0122,0.0168,-0.0093,0.0332,97023.4069,27.6315,0.3827,0.0,0.0,0.9239,-0.0149,26.8415,18.9663,-18.9663,1.0132,1195.5078,1195.5078,96.6295,120057.300,-113.1272,33.8123,b'N',b'W',b'\x00',b'A',0.0
1.0,4.0,57.35,-0.0461,0.1802,9.8919,0.0173,0.0139,0.0242,-0.0254,-0.0083,-0.0116,97022.8248,27.6311,0.3827,0.0,0.0,0.9239,0.0016,26.8408,18.9663,-18.9663,0.9945,1195.6725,1195.6725,96.627,120057.350,-113.1271,33.8123,b'N',b'W',b'\x00',b'A',0.0
1.0,4.0,57.4,0.1223,0.0899,9.6952,0.005,-0.0362,0.0027,-0.0151,0.0118,0.0136,97022.2535,27.6308,0.3827,0.0,0.0,0.9239,-0.0046,26.8401,18.9663,-18.9663,0.9758,1195.8341,1195.8341,96.6245,120057.400,-113.1271,33.8123,b'N',b'W',b'\x00',b'A',0.0
1.0,4.0,57.45,0.1236,0.0782,9.6289,0.0101,0.0085,0.036,-0.0478,-0.0136,0.0218,97021.693,27.6305,0.3827,0.0,0.0,0.9239,0.0286,26.8395,18.9663,-18.9663,0.9571,1195.9927,1195.9927,96.6221,120057.450,-113.1271,33.8123,b'N',b'W',b'\x00',b'A',0.0
1.0,4.0,57.5,0.0221,0.0746,9.9617,-0.0286,-0.0041,0.017,-0.0437,-0.0028,-0.0191,97021.1434,27.6302,0.3827,0.0,0.0,0.9239,0.0016,26.8388,18.9663,-18.9663,0.9384,1196.1481,1196.1481,96.6197,120057.500,-113.1271,33.8123,b'N',b'W',b'\x00',b'A',0.0
1.0,4.0,57.55,0.1155,-0.0045,9.551,0.0357,0.0026,0.0042,0.036,-0.0083,0.0015,97020.6046,27.6299,0.3827,0.0,0.0,0.9239,-0.006,26.8382,18.9663,-18.9663,0.9197,1196.3005,1196.3005,96.6174,120057.550,-113.1271,33.8123,b'N',b'W',b'\x00',b'A',0.0
1.0,4.0,57.6,0.0327,0.0237,9.9457,-0.0122,-0.0182,0.005,0.0417,-0.0524,0.0111,97020.0767,27.6296,0.3827,0.0,0.0,0.9239,-0.0138,26.8375,18.9663,-18.9663,0.901,1196.4499,1196.4499,96.6151,120057.600,-113.1271,33.8123,b'N',b'W',b'\x00',b'A',0.0
1.0,4.0,57.65,-0.0674,-0.1422,9.7687,0.0034,0.0156,0.0027,0.0019,0.0025,0.0023,97019.5597,27.6293,0.3827,0.0,0.0,0.9239,0.0131,26.8369,18.9663,-18.9663,0.8823,1196.5961,1196.5961,96.6129,120057.650,-113.1271,33.8123,b'N',b'W',b'\x00',b'A',0.0
1.0,4.0,57.7,0.0837,-0.2624,9.7749,0.0171,-0.029,-0.025,-0.0165,-0.0036,0.0072,97019.0534,27.629,0.3827,0.0,0.0,0.9239,-0.0035,26.8363,18.9663,-18.9663,0.8636,1196.7393,1196.7393,96.6107,120057.700,-113.1271,33.8123,b'N',b'W',b'\x00',b'A',0.0
1.0,4.0,57.75,0.0133,0.018,9.8681,-0.0197,0.0248,-0.0018,-0.006,0.0254,-0.0266,97018.5581,27.6287,0.3827,0.0,0.0,0.9239,-0.0079,26.8357,18.9663,-18.9663,0.8448,1196.8795,1196.8795,96.6085,120057.750,-113.1271,33.8123,b'N',b'W',b'\x00',b'A',0.0
1.0,4.0,57.8,0.0002,0.0389,9.8938,-0.0109,-0.0082,0.0044,0.0175,0.0001,0.0111,97018.0736,27.6285,0.3827,0.0,0.0,0.9239,0.0034,26.8351,18.9663,-18.9663,0.8261,1197.0165,1197.0165,96.6064,120057.800,-113.1271,33.8123,b'N',b'W',b'\x00',b'A',0.0
1.0,4.0,57.85,0.1768,0.1451,9.6827,0.0036,-0.0281,-0.0083,-0.0103,-0.0251,-0.0097,97017.5999,27.6282,0.3827,0.0,0.0,0.9239,0.0065,26.8345,18.9663,-18.9663,0.8074,1197.1505,1197.1505,96.6044,120057.850,-113.127,33.8122,b'N',b'W',b'\x00',b'A',0.0
1.0,4.0,57.9,-0.2941,0.1886,9.9143,0.0571,0.0319,0.0068,0.0048,-0.0052,0.007,97017.1372,27.6279,0.3827,0.0,0.0,0.9239,0.0063,26.834,18.9663,-18.9663,0.7887,1197.2814,1197.2814,96.6024,120057.900,-113.127,33.8122,b'N',b'W',b'\x00',b'A',0.0
1.0,4.0,57.95,-0.1701,0.1884,9.8237,0.006,-0.0013,0.0004,-0.0003,-0.0418,0.0184,97016.6853,27.6277,0.3827,0.0,0.0,0.9239,0.0002,26.8334,18.9663,-18.9663,0.7699,1197.4092,1197.4092,96.6004,120057.950,-113.127,33.8122,b'N',b'W',b'\x00',b'A',0.0
1.0,4.0,58.0,-0.1424,-0.1198,9.6182,0.0321,0.0382,0.0155,-0.0114,-0.0242,0.0134,97016.2442,27.6274,0.3827,0.0,0.0,0.9239,0.0016,26.8329,18.9663,-18.9663,0.7512,1197.534,1197.534,96.5985,120058.000,-113.127,33.8122,b'N',b'W',b'\x00',b'A',0.0
1.0,4.0,58.05,-0.0436,-0.0423,9.7812,0.0241,0.0244,0.0133,-0.0105,0.0127,0.007,97015.814,27.6272,0.3827,0.0,0.0,0.9239,0.0023,26.8324,18.9663,-18.9663,0.7325,1197.6557,1197.6557,96.5966,120058.050,-113.127,33.8122,b'N',b'W',b'\x00',b'A',0.0
1.0,4.0,58.1,-0.0306,0.0576,10.0138,0.0074,-0.016,0.0033,0.0059,-0.0049,0.0128,97015.3947,27.627,0.3827,0.0,0.0,0.9239,0.0034,26.8319,18.9663,-18.9663,0.7137,1197.7743,1197.7743,96.5948,120058.100,-113.127,33.8122,b'N',b'W',b'\x00',b'A',0.0
1.0,4.0,58.15,-0.1809,0.3038,10.0581,-0.0198,-0.0017,-0.0273,-0.0195,0.0185,0.0138,97014.9863,27.6267,0.3827,0.0,0.0,0.9239,0.0042,26.8314,18.9663,-18.9663,0.695,1197.8899,1197.8899,96.593,120058.150,-113.127,33.8122,b'N',b'W',b'\x00',b'A',0.0
1.0,4.0,58.2,-0.1182,0.1776,9.9143,0.0212,0.0024,0.0358,0.009,-0.0393,0.0299,97014.5887,27.6265,0.3827,0.0,0.0,0.9239,0.0109,26.8309,18.9663,-18.9663,0.6762,1198.0023,1198.0023,96.5913,120058.200,-113.127,33.8122,b'N',b'W',b'\x00',b'A',0.0
1.0,4.0,58.25,-0.1033,0.1343,9.6281,-0.03,0.0305,-0.0028,-0.0094,-0.0048,-0.0007,97014.202,27.6263,0.3827,0.0,0.0,0.9239,0.0006,26.8305,18.9663,-18.9663,0.6575,1198.1117,1198.1117,96.5896,120058.250,-113.127,33.8122,b'N',b'W',b'\x00',b'A',0.0
1.0,4.0,58.3,0.2949,-0.0465,9.8802,0.032,0.0088,-0.0016,0.0025,-0.0095,0.0033,97013.8262,27.6261,0.3827,0.0,0.0,0.9239,-0.0082,26.83,18.9663,-18.9663,0.6387,1198.218,1198.218,96.588,120058.300,-113.1269,33.8122,b'N',b'W',b'\x00',b'A',0.0
1.0,4.0,58.35,0.2162,-0.106,9.9343,0.004,0.0035,-0.0069,0.0277,0.0191,0.0186,97013.4612,27.6259,0.3827,0.0,0.0,0.9239,-0.0014,26.8296,18.9663,-18.9663,0.62,1198.3213,1198.3213,96.5864,120058.350,-113.1269,33.8122,b'N',b'W',b'\x00',b'A',0.0
1.0,4.0,58.4,-0.0494,0.0947,9.9155,-0.053,-0.004,-0.0098,-0.0034,0.0135,-0.0098,97013.1072,27.6257,0.3827,0.0,0.0,0.9239,0.0075,26.8291,18.9663,-18.9663,0.6012,1198.4214,1198.4214,96.5849,120058.400,-113.1269,33.8121,b'N',b'W',b'\x00',b'A',0.0
1.0,4.0,58.45,-0.0436,-0.1321,9.9244,-0.0068,-0.001,0.0309,0.0184,0.0128,-0.0267,97012.764,27.6255,0.3827,0.0,0.0,0.9239,-0.0179,26.8287,18.9663,-18.9663,0.5824,1198.5185,1198.5185,96.5834,120058.450,-113.1269,33.8121,b'N',b'W',b'\x00',b'A',0.0
1.0,4.0,58.5,-0.1379,-0.0286,9.8611,0.0131,0.0261,0.0277,-0.0358,0.0308,0.0099,97012.4317,27.6253,0.3827,0.0,0.0,0.9239,-0.0178,26.8283,18.9663,-18.9663,0.5637,1198.6125,1198.6125,96.582,120058.500,-113.1269,33.8121,b'N',b'W',b'\x00',b'A',0.0
1.0,4.0,58.55,-0.229,-0.0138,9.7958,-0.0047,0.0001,0.0089,-0.0094,-0.0074,-0.0041,97012.1102,27.6251,0.3827,0.0,0.0,0.9239,0.0092,26.8279,18.9663,-18.9663,0.5449,1198.7035,1198.7035,96.5806,120058.550,-113.1269,33.8121,b'N',b'W',b'\x00',b'A',0.0
1.0,4.0,58.6,-0.014,0.1911,9.7154,0.0143,-0.0079,-0.0022,0.0006,0.0267,-0.0242,97011.7997,27.625,0.3827,0.0,0.0,0.9239,0.0152,26.8276,18.9663,-18.9663,0.5261,1198.7913,1198.7913,96.5792,120058.600,-113.1269,33.8121,b'N',b'W',b'\x00',b'A',0.0
1.0,4.0,58.65,-0.1197,-0.0426,9.522,-0.017,-0.0113,0.0124,0.0385,-0.0209,0.01,97011.5001,27.6248,0.3827,0.0,0.0,0.9239,-0.0127,26.8272,18.9663,-18.9663,0.5074,1198.8761,1198.8761,96.5779,120058.650,-113.1269,33.8121,b'N',b'W',b'\x00',b'A',0.0
1.0,4.0,58.7,-0.0102,-0.2927,9.8576,-0.0261,-0.0111,0.0015,-0.0392,-0.0216,0.0286,97011.2113,27.6246,0.3827,0.0,0.0,0.9239,0.001,26.8268,18.9663,-18.9663,0.4886,1198.9578,1198.9578,96.5767,120058.700,-113.1269,33.8121,b'N',b'W',b'\x00',b'A',0.0
1.0,4.0,58.75,-0.192,0.0605,9.8346,-0.0014,-0.028,-0.0038,-0.0019,0.0151,-0.0326,97010.9334,27.6245,0.3827,0.0,0.0,0.9239,-0.004,26.8265,18.9663,-18.9663,0.4698,1199.0364,1199.0364,96.5755,120058.750,-113.1269,33.8121,b'N',b'W',b'\x00',b'A',0.0
1.0,4.0,58.8,-0.0914,-0.0839,9.8903,0.0006,-0.015,0.0068,0.0291,-0.0301,0.0204,97010.6664,27.6243,0.3827,0.0,0.0,0.9239,-0.0026,26.8262,18.9663,-18.9663,0.4511,1199.1119,1199.1119,96.5743,120058.800,-113.1268,33.8121,b'N',b'W',b'\x00',b'A',0.0
1.0,4.0,58.85,0.0178,0.0051,9.606,-0.007,0.03,-0.0088,-0.0157,0.0115,-0.0507,97010.4103,27.6242,0.3827,0.0,0.0,0.9239,0.0031,26.8259,18.9663,-18.9663,0.4323,1199.1844,1199.1844,96.5732,120058.850,-113.1268,33.8121,b'N',b'W',b'\x00',b'A',0.0
1.0,4.0,58.9,0.0439,-0.0104,9.9034,0.0245,-0.0041,0.005,-0.0043,0.002,-0.008,97010.1651,27.624,0.3827,0.0,0.0,0.9239,-0.0129,26.8256,18.9663,-18.9663,0.4135,1199.2537,1199.2537,96.5721,120058.900,-113.1268,33.8121,b'N',b'W',b'\x00',b'A',0.0
1.0,4.0,58.95,0.0501,-0.0328,10.1148,-0.017,0.0141,0.0041,0.0066,0.0214,0.0368,97009.9308,27.6239,0.3827,0.0,0.0,0.9239,-0.0111,26.8253,18.9663,-18.9663,0.3947,1199.32,1199.32,96.5711,120058.950,-113.1268,33.8121,b'N',b'W',b'\x00',b'A',0.0
1.0,4.0,59.0,-0.1585,0.0948,9.8184,0.0063,-0.0496,0.0121,0.0037,-0.0012,-0.0066,97009.7073,27.6238,0.3827,0.0,0.0,0.9239,-0.003,26.825,18.9663,-18.9663,0.3759,1199.3832,1199.3832,96.5701,120059.000,-113.1268,33.812,b'N',b'W',b'\x00',b'A',0.0
1.0,4.0,59.05,0.1026,-0.1839,9.7974,0.0014,0.0114,-0.0124,0.0313,0.0011,0.0018,97009.4948,27.6237,0.3827,0.0,0.0,0.9239,-0.0015,26.8248,18.9663,-18.9663,0.3571,1199.4434,1199.4434,96.5692,120059.050,-113.1268,33.812,b'N',b'W',b'\x00',b'A',0.0
1.0,4.0,59.1,-0.096,-0.062,9.853,-0.0311,-0.0032,0.0142,0.009,0.0102,0.0153,97009.2932,27.6235,0.3827,0.0,0.0,0.9239,-0.0113,26.8245,18.9663,-18.9663,0.3384,1199.5004,1199.5004,96.5683,120059.100,-113.1268,33.812,b'N',b'W',b'\x00',b'A',0.0
1.0,4.0,59.15,0.0759,0.0821,10.1115,-0.0264,-0.0096,-0.0181,0.0266,-0.0133,-0.0343,97009.1024,27.6234,0.3827,0.0,0.0,0.9239,0.0079,26.8243,18.9663,-18.9663,0.3196,1199.5544,1199.5544,96.5675,120059.150,-113.1268,33.812,b'N',b'W',b'\x00',b'A',0.0
1.0,4.0,59.2,-0.0013,-0.0737,9.6531,0.0002,0.0036,-0.0115,-0.0072,-0.0141,0.0014,97008.9226,27.6233,0.3827,0.0,0.0,0.9239,-0.0042,26.8241,18.9663,-18.9663,0.3008,1199.6053,1199.6053,96.5667,120059.200,-113.1268,33.812,b'N',b'W',b'\x00',b'A',0.0
1.0,4.0,59.25,-0.1652,-0.1931,9.8371,0.0396,-0.0099,-0.0106,-0.0148,0.0095,0.0013,97008.7536,27.6232,0.3827,0.0,0.0,0.9239,-0.0042,26.8239,18.9663,-18.9663,0.282,1199.653,1199.653,96.566,120059.250,-113.1268,33.812,b'N',b'W',b'\x00',b'A',0.0
1.0,4.0,59.3,-0.0379,0.0802,9.6867,0.0116,-0.0425,-0.0214,-0.0045,-0.0006,0.0372,97008.5956,27.6232,0.3827,0.0,0.0,0.9239,0.0028,26.8237,18.9663,-18.9663,0.2632,1199.6978,1199.6978,96.5653,120059.300,-113.1267,33.812,b'N',b'W',b'\x00',b'A',0.0
1.0,4.0,59.35,0.0438,0.1348,9.7246,-0.0345,0.0184,0.0203,-0.0232,-0.0081,-0.0247,97008.4484,27.6231,0.3827,0.0,0.0,0.9239,-0.0013,26.8235,18.9663,-18.9663,0.2444,1199.7394,1199.7394,96.5646,120059.350,-113.1267,33.812,b'N',b'W',b'\x00',b'A',0.0
1.0,4.0,59.4,0.0736,-0.0054,9.7992,-0.0622,0.0049,-0.0194,0.0097,-0.0017,-0.0076,97008.3121,27.623,0.3827,0.0,0.0,0.9239,0.0084,26.8233,18.9663,-18.9663,0.2256,1199.7779,1199.7779,96.5641,120059.400,-113.1267,33.812,b'N',b'W',b'\x00',b'A',0.0
1.0,4.0,59.45,-0.0169,-0.2353,10.0087,0.0147,-0.0063,-0.014,-0.0077,0.0319,-0.0186,97008.1868,27.6229,0.3827,0.0,0.0,0.9239,-0.0093,26.8232,18.9663,-18.9663,0.2068,1199.8134,1199.8134,96.5635,120059.450,-113.1267,33.812,b'N',b'W',b'\x00',b'A',0.0
1.0,4.0,59.5,0.1838,0.0847,10.0768,-0.0019,-0.0193,0.0251,-0.0134,-0.0089,-0.0207,97008.0723,27.6229,0.3827,0.0,0.0,0.9239,-0.014,26.8231,18.9663,-18.9663,0.188,1199.8458,1199.8458,96.563,120059.500,-113.1267,33.812,b'N',b'W',b'\x00',b'A',0.0
1.0,4.0,59.55,0.1209,-0.1992,9.8739,0.0228,-0.0294,-0.0114,0.01,-0.0094,0.0225,97007.9687,27.6228,0.3827,0.0,0.0,0.9239,-0.0031,26.8229,18.9663,-18.9663,0.1692,1199.8751,1199.8751,96.5626,120059.550,-113.1267,33.812,b'N',b'W',b'\x00',b'A',0.0
1.0,4.0,59.6,-0.0308,0.0371,9.7502,-0.0176,0.0045,-0.0038,-0.0229,-0.0341,0.0005,97007.8761,27.6228,0.3827,0.0,0.0,0.9239,0.0006,26.8228,18.9663,-18.9663,0.1504,1199.9013,1199.9013,96.5622,120059.600,-113.1267,33.8119,b'N',b'W',b'\x00',b'A',0.0
1.0,4.0,59.65,0.09,-0.1065,10.1806,0.007,0.0323,-0.0202,0.0154,-0.0008,-0.0111,97007.7943,27.6227,0.3827,0.0,0.0,0.9239,-0.0124,26.8227,18.9663,-18.9663,0.1316,1199.9244,1199.9244,96.5618,120059.650,-113.1267,33.8119,b'N',b'W',b'\x00',b'A',0.0
1.0,4.0,59.7,0.2321,-0.1392,9.7425,0.0169,0.0041,0.0167,-0.0096,0.0131,-0.0104,97007.7235,27.6227,0.3827,0.0,0.0,0.9239,-0.0139,26.8226,18.9663,-18.9663,0.1128,1199.9445,1199.9445,96.5615,120059.700,-113.1267,33.8119,b'N',b'W',b'\x00',b'A',0.0
1.0,4.0,59.75,0.2353,-0.053,9.721,-0.0089,-0.0277,0.0169,0.0232,0.0167,-0.0113,97007.6635,27.6226,0.3827,0.0,0.0,0.9239,0.0018,26.8226,18.9663,-18.9663,0.094,1199.9614,1199.9614,96.5612,120059.750,-113.1267,33.8119,b'N',b'W',b'\x00',b'A',0.0
1.0,4.0,59.8,-0.1474,-0.022,9.5404,-0.0085,0.0045,0.0148,-0.0079,0.0022,-0.0095,97007.6144,27.6226,0.3827,0.0,0.0,0.9239,-0.0076,26.8225,18.9663,-18.9663,0.0752,1199.9753,1199.9753,96.561,120059.800,-113.1266,33.8119,b'N',b'W',b'\x00',b'A',0.0
1.0,4.0,59.85,-0.1112,-0.0773,10.0161,0.0005,-0.0011,0.0108,0.0126,0.0191,-0.0253,97007.5763,27.6226,0.3827,0.0,0.0,0.9239,-0.0145,26.8225,18.9663,-18.9663,0.0564,1199.9861,1199.9861,96.5609,120059.850,-113.1266,33.8119,b'N',b'W',b'\x00',b'A',0.0
1.0,4.0,59.9,0.1782,0.0706,9.9519,0.0109,0.0173,0.0015,0.0036,0.0146,-0.0052,97007.549,27.6226,0.3827,0.0,0.0,0.9239,0.0097,26.8224,18.9663,-18.9663,0.0376,1199.9938,1199.9938,96.5607,120059.900,-113.1266,33.8119,b'N',b'W',b'\x00',b'A',0.0
1.0,4.0,59.95,-0.127,-0.0535,10.1693,-0.0003,0.0121,-0.0105,0.0149,0.0223,-0.0072,97007.5327,27.6226,0.3827,0.0,0.0,0.9239,-0.0063,26.8224,18.9663,-18.9663,0.0188,1199.9985,1199.9985,96.5607,120059.950,-113.1266,33.8119,b'N',b'W',b'\x00',b'A',0.0
1.0,5.0,60.0,-0.1587,0.1176,9.5982,0.0195,-0.0597,-0.0163,0.0022,0.0197,-0.0152,97007.5272,27.6226,0.3827,0.0,0.0,0.9239,0.0115,26.8224,18.9663,-18.9663,0.0094,1200.0,1200.0,96.5606,120100.000,-113.1266,33.8119,b'N',b'W',b'\x00',b'A',0.0
